solid 
 facet normal  9.927354e-01  1.068143e-01 -5.538083e-02
   outer loop
     vertex  5.355383e-01  1.165583e-01  2.122649e+00
     vertex  5.497865e-01 -1.346589e-16  2.153248e+00
     vertex  5.480795e-01  0.000000e+00  2.122649e+00
   endloop
 endfacet
 facet normal  9.926113e-01  1.213378e-01  0.000000e+00
   outer loop
     vertex  5.355383e-01  1.165583e-01  2.214494e+00
     vertex  5.497865e-01 -1.346589e-16  2.183895e+00
     vertex  5.497865e-01 -1.346589e-16  2.153248e+00
   endloop
 endfacet
 facet normal  9.927354e-01  1.068143e-01  5.538083e-02
   outer loop
     vertex  5.355383e-01  1.165583e-01  2.214494e+00
     vertex  5.480795e-01  0.000000e+00  2.214494e+00
     vertex  5.497865e-01 -1.346589e-16  2.183895e+00
   endloop
 endfacet
 facet normal  9.926113e-01  1.213378e-01 -7.384623e-15
   outer loop
     vertex  5.355383e-01  1.165583e-01  2.214494e+00
     vertex  5.497865e-01 -1.346589e-16  2.153248e+00
     vertex  5.355383e-01  1.165583e-01  2.122649e+00
   endloop
 endfacet
 facet normal  9.485675e-01  3.165750e-01 -1.495292e-14
   outer loop
     vertex  4.981884e-01  2.284714e-01  2.214494e+00
     vertex  5.355383e-01  1.165583e-01  2.122649e+00
     vertex  4.981884e-01  2.284714e-01  2.122649e+00
   endloop
 endfacet
 facet normal  9.485675e-01  3.165750e-01  6.483633e-15
   outer loop
     vertex  4.981884e-01  2.284714e-01  2.214494e+00
     vertex  5.355383e-01  1.165583e-01  2.214494e+00
     vertex  5.355383e-01  1.165583e-01  2.122649e+00
   endloop
 endfacet
 facet normal  8.586122e-01  5.126257e-01 -2.212519e-14
   outer loop
     vertex  4.374670e-01  3.301756e-01  2.214494e+00
     vertex  4.981884e-01  2.284714e-01  2.122649e+00
     vertex  4.374670e-01  3.301756e-01  2.122649e+00
   endloop
 endfacet
 facet normal  8.586122e-01  5.126257e-01  1.514810e-14
   outer loop
     vertex  4.374670e-01  3.301756e-01  2.214494e+00
     vertex  4.981884e-01  2.284714e-01  2.214494e+00
     vertex  4.981884e-01  2.284714e-01  2.122649e+00
   endloop
 endfacet
 facet normal  7.282399e-01  6.853223e-01 -3.004873e-14
   outer loop
     vertex  3.561151e-01  4.166220e-01  2.214494e+00
     vertex  4.374670e-01  3.301756e-01  2.122649e+00
     vertex  3.561151e-01  4.166220e-01  2.122649e+00
   endloop
 endfacet
 facet normal  7.282399e-01  6.853223e-01  2.394638e-14
   outer loop
     vertex  3.561151e-01  4.166220e-01  2.214494e+00
     vertex  4.374670e-01  3.301756e-01  2.214494e+00
     vertex  4.374670e-01  3.301756e-01  2.122649e+00
   endloop
 endfacet
 facet normal  5.635311e-01  8.260948e-01 -4.051042e-14
   outer loop
     vertex  2.579750e-01  4.835695e-01  2.214494e+00
     vertex  3.561151e-01  4.166220e-01  2.122649e+00
     vertex  2.579750e-01  4.835695e-01  2.122649e+00
   endloop
 endfacet
 facet normal  5.635311e-01  8.260948e-01  3.211522e-14
   outer loop
     vertex  2.579750e-01  4.835695e-01  2.214494e+00
     vertex  3.561151e-01  4.166220e-01  2.214494e+00
     vertex  3.561151e-01  4.166220e-01  2.122649e+00
   endloop
 endfacet
 facet normal  3.723020e-01  9.281116e-01 -5.025484e-14
   outer loop
     vertex  1.477238e-01  5.277956e-01  2.214494e+00
     vertex  2.579750e-01  4.835695e-01  2.122649e+00
     vertex  1.477238e-01  5.277956e-01  2.122649e+00
   endloop
 endfacet
 facet normal  3.723020e-01  9.281116e-01  3.720566e-14
   outer loop
     vertex  1.477238e-01  5.277956e-01  2.214494e+00
     vertex  2.579750e-01  4.835695e-01  2.214494e+00
     vertex  2.579750e-01  4.835695e-01  2.122649e+00
   endloop
 endfacet
 facet normal  1.636388e-01  9.865203e-01 -6.042141e-14
   outer loop
     vertex  3.059511e-02  5.472243e-01  2.214494e+00
     vertex  1.477238e-01  5.277956e-01  2.122649e+00
     vertex  3.059511e-02  5.472243e-01  2.122649e+00
   endloop
 endfacet
 facet normal  1.636388e-01  9.865203e-01  4.366779e-14
   outer loop
     vertex  3.059511e-02  5.472243e-01  2.214494e+00
     vertex  1.477238e-01  5.277956e-01  2.214494e+00
     vertex  1.477238e-01  5.277956e-01  2.122649e+00
   endloop
 endfacet
 facet normal -5.258159e-02  9.986166e-01  4.963598e-14
   outer loop
     vertex -8.789222e-02  5.409854e-01  2.214494e+00
     vertex  3.059511e-02  5.472243e-01  2.214494e+00
     vertex  3.059511e-02  5.472243e-01  2.122649e+00
   endloop
 endfacet
 facet normal -5.258159e-02  9.986166e-01 -6.650631e-14
   outer loop
     vertex -8.789222e-02  5.409854e-01  2.214494e+00
     vertex  3.059511e-02  5.472243e-01  2.122649e+00
     vertex -8.789222e-02  5.409854e-01  2.122649e+00
   endloop
 endfacet
 facet normal -2.661968e-01  9.639187e-01  5.901414e-14
   outer loop
     vertex -2.021929e-01  5.094200e-01  2.214494e+00
     vertex -8.789222e-02  5.409854e-01  2.214494e+00
     vertex -8.789222e-02  5.409854e-01  2.122649e+00
   endloop
 endfacet
 facet normal -2.661968e-01  9.639187e-01 -7.138244e-14
   outer loop
     vertex -2.021929e-01  5.094200e-01  2.214494e+00
     vertex -8.789222e-02  5.409854e-01  2.122649e+00
     vertex -2.021929e-01  5.094200e-01  2.122649e+00
   endloop
 endfacet
 facet normal -4.672378e-01  8.841317e-01  7.091488e-14
   outer loop
     vertex -3.069819e-01  4.540421e-01  2.214494e+00
     vertex -2.021929e-01  5.094200e-01  2.214494e+00
     vertex -2.021929e-01  5.094200e-01  2.122649e+00
   endloop
 endfacet
 facet normal -4.672378e-01  8.841317e-01 -7.936970e-14
   outer loop
     vertex -3.069819e-01  4.540421e-01  2.214494e+00
     vertex -2.021929e-01  5.094200e-01  2.122649e+00
     vertex -3.069819e-01  4.540421e-01  2.122649e+00
   endloop
 endfacet
 facet normal -6.463590e-01  7.630334e-01  7.843068e-14
   outer loop
     vertex -3.973882e-01  3.774597e-01  2.214494e+00
     vertex -3.069819e-01  4.540421e-01  2.214494e+00
     vertex -3.069819e-01  4.540421e-01  2.122649e+00
   endloop
 endfacet
 facet normal -6.463590e-01  7.630334e-01 -8.336205e-14
   outer loop
     vertex -3.973882e-01  3.774597e-01  2.214494e+00
     vertex -3.069819e-01  4.540421e-01  2.122649e+00
     vertex -3.973882e-01  3.774597e-01  2.122649e+00
   endloop
 endfacet
 facet normal -7.952353e-01  6.063009e-01  8.936725e-14
   outer loop
     vertex -4.692109e-01  2.832557e-01  2.214494e+00
     vertex -3.973882e-01  3.774597e-01  2.214494e+00
     vertex -3.973882e-01  3.774597e-01  2.122649e+00
   endloop
 endfacet
 facet normal -7.952353e-01  6.063009e-01 -8.576385e-14
   outer loop
     vertex -4.692109e-01  2.832557e-01  2.214494e+00
     vertex -3.973882e-01  3.774597e-01  2.122649e+00
     vertex -4.692109e-01  2.832557e-01  2.122649e+00
   endloop
 endfacet
 facet normal -9.069382e-01  4.212637e-01  1.019714e-13
   outer loop
     vertex -5.191099e-01  1.758281e-01  2.214494e+00
     vertex -4.692109e-01  2.832557e-01  2.214494e+00
     vertex -4.692109e-01  2.832557e-01  2.122649e+00
   endloop
 endfacet
 facet normal -9.069382e-01  4.212637e-01 -8.442326e-14
   outer loop
     vertex -5.191099e-01  1.758281e-01  2.214494e+00
     vertex -4.692109e-01  2.832557e-01  2.122649e+00
     vertex -5.191099e-01  1.758281e-01  2.122649e+00
   endloop
 endfacet
 facet normal -9.762673e-01  2.165692e-01  1.187166e-13
   outer loop
     vertex -5.447622e-01  6.019073e-02  2.214494e+00
     vertex -5.191099e-01  1.758281e-01  2.214494e+00
     vertex -5.191099e-01  1.758281e-01  2.122649e+00
   endloop
 endfacet
 facet normal -9.762673e-01  2.165692e-01 -8.405935e-14
   outer loop
     vertex -5.447622e-01  6.019073e-02  2.214494e+00
     vertex -5.191099e-01  1.758281e-01  2.122649e+00
     vertex -5.447622e-01  6.019073e-02  2.122649e+00
   endloop
 endfacet
 facet normal -9.999984e-01  1.773952e-03  1.276193e-13
   outer loop
     vertex -5.449724e-01 -5.825744e-02  2.214494e+00
     vertex -5.447622e-01  6.019073e-02  2.214494e+00
     vertex -5.447622e-01  6.019073e-02  2.122649e+00
   endloop
 endfacet
 facet normal -9.999984e-01  1.773952e-03 -1.021450e-13
   outer loop
     vertex -5.449724e-01 -5.825744e-02  2.214494e+00
     vertex -5.447622e-01  6.019073e-02  2.122649e+00
     vertex -5.449724e-01 -5.825744e-02  2.122649e+00
   endloop
 endfacet
 facet normal -9.770295e-01 -2.131040e-01  1.199125e-13
   outer loop
     vertex -5.197305e-01 -1.739851e-01  2.122649e+00
     vertex -5.449724e-01 -5.825744e-02  2.214494e+00
     vertex -5.449724e-01 -5.825744e-02  2.122649e+00
   endloop
 endfacet
 facet normal -9.770295e-01 -2.131040e-01 -9.656714e-14
   outer loop
     vertex -5.197305e-01 -1.739851e-01  2.214494e+00
     vertex -5.449724e-01 -5.825744e-02  2.214494e+00
     vertex -5.197305e-01 -1.739851e-01  2.122649e+00
   endloop
 endfacet
 facet normal -9.084273e-01 -4.180429e-01  1.286005e-13
   outer loop
     vertex -4.702130e-01 -2.815890e-01  2.214494e+00
     vertex -5.197305e-01 -1.739851e-01  2.214494e+00
     vertex -5.197305e-01 -1.739851e-01  2.122649e+00
   endloop
 endfacet
 facet normal -9.084273e-01 -4.180429e-01 -1.711355e-13
   outer loop
     vertex -4.702130e-01 -2.815890e-01  2.214494e+00
     vertex -5.197305e-01 -1.739851e-01  2.122649e+00
     vertex -4.702130e-01 -2.815890e-01  2.122649e+00
   endloop
 endfacet
 facet normal -7.973819e-01 -6.034750e-01  4.432497e-14
   outer loop
     vertex -3.987252e-01 -3.760471e-01  2.214494e+00
     vertex -4.702130e-01 -2.815890e-01  2.214494e+00
     vertex -4.702130e-01 -2.815890e-01  2.122649e+00
   endloop
 endfacet
 facet normal -7.973819e-01 -6.034750e-01 -2.639933e-13
   outer loop
     vertex -3.987252e-01 -3.760471e-01  2.214494e+00
     vertex -4.702130e-01 -2.815890e-01  2.122649e+00
     vertex -3.987252e-01 -3.760471e-01  2.122649e+00
   endloop
 endfacet
 facet normal -6.490632e-01 -7.607345e-01 -4.830202e-14
   outer loop
     vertex -3.085917e-01 -4.529496e-01  2.214494e+00
     vertex -3.987252e-01 -3.760471e-01  2.214494e+00
     vertex -3.987252e-01 -3.760471e-01  2.122649e+00
   endloop
 endfacet
 facet normal -6.490632e-01 -7.607345e-01 -4.489618e-13
   outer loop
     vertex -3.085917e-01 -4.529496e-01  2.214494e+00
     vertex -3.987252e-01 -3.760471e-01  2.122649e+00
     vertex -3.085917e-01 -4.529496e-01  2.122649e+00
   endloop
 endfacet
 facet normal -4.703739e-01 -8.824672e-01 -2.304351e-13
   outer loop
     vertex -2.040006e-01 -5.086988e-01  2.122649e+00
     vertex -3.085917e-01 -4.529496e-01  2.214494e+00
     vertex -3.085917e-01 -4.529496e-01  2.122649e+00
   endloop
 endfacet
 facet normal -4.703739e-01 -8.824672e-01 -7.454361e-13
   outer loop
     vertex -2.040006e-01 -5.086988e-01  2.214494e+00
     vertex -3.085917e-01 -4.529496e-01  2.214494e+00
     vertex -2.040006e-01 -5.086988e-01  2.122649e+00
   endloop
 endfacet
 facet normal -2.696189e-01 -9.629671e-01 -5.030184e-13
   outer loop
     vertex -8.981384e-02 -5.406697e-01  2.214494e+00
     vertex -2.040006e-01 -5.086988e-01  2.214494e+00
     vertex -2.040006e-01 -5.086988e-01  2.122649e+00
   endloop
 endfacet
 facet normal -2.696189e-01 -9.629671e-01 -1.320516e-12
   outer loop
     vertex -8.981384e-02 -5.406697e-01  2.214494e+00
     vertex -2.040006e-01 -5.086988e-01  2.122649e+00
     vertex -8.981384e-02 -5.406697e-01  2.122649e+00
   endloop
 endfacet
 facet normal -5.613058e-02 -9.984234e-01 -2.365316e-12
   outer loop
     vertex  2.864930e-02 -5.473296e-01  2.214494e+00
     vertex -8.981384e-02 -5.406697e-01  2.122649e+00
     vertex  2.864930e-02 -5.473296e-01  2.122649e+00
   endloop
 endfacet
 facet normal -5.613058e-02 -9.984234e-01 -1.059101e-12
   outer loop
     vertex  2.864930e-02 -5.473296e-01  2.214494e+00
     vertex -8.981384e-02 -5.406697e-01  2.214494e+00
     vertex -8.981384e-02 -5.406697e-01  2.122649e+00
   endloop
 endfacet
 facet normal  1.601291e-01 -9.870961e-01 -3.993708e-12
   outer loop
     vertex  1.458451e-01 -5.283178e-01  2.214494e+00
     vertex  2.864930e-02 -5.473296e-01  2.122649e+00
     vertex  1.458451e-01 -5.283178e-01  2.122649e+00
   endloop
 endfacet
 facet normal  1.601291e-01 -9.870961e-01 -2.056464e-12
   outer loop
     vertex  1.458451e-01 -5.283178e-01  2.214494e+00
     vertex  2.864930e-02 -5.473296e-01  2.214494e+00
     vertex  2.864930e-02 -5.473296e-01  2.122649e+00
   endloop
 endfacet
 facet normal  3.689972e-01 -9.294305e-01 -4.770189e-12
   outer loop
     vertex  2.562523e-01 -4.844846e-01  2.214494e+00
     vertex  1.458451e-01 -5.283178e-01  2.122649e+00
     vertex  2.562523e-01 -4.844846e-01  2.122649e+00
   endloop
 endfacet
 facet normal  3.689972e-01 -9.294305e-01 -3.575024e-12
   outer loop
     vertex  2.562523e-01 -4.844846e-01  2.214494e+00
     vertex  1.458451e-01 -5.283178e-01  2.214494e+00
     vertex  1.458451e-01 -5.283178e-01  2.122649e+00
   endloop
 endfacet
 facet normal  5.605881e-01 -8.280948e-01 -6.600539e-12
   outer loop
     vertex  3.546305e-01 -4.178864e-01  2.214494e+00
     vertex  2.562523e-01 -4.844846e-01  2.122649e+00
     vertex  3.546305e-01 -4.178864e-01  2.122649e+00
   endloop
 endfacet
 facet normal  5.605881e-01 -8.280948e-01 -3.796892e-12
   outer loop
     vertex  3.546305e-01 -4.178864e-01  2.214494e+00
     vertex  2.562523e-01 -4.844846e-01  2.214494e+00
     vertex  2.562523e-01 -4.844846e-01  2.122649e+00
   endloop
 endfacet
 facet normal  7.257984e-01 -6.879074e-01 -5.035881e-12
   outer loop
     vertex  4.362911e-01 -3.317278e-01  2.214494e+00
     vertex  3.546305e-01 -4.178864e-01  2.122649e+00
     vertex  4.362911e-01 -3.317278e-01  2.122649e+00
   endloop
 endfacet
 facet normal  7.257984e-01 -6.879074e-01 -5.144538e-12
   outer loop
     vertex  4.362911e-01 -3.317278e-01  2.214494e+00
     vertex  3.546305e-01 -4.178864e-01  2.214494e+00
     vertex  3.546305e-01 -4.178864e-01  2.122649e+00
   endloop
 endfacet
 facet normal  8.567878e-01 -5.156692e-01 -7.791918e-12
   outer loop
     vertex  4.973760e-01 -2.302349e-01  2.214494e+00
     vertex  4.362911e-01 -3.317278e-01  2.122649e+00
     vertex  4.973760e-01 -2.302349e-01  2.122649e+00
   endloop
 endfacet
 facet normal  8.567878e-01 -5.156692e-01 -3.270874e-12
   outer loop
     vertex  4.973760e-01 -2.302349e-01  2.214494e+00
     vertex  4.362911e-01 -3.317278e-01  2.214494e+00
     vertex  4.362911e-01 -3.317278e-01  2.122649e+00
   endloop
 endfacet
 facet normal  9.474431e-01 -3.199243e-01 -2.866893e-12
   outer loop
     vertex  5.351242e-01 -1.184451e-01  2.214494e+00
     vertex  4.973760e-01 -2.302349e-01  2.122649e+00
     vertex  5.351242e-01 -1.184451e-01  2.122649e+00
   endloop
 endfacet
 facet normal  9.474431e-01 -3.199243e-01 -4.838711e-12
   outer loop
     vertex  5.351242e-01 -1.184451e-01  2.214494e+00
     vertex  4.973760e-01 -2.302349e-01  2.214494e+00
     vertex  4.973760e-01 -2.302349e-01  2.122649e+00
   endloop
 endfacet
 facet normal  9.969758e-01 -5.427734e-02 -5.561739e-02
   outer loop
     vertex  5.497865e-01 -1.346589e-16  2.153248e+00
     vertex  5.448425e-01 -5.945790e-02  2.122649e+00
     vertex  5.480795e-01  0.000000e+00  2.122649e+00
   endloop
 endfacet
 facet normal  9.866984e-01 -1.625618e-01 -5.068859e-12
   outer loop
     vertex  5.448425e-01 -5.945790e-02  2.214494e+00
     vertex  5.351242e-01 -1.184451e-01  2.122649e+00
     vertex  5.448425e-01 -5.945790e-02  2.122649e+00
   endloop
 endfacet
 facet normal  9.866984e-01 -1.625618e-01 -2.504405e-13
   outer loop
     vertex  5.448425e-01 -5.945790e-02  2.214494e+00
     vertex  5.351242e-01 -1.184451e-01  2.214494e+00
     vertex  5.351242e-01 -1.184451e-01  2.122649e+00
   endloop
 endfacet
 facet normal  9.965607e-01 -8.286541e-02  0.000000e+00
   outer loop
     vertex  5.497865e-01 -1.346589e-16  2.183895e+00
     vertex  5.448425e-01 -5.945790e-02  2.122649e+00
     vertex  5.497865e-01 -1.346589e-16  2.153248e+00
   endloop
 endfacet
 facet normal  9.965607e-01 -8.286541e-02 -3.233005e-12
   outer loop
     vertex  5.497865e-01 -1.346589e-16  2.183895e+00
     vertex  5.448425e-01 -5.945790e-02  2.214494e+00
     vertex  5.448425e-01 -5.945790e-02  2.122649e+00
   endloop
 endfacet
 facet normal  9.969758e-01 -5.427734e-02  5.561739e-02
   outer loop
     vertex  5.480795e-01  0.000000e+00  2.214494e+00
     vertex  5.448425e-01 -5.945790e-02  2.214494e+00
     vertex  5.497865e-01 -1.346589e-16  2.183895e+00
   endloop
 endfacet
 facet normal  6.583779e-01  7.083881e-02  7.493466e-01
   outer loop
     vertex  5.355383e-01  1.165583e-01  2.214494e+00
     vertex  4.916443e-01  0.000000e+00  2.264078e+00
     vertex  5.480795e-01  0.000000e+00  2.214494e+00
   endloop
 endfacet
 facet normal  6.535696e-01  7.429356e-02  7.532113e-01
   outer loop
     vertex  4.791039e-01  1.103191e-01  2.264078e+00
     vertex  4.916443e-01  0.000000e+00  2.264078e+00
     vertex  5.355383e-01  1.165583e-01  2.214494e+00
   endloop
 endfacet
 facet normal  6.319334e-01  2.109015e-01  7.457752e-01
   outer loop
     vertex  4.981884e-01  2.284714e-01  2.214494e+00
     vertex  4.791039e-01  1.103191e-01  2.264078e+00
     vertex  5.355383e-01  1.165583e-01  2.214494e+00
   endloop
 endfacet
 facet normal  6.161521e-01  2.180903e-01  7.568311e-01
   outer loop
     vertex  4.418121e-01  2.156764e-01  2.264078e+00
     vertex  4.791039e-01  1.103191e-01  2.264078e+00
     vertex  4.981884e-01  2.284714e-01  2.214494e+00
   endloop
 endfacet
 facet normal  5.751254e-01  3.433728e-01  7.425132e-01
   outer loop
     vertex  4.374670e-01  3.301756e-01  2.214494e+00
     vertex  4.418121e-01  2.156764e-01  2.264078e+00
     vertex  4.981884e-01  2.284714e-01  2.214494e+00
   endloop
 endfacet
 facet normal  5.477181e-01  3.498986e-01  7.599841e-01
   outer loop
     vertex  3.814055e-01  3.102348e-01  2.264078e+00
     vertex  4.418121e-01  2.156764e-01  2.264078e+00
     vertex  4.374670e-01  3.301756e-01  2.214494e+00
   endloop
 endfacet
 facet normal  4.901153e-01  4.612312e-01  7.396301e-01
   outer loop
     vertex  3.561151e-01  4.166220e-01  2.214494e+00
     vertex  3.814055e-01  3.102348e-01  2.264078e+00
     vertex  4.374670e-01  3.301756e-01  2.214494e+00
   endloop
 endfacet
 facet normal  4.518191e-01  4.628536e-01  7.626441e-01
   outer loop
     vertex  3.009521e-01  3.887700e-01  2.264078e+00
     vertex  3.814055e-01  3.102348e-01  2.264078e+00
     vertex  3.561151e-01  4.166220e-01  2.214494e+00
   endloop
 endfacet
 facet normal  3.807819e-01  5.581980e-01  7.371703e-01
   outer loop
     vertex  2.579750e-01  4.835695e-01  2.214494e+00
     vertex  3.009521e-01  3.887700e-01  2.264078e+00
     vertex  3.561151e-01  4.166220e-01  2.214494e+00
   endloop
 endfacet
 facet normal  3.334877e-01  5.512177e-01  7.648170e-01
   outer loop
     vertex  2.047000e-01  4.470027e-01  2.264078e+00
     vertex  3.009521e-01  3.887700e-01  2.264078e+00
     vertex  2.579750e-01  4.835695e-01  2.214494e+00
   endloop
 endfacet
 facet normal  2.523823e-01  6.291637e-01  7.351573e-01
   outer loop
     vertex  1.477238e-01  5.277956e-01  2.214494e+00
     vertex  2.047000e-01  4.470027e-01  2.264078e+00
     vertex  2.579750e-01  4.835695e-01  2.214494e+00
   endloop
 endfacet
 facet normal  1.112058e-01  6.704202e-01  7.336007e-01
   outer loop
     vertex  9.775841e-02  4.818266e-01  2.264078e+00
     vertex  1.477238e-01  5.277956e-01  2.214494e+00
     vertex  3.059511e-02  5.472243e-01  2.214494e+00
   endloop
 endfacet
 facet normal  1.988523e-01  6.106608e-01  7.665188e-01
   outer loop
     vertex  9.775841e-02  4.818266e-01  2.264078e+00
     vertex  2.047000e-01  4.470027e-01  2.264078e+00
     vertex  1.477238e-01  5.277956e-01  2.214494e+00
   endloop
 endfacet
 facet normal -3.579568e-02  6.798228e-01  7.325023e-01
   outer loop
     vertex -1.422865e-02  4.914377e-01  2.264078e+00
     vertex  3.059511e-02  5.472243e-01  2.214494e+00
     vertex -8.789222e-02  5.409854e-01  2.214494e+00
   endloop
 endfacet
 facet normal  5.478801e-02  6.383833e-01  7.677662e-01
   outer loop
     vertex -1.422865e-02  4.914377e-01  2.264078e+00
     vertex  9.775841e-02  4.818266e-01  2.264078e+00
     vertex  3.059511e-02  5.472243e-01  2.214494e+00
   endloop
 endfacet
 facet normal -1.814012e-01  6.568673e-01  7.318599e-01
   outer loop
     vertex -1.253969e-01  4.753831e-01  2.264078e+00
     vertex -8.789222e-02  5.409854e-01  2.214494e+00
     vertex -2.021929e-01  5.094200e-01  2.214494e+00
   endloop
 endfacet
 facet normal -9.144376e-02  6.331898e-01  7.685758e-01
   outer loop
     vertex -1.253969e-01  4.753831e-01  2.264078e+00
     vertex -1.422865e-02  4.914377e-01  2.264078e+00
     vertex -8.789222e-02  5.409854e-01  2.214494e+00
   endloop
 endfacet
 facet normal -3.184962e-01  6.026750e-01  7.316714e-01
   outer loop
     vertex -2.299616e-01  4.345479e-01  2.264078e+00
     vertex -2.021929e-01  5.094200e-01  2.214494e+00
     vertex -3.069819e-01  4.540421e-01  2.214494e+00
   endloop
 endfacet
 facet normal -2.325563e-01  5.954967e-01  7.689612e-01
   outer loop
     vertex -2.299616e-01  4.345479e-01  2.264078e+00
     vertex -1.253969e-01  4.753831e-01  2.264078e+00
     vertex -2.021929e-01  5.094200e-01  2.214494e+00
   endloop
 endfacet
 facet normal -3.615667e-01  5.272732e-01  7.689295e-01
   outer loop
     vertex -3.225015e-01  3.710906e-01  2.264078e+00
     vertex -2.299616e-01  4.345479e-01  2.264078e+00
     vertex -3.069819e-01  4.540421e-01  2.214494e+00
   endloop
 endfacet
 facet normal -4.404124e-01  5.199113e-01  7.319352e-01
   outer loop
     vertex -3.225015e-01  3.710906e-01  2.264078e+00
     vertex -3.069819e-01  4.540421e-01  2.214494e+00
     vertex -3.973882e-01  3.774597e-01  2.214494e+00
   endloop
 endfacet
 facet normal -4.720919e-01  4.319348e-01  7.684800e-01
   outer loop
     vertex -3.982250e-01  2.883270e-01  2.264078e+00
     vertex -3.225015e-01  3.710906e-01  2.264078e+00
     vertex -3.973882e-01  3.774597e-01  2.214494e+00
   endloop
 endfacet
 facet normal -5.412417e-01  4.126519e-01  7.326499e-01
   outer loop
     vertex -3.982250e-01  2.883270e-01  2.264078e+00
     vertex -3.973882e-01  3.774597e-01  2.214494e+00
     vertex -4.692109e-01  2.832557e-01  2.214494e+00
   endloop
 endfacet
 facet normal -5.586256e-01  3.141915e-01  7.676074e-01
   outer loop
     vertex -4.532099e-01  1.905651e-01  2.264078e+00
     vertex -3.982250e-01  2.883270e-01  2.264078e+00
     vertex -4.692109e-01  2.832557e-01  2.214494e+00
   endloop
 endfacet
 facet normal -6.161303e-01  2.861863e-01  7.338126e-01
   outer loop
     vertex -4.532099e-01  1.905651e-01  2.264078e+00
     vertex -4.692109e-01  2.832557e-01  2.214494e+00
     vertex -5.191099e-01  1.758281e-01  2.214494e+00
   endloop
 endfacet
 facet normal -6.167952e-01  1.798382e-01  7.663041e-01
   outer loop
     vertex -4.846049e-01  8.288892e-02  2.264078e+00
     vertex -4.532099e-01  1.905651e-01  2.264078e+00
     vertex -5.191099e-01  1.758281e-01  2.214494e+00
   endloop
 endfacet
 facet normal -6.615326e-01  1.467504e-01  7.354175e-01
   outer loop
     vertex -4.846049e-01  8.288892e-02  2.264078e+00
     vertex -5.191099e-01  1.758281e-01  2.214494e+00
     vertex -5.447622e-01  6.019073e-02  2.214494e+00
   endloop
 endfacet
 facet normal -6.435733e-01  3.548783e-02  7.645613e-01
   outer loop
     vertex -4.907802e-01 -2.910025e-02  2.264078e+00
     vertex -4.846049e-01  8.288892e-02  2.264078e+00
     vertex -5.447622e-01  6.019073e-02  2.214494e+00
   endloop
 endfacet
 facet normal -6.753942e-01  1.198119e-03  7.374559e-01
   outer loop
     vertex -4.907802e-01 -2.910025e-02  2.264078e+00
     vertex -5.447622e-01  6.019073e-02  2.214494e+00
     vertex -5.449724e-01 -5.825744e-02  2.214494e+00
   endloop
 endfacet
 facet normal -6.374258e-01 -1.117345e-01  7.623672e-01
   outer loop
     vertex -4.714151e-01 -1.395752e-01  2.264078e+00
     vertex -4.907802e-01 -2.910025e-02  2.264078e+00
     vertex -5.449724e-01 -5.825744e-02  2.214494e+00
   endloop
 endfacet
 facet normal -6.572478e-01 -1.433551e-01  7.399153e-01
   outer loop
     vertex -4.714151e-01 -1.395752e-01  2.264078e+00
     vertex -5.449724e-01 -5.825744e-02  2.214494e+00
     vertex -5.197305e-01 -1.739851e-01  2.214494e+00
   endloop
 endfacet
 facet normal -5.983895e-01 -2.545156e-01  7.597051e-01
   outer loop
     vertex -4.275151e-01 -2.427880e-01  2.264078e+00
     vertex -4.714151e-01 -1.395752e-01  2.264078e+00
     vertex -5.197305e-01 -1.739851e-01  2.214494e+00
   endloop
 endfacet
 facet normal -6.082244e-01 -2.798946e-01  7.427800e-01
   outer loop
     vertex -4.275151e-01 -2.427880e-01  2.264078e+00
     vertex -5.197305e-01 -1.739851e-01  2.214494e+00
     vertex -4.702130e-01 -2.815890e-01  2.214494e+00
   endloop
 endfacet
 facet normal -5.280841e-01 -3.856855e-01  7.565539e-01
   outer loop
     vertex -3.613581e-01 -3.333708e-01  2.264078e+00
     vertex -4.275151e-01 -2.427880e-01  2.264078e+00
     vertex -4.702130e-01 -2.815890e-01  2.214494e+00
   endloop
 endfacet
 facet normal -5.309854e-01 -4.018606e-01  7.460312e-01
   outer loop
     vertex -3.613581e-01 -3.333708e-01  2.264078e+00
     vertex -4.702130e-01 -2.815890e-01  2.214494e+00
     vertex -3.987252e-01 -3.760471e-01  2.214494e+00
   endloop
 endfacet
 facet normal -4.296550e-01 -4.985529e-01  7.528888e-01
   outer loop
     vertex -2.763725e-01 -4.066118e-01  2.264078e+00
     vertex -3.613581e-01 -3.333708e-01  2.264078e+00
     vertex -3.987252e-01 -3.760471e-01  2.214494e+00
   endloop
 endfacet
 facet normal -4.295731e-01 -5.034811e-01  7.496490e-01
   outer loop
     vertex -2.763725e-01 -4.066118e-01  2.264078e+00
     vertex -3.987252e-01 -3.760471e-01  2.214494e+00
     vertex -3.085917e-01 -4.529496e-01  2.214494e+00
   endloop
 endfacet
 facet normal -3.116730e-01 -5.847290e-01  7.489673e-01
   outer loop
     vertex -2.040006e-01 -5.086988e-01  2.214494e+00
     vertex -2.763725e-01 -4.066118e-01  2.264078e+00
     vertex -3.085917e-01 -4.529496e-01  2.214494e+00
   endloop
 endfacet
 facet normal -3.050458e-01 -5.822769e-01  7.535918e-01
   outer loop
     vertex -1.769588e-01 -4.586930e-01  2.264078e+00
     vertex -2.763725e-01 -4.066118e-01  2.264078e+00
     vertex -2.040006e-01 -5.086988e-01  2.214494e+00
   endloop
 endfacet
 facet normal -1.797313e-01 -6.419256e-01  7.454047e-01
   outer loop
     vertex -8.981384e-02 -5.406697e-01  2.214494e+00
     vertex -1.769588e-01 -4.586930e-01  2.264078e+00
     vertex -2.040006e-01 -5.086988e-01  2.214494e+00
   endloop
 endfacet
 facet normal -1.639783e-01 -6.322976e-01  7.571729e-01
   outer loop
     vertex -6.826674e-02 -4.868809e-01  2.264078e+00
     vertex -1.769588e-01 -4.586930e-01  2.264078e+00
     vertex -8.981384e-02 -5.406697e-01  2.214494e+00
   endloop
 endfacet
 facet normal -3.761725e-02 -6.691174e-01  7.422040e-01
   outer loop
     vertex  2.864930e-02 -5.473296e-01  2.214494e+00
     vertex -6.826674e-02 -4.868809e-01  2.264078e+00
     vertex -8.981384e-02 -5.406697e-01  2.214494e+00
   endloop
 endfacet
 facet normal -1.609942e-02 -6.494251e-01  7.602551e-01
   outer loop
     vertex  4.405974e-02 -4.896655e-01  2.264078e+00
     vertex -6.826674e-02 -4.868809e-01  2.264078e+00
     vertex  2.864930e-02 -5.473296e-01  2.214494e+00
   endloop
 endfacet
 facet normal  1.078121e-01 -6.645944e-01  7.393854e-01
   outer loop
     vertex  1.458451e-01 -5.283178e-01  2.214494e+00
     vertex  4.405974e-02 -4.896655e-01  2.264078e+00
     vertex  2.864930e-02 -5.473296e-01  2.214494e+00
   endloop
 endfacet
 facet normal  1.312002e-01 -6.331155e-01  7.628573e-01
   outer loop
     vertex  1.541582e-01 -4.668499e-01  2.264078e+00
     vertex  4.405974e-02 -4.896655e-01  2.264078e+00
     vertex  1.458451e-01 -5.283178e-01  2.214494e+00
   endloop
 endfacet
 facet normal  2.494134e-01 -6.282228e-01  7.369729e-01
   outer loop
     vertex  2.562523e-01 -4.844846e-01  2.214494e+00
     vertex  1.541582e-01 -4.668499e-01  2.264078e+00
     vertex  1.458451e-01 -5.283178e-01  2.214494e+00
   endloop
 endfacet
 facet normal  2.705818e-01 -5.844457e-01  7.649894e-01
   outer loop
     vertex  2.562401e-01 -4.195888e-01  2.264078e+00
     vertex  1.541582e-01 -4.668499e-01  2.264078e+00
     vertex  2.562523e-01 -4.844846e-01  2.214494e+00
   endloop
 endfacet
 facet normal  3.801191e-01 -5.615079e-01  7.349954e-01
   outer loop
     vertex  3.546305e-01 -4.178864e-01  2.214494e+00
     vertex  2.562401e-01 -4.195888e-01  2.264078e+00
     vertex  2.562523e-01 -4.844846e-01  2.214494e+00
   endloop
 endfacet
 facet normal  4.933285e-01 -4.675738e-01  7.334860e-01
   outer loop
     vertex  3.448983e-01 -3.503717e-01  2.264078e+00
     vertex  3.546305e-01 -4.178864e-01  2.214494e+00
     vertex  4.362911e-01 -3.317278e-01  2.214494e+00
   endloop
 endfacet
 facet normal  3.951143e-01 -5.060901e-01  7.666534e-01
   outer loop
     vertex  3.448983e-01 -3.503717e-01  2.264078e+00
     vertex  2.562401e-01 -4.195888e-01  2.264078e+00
     vertex  3.546305e-01 -4.178864e-01  2.214494e+00
   endloop
 endfacet
 facet normal  5.832900e-01 -3.510608e-01  7.324815e-01
   outer loop
     vertex  4.154286e-01 -2.629346e-01  2.264078e+00
     vertex  4.362911e-01 -3.317278e-01  2.214494e+00
     vertex  4.973760e-01 -2.302349e-01  2.214494e+00
   endloop
 endfacet
 facet normal  4.986359e-01 -4.022201e-01  7.678419e-01
   outer loop
     vertex  4.154286e-01 -2.629346e-01  2.264078e+00
     vertex  3.448983e-01 -3.503717e-01  2.264078e+00
     vertex  4.362911e-01 -3.317278e-01  2.214494e+00
   endloop
 endfacet
 facet normal  6.454758e-01 -2.179586e-01  7.320212e-01
   outer loop
     vertex  4.641569e-01 -1.620818e-01  2.264078e+00
     vertex  4.973760e-01 -2.302349e-01  2.214494e+00
     vertex  5.351242e-01 -1.184451e-01  2.214494e+00
   endloop
 endfacet
 facet normal  5.760887e-01 -2.783445e-01  7.685350e-01
   outer loop
     vertex  4.641569e-01 -1.620818e-01  2.264078e+00
     vertex  4.154286e-01 -2.629346e-01  2.264078e+00
     vertex  4.973760e-01 -2.302349e-01  2.214494e+00
   endloop
 endfacet
 facet normal  6.565660e-01 -1.081714e-01  7.464717e-01
   outer loop
     vertex  4.847589e-01 -8.197478e-02  2.264078e+00
     vertex  5.351242e-01 -1.184451e-01  2.214494e+00
     vertex  5.448425e-01 -5.945790e-02  2.214494e+00
   endloop
 endfacet
 facet normal  6.301954e-01 -1.620742e-01  7.593324e-01
   outer loop
     vertex  4.847589e-01 -8.197478e-02  2.264078e+00
     vertex  4.641569e-01 -1.620818e-01  2.264078e+00
     vertex  5.351242e-01 -1.184451e-01  2.214494e+00
   endloop
 endfacet
 facet normal  6.596104e-01 -3.591050e-02  7.507494e-01
   outer loop
     vertex  4.916443e-01  0.000000e+00  2.264078e+00
     vertex  5.448425e-01 -5.945790e-02  2.214494e+00
     vertex  5.480795e-01  0.000000e+00  2.214494e+00
   endloop
 endfacet
 facet normal  6.476042e-01 -5.439464e-02  7.600329e-01
   outer loop
     vertex  4.916443e-01  0.000000e+00  2.264078e+00
     vertex  4.847589e-01 -8.197478e-02  2.264078e+00
     vertex  5.448425e-01 -5.945790e-02  2.214494e+00
   endloop
 endfacet
 facet normal  6.583779e-01  7.083881e-02 -7.493466e-01
   outer loop
     vertex  5.355383e-01  1.165583e-01  2.122649e+00
     vertex  5.480795e-01  0.000000e+00  2.122649e+00
     vertex  4.916443e-01  0.000000e+00  2.073065e+00
   endloop
 endfacet
 facet normal  6.535696e-01  7.429356e-02 -7.532113e-01
   outer loop
     vertex  5.355383e-01  1.165583e-01  2.122649e+00
     vertex  4.916443e-01  0.000000e+00  2.073065e+00
     vertex  4.791039e-01  1.103191e-01  2.073065e+00
   endloop
 endfacet
 facet normal  6.161521e-01  2.180903e-01 -7.568311e-01
   outer loop
     vertex  4.981884e-01  2.284714e-01  2.122649e+00
     vertex  4.791039e-01  1.103191e-01  2.073065e+00
     vertex  4.418121e-01  2.156764e-01  2.073065e+00
   endloop
 endfacet
 facet normal  6.319334e-01  2.109015e-01 -7.457752e-01
   outer loop
     vertex  4.981884e-01  2.284714e-01  2.122649e+00
     vertex  5.355383e-01  1.165583e-01  2.122649e+00
     vertex  4.791039e-01  1.103191e-01  2.073065e+00
   endloop
 endfacet
 facet normal  5.477181e-01  3.498986e-01 -7.599841e-01
   outer loop
     vertex  4.374670e-01  3.301756e-01  2.122649e+00
     vertex  4.418121e-01  2.156764e-01  2.073065e+00
     vertex  3.814055e-01  3.102348e-01  2.073065e+00
   endloop
 endfacet
 facet normal  5.751254e-01  3.433728e-01 -7.425132e-01
   outer loop
     vertex  4.374670e-01  3.301756e-01  2.122649e+00
     vertex  4.981884e-01  2.284714e-01  2.122649e+00
     vertex  4.418121e-01  2.156764e-01  2.073065e+00
   endloop
 endfacet
 facet normal  4.518191e-01  4.628536e-01 -7.626441e-01
   outer loop
     vertex  3.561151e-01  4.166220e-01  2.122649e+00
     vertex  3.814055e-01  3.102348e-01  2.073065e+00
     vertex  3.009521e-01  3.887700e-01  2.073065e+00
   endloop
 endfacet
 facet normal  4.901153e-01  4.612312e-01 -7.396301e-01
   outer loop
     vertex  3.561151e-01  4.166220e-01  2.122649e+00
     vertex  4.374670e-01  3.301756e-01  2.122649e+00
     vertex  3.814055e-01  3.102348e-01  2.073065e+00
   endloop
 endfacet
 facet normal  3.334877e-01  5.512177e-01 -7.648170e-01
   outer loop
     vertex  2.579750e-01  4.835695e-01  2.122649e+00
     vertex  3.009521e-01  3.887700e-01  2.073065e+00
     vertex  2.047000e-01  4.470027e-01  2.073065e+00
   endloop
 endfacet
 facet normal  3.807819e-01  5.581980e-01 -7.371703e-01
   outer loop
     vertex  2.579750e-01  4.835695e-01  2.122649e+00
     vertex  3.561151e-01  4.166220e-01  2.122649e+00
     vertex  3.009521e-01  3.887700e-01  2.073065e+00
   endloop
 endfacet
 facet normal  1.988523e-01  6.106608e-01 -7.665188e-01
   outer loop
     vertex  1.477238e-01  5.277956e-01  2.122649e+00
     vertex  2.047000e-01  4.470027e-01  2.073065e+00
     vertex  9.775841e-02  4.818266e-01  2.073065e+00
   endloop
 endfacet
 facet normal  2.523823e-01  6.291637e-01 -7.351573e-01
   outer loop
     vertex  1.477238e-01  5.277956e-01  2.122649e+00
     vertex  2.579750e-01  4.835695e-01  2.122649e+00
     vertex  2.047000e-01  4.470027e-01  2.073065e+00
   endloop
 endfacet
 facet normal  5.478801e-02  6.383833e-01 -7.677662e-01
   outer loop
     vertex  3.059511e-02  5.472243e-01  2.122649e+00
     vertex  9.775841e-02  4.818266e-01  2.073065e+00
     vertex -1.422865e-02  4.914377e-01  2.073065e+00
   endloop
 endfacet
 facet normal  1.112058e-01  6.704202e-01 -7.336007e-01
   outer loop
     vertex  3.059511e-02  5.472243e-01  2.122649e+00
     vertex  1.477238e-01  5.277956e-01  2.122649e+00
     vertex  9.775841e-02  4.818266e-01  2.073065e+00
   endloop
 endfacet
 facet normal -9.144376e-02  6.331898e-01 -7.685758e-01
   outer loop
     vertex -8.789222e-02  5.409854e-01  2.122649e+00
     vertex -1.422865e-02  4.914377e-01  2.073065e+00
     vertex -1.253969e-01  4.753831e-01  2.073065e+00
   endloop
 endfacet
 facet normal -3.579568e-02  6.798228e-01 -7.325023e-01
   outer loop
     vertex -8.789222e-02  5.409854e-01  2.122649e+00
     vertex  3.059511e-02  5.472243e-01  2.122649e+00
     vertex -1.422865e-02  4.914377e-01  2.073065e+00
   endloop
 endfacet
 facet normal -2.325563e-01  5.954967e-01 -7.689612e-01
   outer loop
     vertex -2.021929e-01  5.094200e-01  2.122649e+00
     vertex -1.253969e-01  4.753831e-01  2.073065e+00
     vertex -2.299616e-01  4.345479e-01  2.073065e+00
   endloop
 endfacet
 facet normal -1.814012e-01  6.568673e-01 -7.318599e-01
   outer loop
     vertex -2.021929e-01  5.094200e-01  2.122649e+00
     vertex -8.789222e-02  5.409854e-01  2.122649e+00
     vertex -1.253969e-01  4.753831e-01  2.073065e+00
   endloop
 endfacet
 facet normal -3.184962e-01  6.026750e-01 -7.316714e-01
   outer loop
     vertex -3.069819e-01  4.540421e-01  2.122649e+00
     vertex -2.021929e-01  5.094200e-01  2.122649e+00
     vertex -2.299616e-01  4.345479e-01  2.073065e+00
   endloop
 endfacet
 facet normal -3.615667e-01  5.272732e-01 -7.689295e-01
   outer loop
     vertex -3.069819e-01  4.540421e-01  2.122649e+00
     vertex -2.299616e-01  4.345479e-01  2.073065e+00
     vertex -3.225015e-01  3.710906e-01  2.073065e+00
   endloop
 endfacet
 facet normal -4.404124e-01  5.199113e-01 -7.319352e-01
   outer loop
     vertex -3.973882e-01  3.774597e-01  2.122649e+00
     vertex -3.069819e-01  4.540421e-01  2.122649e+00
     vertex -3.225015e-01  3.710906e-01  2.073065e+00
   endloop
 endfacet
 facet normal -4.720919e-01  4.319348e-01 -7.684800e-01
   outer loop
     vertex -3.973882e-01  3.774597e-01  2.122649e+00
     vertex -3.225015e-01  3.710906e-01  2.073065e+00
     vertex -3.982250e-01  2.883270e-01  2.073065e+00
   endloop
 endfacet
 facet normal -5.412417e-01  4.126519e-01 -7.326499e-01
   outer loop
     vertex -4.692109e-01  2.832557e-01  2.122649e+00
     vertex -3.973882e-01  3.774597e-01  2.122649e+00
     vertex -3.982250e-01  2.883270e-01  2.073065e+00
   endloop
 endfacet
 facet normal -5.586256e-01  3.141915e-01 -7.676074e-01
   outer loop
     vertex -4.692109e-01  2.832557e-01  2.122649e+00
     vertex -3.982250e-01  2.883270e-01  2.073065e+00
     vertex -4.532099e-01  1.905651e-01  2.073065e+00
   endloop
 endfacet
 facet normal -6.161303e-01  2.861863e-01 -7.338126e-01
   outer loop
     vertex -5.191099e-01  1.758281e-01  2.122649e+00
     vertex -4.692109e-01  2.832557e-01  2.122649e+00
     vertex -4.532099e-01  1.905651e-01  2.073065e+00
   endloop
 endfacet
 facet normal -6.167952e-01  1.798382e-01 -7.663041e-01
   outer loop
     vertex -4.846049e-01  8.288892e-02  2.073065e+00
     vertex -5.191099e-01  1.758281e-01  2.122649e+00
     vertex -4.532099e-01  1.905651e-01  2.073065e+00
   endloop
 endfacet
 facet normal -6.615326e-01  1.467504e-01 -7.354175e-01
   outer loop
     vertex -5.447622e-01  6.019073e-02  2.122649e+00
     vertex -5.191099e-01  1.758281e-01  2.122649e+00
     vertex -4.846049e-01  8.288892e-02  2.073065e+00
   endloop
 endfacet
 facet normal -6.435733e-01  3.548783e-02 -7.645613e-01
   outer loop
     vertex -4.907802e-01 -2.910025e-02  2.073065e+00
     vertex -5.447622e-01  6.019073e-02  2.122649e+00
     vertex -4.846049e-01  8.288892e-02  2.073065e+00
   endloop
 endfacet
 facet normal -6.753942e-01  1.198119e-03 -7.374559e-01
   outer loop
     vertex -5.449724e-01 -5.825744e-02  2.122649e+00
     vertex -5.447622e-01  6.019073e-02  2.122649e+00
     vertex -4.907802e-01 -2.910025e-02  2.073065e+00
   endloop
 endfacet
 facet normal -6.374258e-01 -1.117345e-01 -7.623672e-01
   outer loop
     vertex -4.714151e-01 -1.395752e-01  2.073065e+00
     vertex -5.449724e-01 -5.825744e-02  2.122649e+00
     vertex -4.907802e-01 -2.910025e-02  2.073065e+00
   endloop
 endfacet
 facet normal -6.572478e-01 -1.433551e-01 -7.399153e-01
   outer loop
     vertex -5.197305e-01 -1.739851e-01  2.122649e+00
     vertex -5.449724e-01 -5.825744e-02  2.122649e+00
     vertex -4.714151e-01 -1.395752e-01  2.073065e+00
   endloop
 endfacet
 facet normal -5.983895e-01 -2.545156e-01 -7.597051e-01
   outer loop
     vertex -4.275151e-01 -2.427880e-01  2.073065e+00
     vertex -5.197305e-01 -1.739851e-01  2.122649e+00
     vertex -4.714151e-01 -1.395752e-01  2.073065e+00
   endloop
 endfacet
 facet normal -6.082244e-01 -2.798946e-01 -7.427800e-01
   outer loop
     vertex -4.702130e-01 -2.815890e-01  2.122649e+00
     vertex -5.197305e-01 -1.739851e-01  2.122649e+00
     vertex -4.275151e-01 -2.427880e-01  2.073065e+00
   endloop
 endfacet
 facet normal -5.280841e-01 -3.856855e-01 -7.565539e-01
   outer loop
     vertex -3.613581e-01 -3.333708e-01  2.073065e+00
     vertex -4.702130e-01 -2.815890e-01  2.122649e+00
     vertex -4.275151e-01 -2.427880e-01  2.073065e+00
   endloop
 endfacet
 facet normal -5.309854e-01 -4.018606e-01 -7.460312e-01
   outer loop
     vertex -3.987252e-01 -3.760471e-01  2.122649e+00
     vertex -4.702130e-01 -2.815890e-01  2.122649e+00
     vertex -3.613581e-01 -3.333708e-01  2.073065e+00
   endloop
 endfacet
 facet normal -4.296550e-01 -4.985529e-01 -7.528888e-01
   outer loop
     vertex -2.763725e-01 -4.066118e-01  2.073065e+00
     vertex -3.987252e-01 -3.760471e-01  2.122649e+00
     vertex -3.613581e-01 -3.333708e-01  2.073065e+00
   endloop
 endfacet
 facet normal -4.295731e-01 -5.034811e-01 -7.496490e-01
   outer loop
     vertex -3.085917e-01 -4.529496e-01  2.122649e+00
     vertex -3.987252e-01 -3.760471e-01  2.122649e+00
     vertex -2.763725e-01 -4.066118e-01  2.073065e+00
   endloop
 endfacet
 facet normal -3.116730e-01 -5.847290e-01 -7.489673e-01
   outer loop
     vertex -2.040006e-01 -5.086988e-01  2.122649e+00
     vertex -3.085917e-01 -4.529496e-01  2.122649e+00
     vertex -2.763725e-01 -4.066118e-01  2.073065e+00
   endloop
 endfacet
 facet normal -3.050458e-01 -5.822769e-01 -7.535918e-01
   outer loop
     vertex -2.040006e-01 -5.086988e-01  2.122649e+00
     vertex -2.763725e-01 -4.066118e-01  2.073065e+00
     vertex -1.769588e-01 -4.586930e-01  2.073065e+00
   endloop
 endfacet
 facet normal -1.797313e-01 -6.419256e-01 -7.454047e-01
   outer loop
     vertex -8.981384e-02 -5.406697e-01  2.122649e+00
     vertex -2.040006e-01 -5.086988e-01  2.122649e+00
     vertex -1.769588e-01 -4.586930e-01  2.073065e+00
   endloop
 endfacet
 facet normal -1.639783e-01 -6.322976e-01 -7.571729e-01
   outer loop
     vertex -8.981384e-02 -5.406697e-01  2.122649e+00
     vertex -1.769588e-01 -4.586930e-01  2.073065e+00
     vertex -6.826674e-02 -4.868809e-01  2.073065e+00
   endloop
 endfacet
 facet normal -3.761725e-02 -6.691174e-01 -7.422040e-01
   outer loop
     vertex  2.864930e-02 -5.473296e-01  2.122649e+00
     vertex -8.981384e-02 -5.406697e-01  2.122649e+00
     vertex -6.826674e-02 -4.868809e-01  2.073065e+00
   endloop
 endfacet
 facet normal -1.609942e-02 -6.494251e-01 -7.602551e-01
   outer loop
     vertex  2.864930e-02 -5.473296e-01  2.122649e+00
     vertex -6.826674e-02 -4.868809e-01  2.073065e+00
     vertex  4.405974e-02 -4.896655e-01  2.073065e+00
   endloop
 endfacet
 facet normal  1.078121e-01 -6.645944e-01 -7.393854e-01
   outer loop
     vertex  1.458451e-01 -5.283178e-01  2.122649e+00
     vertex  2.864930e-02 -5.473296e-01  2.122649e+00
     vertex  4.405974e-02 -4.896655e-01  2.073065e+00
   endloop
 endfacet
 facet normal  1.312002e-01 -6.331155e-01 -7.628573e-01
   outer loop
     vertex  1.458451e-01 -5.283178e-01  2.122649e+00
     vertex  4.405974e-02 -4.896655e-01  2.073065e+00
     vertex  1.541582e-01 -4.668499e-01  2.073065e+00
   endloop
 endfacet
 facet normal  2.705818e-01 -5.844457e-01 -7.649894e-01
   outer loop
     vertex  2.562523e-01 -4.844846e-01  2.122649e+00
     vertex  1.541582e-01 -4.668499e-01  2.073065e+00
     vertex  2.562401e-01 -4.195888e-01  2.073065e+00
   endloop
 endfacet
 facet normal  2.494134e-01 -6.282228e-01 -7.369729e-01
   outer loop
     vertex  2.562523e-01 -4.844846e-01  2.122649e+00
     vertex  1.458451e-01 -5.283178e-01  2.122649e+00
     vertex  1.541582e-01 -4.668499e-01  2.073065e+00
   endloop
 endfacet
 facet normal  3.951143e-01 -5.060901e-01 -7.666534e-01
   outer loop
     vertex  3.546305e-01 -4.178864e-01  2.122649e+00
     vertex  2.562401e-01 -4.195888e-01  2.073065e+00
     vertex  3.448983e-01 -3.503717e-01  2.073065e+00
   endloop
 endfacet
 facet normal  3.801191e-01 -5.615079e-01 -7.349954e-01
   outer loop
     vertex  3.546305e-01 -4.178864e-01  2.122649e+00
     vertex  2.562523e-01 -4.844846e-01  2.122649e+00
     vertex  2.562401e-01 -4.195888e-01  2.073065e+00
   endloop
 endfacet
 facet normal  4.986359e-01 -4.022201e-01 -7.678419e-01
   outer loop
     vertex  4.362911e-01 -3.317278e-01  2.122649e+00
     vertex  3.448983e-01 -3.503717e-01  2.073065e+00
     vertex  4.154286e-01 -2.629346e-01  2.073065e+00
   endloop
 endfacet
 facet normal  4.933285e-01 -4.675738e-01 -7.334860e-01
   outer loop
     vertex  4.362911e-01 -3.317278e-01  2.122649e+00
     vertex  3.546305e-01 -4.178864e-01  2.122649e+00
     vertex  3.448983e-01 -3.503717e-01  2.073065e+00
   endloop
 endfacet
 facet normal  5.760887e-01 -2.783445e-01 -7.685350e-01
   outer loop
     vertex  4.973760e-01 -2.302349e-01  2.122649e+00
     vertex  4.154286e-01 -2.629346e-01  2.073065e+00
     vertex  4.641569e-01 -1.620818e-01  2.073065e+00
   endloop
 endfacet
 facet normal  5.832900e-01 -3.510608e-01 -7.324815e-01
   outer loop
     vertex  4.973760e-01 -2.302349e-01  2.122649e+00
     vertex  4.362911e-01 -3.317278e-01  2.122649e+00
     vertex  4.154286e-01 -2.629346e-01  2.073065e+00
   endloop
 endfacet
 facet normal  6.301954e-01 -1.620742e-01 -7.593324e-01
   outer loop
     vertex  5.351242e-01 -1.184451e-01  2.122649e+00
     vertex  4.641569e-01 -1.620818e-01  2.073065e+00
     vertex  4.847589e-01 -8.197478e-02  2.073065e+00
   endloop
 endfacet
 facet normal  6.454758e-01 -2.179586e-01 -7.320212e-01
   outer loop
     vertex  5.351242e-01 -1.184451e-01  2.122649e+00
     vertex  4.973760e-01 -2.302349e-01  2.122649e+00
     vertex  4.641569e-01 -1.620818e-01  2.073065e+00
   endloop
 endfacet
 facet normal  6.476042e-01 -5.439464e-02 -7.600329e-01
   outer loop
     vertex  5.448425e-01 -5.945790e-02  2.122649e+00
     vertex  4.847589e-01 -8.197478e-02  2.073065e+00
     vertex  4.916443e-01  0.000000e+00  2.073065e+00
   endloop
 endfacet
 facet normal  6.565660e-01 -1.081714e-01 -7.464717e-01
   outer loop
     vertex  5.448425e-01 -5.945790e-02  2.122649e+00
     vertex  5.351242e-01 -1.184451e-01  2.122649e+00
     vertex  4.847589e-01 -8.197478e-02  2.073065e+00
   endloop
 endfacet
 facet normal  6.596104e-01 -3.591050e-02 -7.507494e-01
   outer loop
     vertex  5.480795e-01  0.000000e+00  2.122649e+00
     vertex  5.448425e-01 -5.945790e-02  2.122649e+00
     vertex  4.916443e-01  0.000000e+00  2.073065e+00
   endloop
 endfacet
 facet normal  2.827731e-15 -2.837348e-15  1.000000e+00
   outer loop
     vertex -2.417825e-01 -2.142006e-01  2.264078e+00
     vertex -4.275151e-01 -2.427880e-01  2.264078e+00
     vertex -3.613581e-01 -3.333708e-01  2.264078e+00
   endloop
 endfacet
 facet normal  0.000000e+00  0.000000e+00  1.000000e+00
   outer loop
     vertex -1.834952e-01 -2.658387e-01  2.264078e+00
     vertex -3.613581e-01 -3.333708e-01  2.264078e+00
     vertex -2.763725e-01 -4.066118e-01  2.264078e+00
   endloop
 endfacet
 facet normal  0.000000e+00  0.000000e+00  1.000000e+00
   outer loop
     vertex -1.834952e-01 -2.658387e-01  2.264078e+00
     vertex -2.417825e-01 -2.142006e-01  2.264078e+00
     vertex -3.613581e-01 -3.333708e-01  2.264078e+00
   endloop
 endfacet
 facet normal  2.454695e-15  1.044066e-15  1.000000e+00
   outer loop
     vertex -2.860183e-01 -1.501140e-01  2.264078e+00
     vertex -4.714151e-01 -1.395752e-01  2.264078e+00
     vertex -4.275151e-01 -2.427880e-01  2.264078e+00
   endloop
 endfacet
 facet normal  2.161386e-15  1.491897e-15  1.000000e+00
   outer loop
     vertex -2.860183e-01 -1.501140e-01  2.264078e+00
     vertex -4.275151e-01 -2.427880e-01  2.264078e+00
     vertex -2.417825e-01 -2.142006e-01  2.264078e+00
   endloop
 endfacet
 facet normal  0.000000e+00  0.000000e+00  1.000000e+00
   outer loop
     vertex -1.145438e-01 -3.020272e-01  2.264078e+00
     vertex -2.763725e-01 -4.066118e-01  2.264078e+00
     vertex -1.769588e-01 -4.586930e-01  2.264078e+00
   endloop
 endfacet
 facet normal -3.703150e-15  1.475319e-15  1.000000e+00
   outer loop
     vertex -1.145438e-01 -3.020272e-01  2.264078e+00
     vertex -1.769588e-01 -4.586930e-01  2.264078e+00
     vertex -6.826674e-02 -4.868809e-01  2.264078e+00
   endloop
 endfacet
 facet normal  0.000000e+00  0.000000e+00  1.000000e+00
   outer loop
     vertex -1.145438e-01 -3.020272e-01  2.264078e+00
     vertex -1.834952e-01 -2.658387e-01  2.264078e+00
     vertex -2.763725e-01 -4.066118e-01  2.264078e+00
   endloop
 endfacet
 facet normal  2.632436e-15  4.614405e-16  1.000000e+00
   outer loop
     vertex -3.136318e-01 -7.730329e-02  2.264078e+00
     vertex -4.907802e-01 -2.910025e-02  2.264078e+00
     vertex -4.714151e-01 -1.395752e-01  2.264078e+00
   endloop
 endfacet
 facet normal  2.448123e-15  9.284505e-16  1.000000e+00
   outer loop
     vertex -3.136318e-01 -7.730329e-02  2.264078e+00
     vertex -4.714151e-01 -1.395752e-01  2.264078e+00
     vertex -2.860183e-01 -1.501140e-01  2.264078e+00
   endloop
 endfacet
 facet normal  6.594434e-17  2.660091e-15  1.000000e+00
   outer loop
     vertex -3.893553e-02 -3.206629e-01  2.264078e+00
     vertex -6.826674e-02 -4.868809e-01  2.264078e+00
     vertex  4.405974e-02 -4.896655e-01  2.264078e+00
   endloop
 endfacet
 facet normal  6.310737e-16  2.560367e-15  1.000000e+00
   outer loop
     vertex -3.893553e-02 -3.206629e-01  2.264078e+00
     vertex -1.145438e-01 -3.020272e-01  2.264078e+00
     vertex -6.826674e-02 -4.868809e-01  2.264078e+00
   endloop
 endfacet
 facet normal  2.672700e-15 -1.473777e-16  1.000000e+00
   outer loop
     vertex -3.230181e-01  3.264560e-16  2.264078e+00
     vertex -4.846049e-01  8.288892e-02  2.264078e+00
     vertex -4.907802e-01 -2.910025e-02  2.264078e+00
   endloop
 endfacet
 facet normal  2.592532e-15  3.147904e-16  1.000000e+00
   outer loop
     vertex -3.230181e-01  3.264560e-16  2.264078e+00
     vertex -4.907802e-01 -2.910025e-02  2.264078e+00
     vertex -3.136318e-01 -7.730329e-02  2.264078e+00
   endloop
 endfacet
 facet normal  3.467240e-15  2.732834e-15  1.000000e+00
   outer loop
     vertex  3.893553e-02 -3.206629e-01  2.264078e+00
     vertex  4.405974e-02 -4.896655e-01  2.264078e+00
     vertex  1.541582e-01 -4.668499e-01  2.264078e+00
   endloop
 endfacet
 facet normal  5.619559e-30  2.627706e-15  1.000000e+00
   outer loop
     vertex  3.893553e-02 -3.206629e-01  2.264078e+00
     vertex -3.893553e-02 -3.206629e-01  2.264078e+00
     vertex  4.405974e-02 -4.896655e-01  2.264078e+00
   endloop
 endfacet
 facet normal  2.706381e-15  3.335208e-15  1.000000e+00
   outer loop
     vertex -3.136318e-01  7.730329e-02  2.264078e+00
     vertex -4.532099e-01  1.905651e-01  2.264078e+00
     vertex -4.846049e-01  8.288892e-02  2.264078e+00
   endloop
 endfacet
 facet normal  2.587158e-15 -3.141378e-16  1.000000e+00
   outer loop
     vertex -3.136318e-01  7.730329e-02  2.264078e+00
     vertex -4.846049e-01  8.288892e-02  2.264078e+00
     vertex -3.230181e-01  3.264560e-16  2.264078e+00
   endloop
 endfacet
 facet normal  0.000000e+00  0.000000e+00  1.000000e+00
   outer loop
     vertex  1.145438e-01 -3.020272e-01  2.264078e+00
     vertex  3.893553e-02 -3.206629e-01  2.264078e+00
     vertex  1.541582e-01 -4.668499e-01  2.264078e+00
   endloop
 endfacet
 facet normal  3.914719e-15  9.408854e-16  1.000000e+00
   outer loop
     vertex  2.562401e-01 -4.195888e-01  2.264078e+00
     vertex  1.145438e-01 -3.020272e-01  2.264078e+00
     vertex  1.541582e-01 -4.668499e-01  2.264078e+00
   endloop
 endfacet
 facet normal  0.000000e+00  0.000000e+00  1.000000e+00
   outer loop
     vertex -2.860183e-01  1.501140e-01  2.264078e+00
     vertex -4.532099e-01  1.905651e-01  2.264078e+00
     vertex -3.136318e-01  7.730329e-02  2.264078e+00
   endloop
 endfacet
 facet normal  9.674038e-16  3.998453e-15  1.000000e+00
   outer loop
     vertex -3.982250e-01  2.883270e-01  2.264078e+00
     vertex -4.532099e-01  1.905651e-01  2.264078e+00
     vertex -2.860183e-01  1.501140e-01  2.264078e+00
   endloop
 endfacet
 facet normal  1.214382e-15 -2.313812e-15  1.000000e+00
   outer loop
     vertex  1.834952e-01 -2.658387e-01  2.264078e+00
     vertex  1.145438e-01 -3.020272e-01  2.264078e+00
     vertex  2.562401e-01 -4.195888e-01  2.264078e+00
   endloop
 endfacet
 facet normal -2.139072e-15  1.476495e-15  1.000000e+00
   outer loop
     vertex -2.417825e-01  2.142006e-01  2.264078e+00
     vertex -3.982250e-01  2.883270e-01  2.264078e+00
     vertex -2.860183e-01  1.501140e-01  2.264078e+00
   endloop
 endfacet
 facet normal  5.304578e-15 -3.785882e-16  1.000000e+00
   outer loop
     vertex  3.448983e-01 -3.503717e-01  2.264078e+00
     vertex  1.834952e-01 -2.658387e-01  2.264078e+00
     vertex  2.562401e-01 -4.195888e-01  2.264078e+00
   endloop
 endfacet
 facet normal  3.458354e-15 -3.903675e-15  1.000000e+00
   outer loop
     vertex  2.417825e-01 -2.142006e-01  2.264078e+00
     vertex  1.834952e-01 -2.658387e-01  2.264078e+00
     vertex  3.448983e-01 -3.503717e-01  2.264078e+00
   endloop
 endfacet
 facet normal -1.980211e-15  1.811770e-15  1.000000e+00
   outer loop
     vertex -3.225015e-01  3.710906e-01  2.264078e+00
     vertex -3.982250e-01  2.883270e-01  2.264078e+00
     vertex -2.417825e-01  2.142006e-01  2.264078e+00
   endloop
 endfacet
 facet normal -1.722537e-15  1.944342e-15  1.000000e+00
   outer loop
     vertex -1.834952e-01  2.658387e-01  2.264078e+00
     vertex -3.225015e-01  3.710906e-01  2.264078e+00
     vertex -2.417825e-01  2.142006e-01  2.264078e+00
   endloop
 endfacet
 facet normal -2.324582e-15 -8.282810e-15  1.000000e+00
   outer loop
     vertex  4.154286e-01 -2.629346e-01  2.264078e+00
     vertex  2.417825e-01 -2.142006e-01  2.264078e+00
     vertex  3.448983e-01 -3.503717e-01  2.264078e+00
   endloop
 endfacet
 facet normal  0.000000e+00  0.000000e+00  1.000000e+00
   outer loop
     vertex  4.154286e-01 -2.629346e-01  2.264078e+00
     vertex  2.860183e-01 -1.501140e-01  2.264078e+00
     vertex  2.417825e-01 -2.142006e-01  2.264078e+00
   endloop
 endfacet
 facet normal -4.036532e-15 -1.111754e-15  1.000000e+00
   outer loop
     vertex -2.299616e-01  4.345479e-01  2.264078e+00
     vertex -3.225015e-01  3.710906e-01  2.264078e+00
     vertex -1.834952e-01  2.658387e-01  2.264078e+00
   endloop
 endfacet
 facet normal  0.000000e+00  0.000000e+00  1.000000e+00
   outer loop
     vertex -2.299616e-01  4.345479e-01  2.264078e+00
     vertex -1.834952e-01  2.658387e-01  2.264078e+00
     vertex -1.145438e-01  3.020272e-01  2.264078e+00
   endloop
 endfacet
 facet normal  2.701093e-15  3.098274e-15  1.000000e+00
   outer loop
     vertex  4.641569e-01 -1.620818e-01  2.264078e+00
     vertex  2.860183e-01 -1.501140e-01  2.264078e+00
     vertex  4.154286e-01 -2.629346e-01  2.264078e+00
   endloop
 endfacet
 facet normal  2.431003e-15 -9.219577e-16  1.000000e+00
   outer loop
     vertex  4.641569e-01 -1.620818e-01  2.264078e+00
     vertex  3.136318e-01 -7.730329e-02  2.264078e+00
     vertex  2.860183e-01 -1.501140e-01  2.264078e+00
   endloop
 endfacet
 facet normal -3.169131e-15 -2.760127e-15  1.000000e+00
   outer loop
     vertex -1.253969e-01  4.753831e-01  2.264078e+00
     vertex -2.299616e-01  4.345479e-01  2.264078e+00
     vertex -1.145438e-01  3.020272e-01  2.264078e+00
   endloop
 endfacet
 facet normal  6.218120e-16 -2.522790e-15  1.000000e+00
   outer loop
     vertex -1.253969e-01  4.753831e-01  2.264078e+00
     vertex -1.145438e-01  3.020272e-01  2.264078e+00
     vertex -3.893553e-02  3.206629e-01  2.264078e+00
   endloop
 endfacet
 facet normal  1.621334e-14  2.354872e-14  1.000000e+00
   outer loop
     vertex  4.847589e-01 -8.197478e-02  2.264078e+00
     vertex  3.136318e-01 -7.730329e-02  2.264078e+00
     vertex  4.641569e-01 -1.620818e-01  2.264078e+00
   endloop
 endfacet
 facet normal  1.551906e-14 -1.884355e-15  1.000000e+00
   outer loop
     vertex  4.847589e-01 -8.197478e-02  2.264078e+00
     vertex  3.230181e-01 -7.911661e-17  2.264078e+00
     vertex  3.136318e-01 -7.730329e-02  2.264078e+00
   endloop
 endfacet
 facet normal  0.000000e+00 -7.801313e-15  1.000000e+00
   outer loop
     vertex -1.422865e-02  4.914377e-01  2.264078e+00
     vertex -3.893553e-02  3.206629e-01  2.264078e+00
     vertex  3.893553e-02  3.206629e-01  2.264078e+00
   endloop
 endfacet
 facet normal -7.009298e-15 -6.787242e-15  1.000000e+00
   outer loop
     vertex -1.422865e-02  4.914377e-01  2.264078e+00
     vertex -1.253969e-01  4.753831e-01  2.264078e+00
     vertex -3.893553e-02  3.206629e-01  2.264078e+00
   endloop
 endfacet
 facet normal  1.525049e-29 -3.250433e-14  1.000000e+00
   outer loop
     vertex  4.916443e-01  0.000000e+00  2.264078e+00
     vertex  3.230181e-01 -7.911661e-17  2.264078e+00
     vertex  4.847589e-01 -8.197478e-02  2.264078e+00
   endloop
 endfacet
 facet normal -3.115586e-15 -1.264043e-14  1.000000e+00
   outer loop
     vertex  9.775841e-02  4.818266e-01  2.264078e+00
     vertex  3.893553e-02  3.206629e-01  2.264078e+00
     vertex  1.145438e-01  3.020272e-01  2.264078e+00
   endloop
 endfacet
 facet normal -8.836710e-15 -1.055228e-14  1.000000e+00
   outer loop
     vertex  9.775841e-02  4.818266e-01  2.264078e+00
     vertex -1.422865e-02  4.914377e-01  2.264078e+00
     vertex  3.893553e-02  3.206629e-01  2.264078e+00
   endloop
 endfacet
 facet normal -9.171013e-14 -1.113563e-14  1.000000e+00
   outer loop
     vertex  4.791039e-01  1.103191e-01  2.264078e+00
     vertex  3.136318e-01  7.730329e-02  2.264078e+00
     vertex  3.230181e-01 -7.911661e-17  2.264078e+00
   endloop
 endfacet
 facet normal  7.421004e-29 -1.408924e-13  1.000000e+00
   outer loop
     vertex  4.791039e-01  1.103191e-01  2.264078e+00
     vertex  3.230181e-01 -7.911661e-17  2.264078e+00
     vertex  4.916443e-01  0.000000e+00  2.264078e+00
   endloop
 endfacet
 facet normal -4.848345e-15 -9.237750e-15  1.000000e+00
   outer loop
     vertex  2.047000e-01  4.470027e-01  2.264078e+00
     vertex  1.145438e-01  3.020272e-01  2.264078e+00
     vertex  1.834952e-01  2.658387e-01  2.264078e+00
   endloop
 endfacet
 facet normal  1.352976e-16 -1.233694e-14  1.000000e+00
   outer loop
     vertex  2.047000e-01  4.470027e-01  2.264078e+00
     vertex  9.775841e-02  4.818266e-01  2.264078e+00
     vertex  1.145438e-01  3.020272e-01  2.264078e+00
   endloop
 endfacet
 facet normal -1.113019e-13  8.705643e-14  1.000000e+00
   outer loop
     vertex  4.418121e-01  2.156764e-01  2.264078e+00
     vertex  3.136318e-01  7.730329e-02  2.264078e+00
     vertex  4.791039e-01  1.103191e-01  2.264078e+00
   endloop
 endfacet
 facet normal -1.229086e-14 -4.661307e-15  1.000000e+00
   outer loop
     vertex  4.418121e-01  2.156764e-01  2.264078e+00
     vertex  2.860183e-01  1.501140e-01  2.264078e+00
     vertex  3.136318e-01  7.730329e-02  2.264078e+00
   endloop
 endfacet
 facet normal  1.733249e-15  1.956434e-15  1.000000e+00
   outer loop
     vertex  3.009521e-01  3.887700e-01  2.264078e+00
     vertex  1.834952e-01  2.658387e-01  2.264078e+00
     vertex  2.417825e-01  2.142006e-01  2.264078e+00
   endloop
 endfacet
 facet normal  1.600360e-14 -1.167842e-14  1.000000e+00
   outer loop
     vertex  3.009521e-01  3.887700e-01  2.264078e+00
     vertex  2.047000e-01  4.470027e-01  2.264078e+00
     vertex  1.834952e-01  2.658387e-01  2.264078e+00
   endloop
 endfacet
 facet normal  1.078355e-14  7.443346e-15  1.000000e+00
   outer loop
     vertex  3.814055e-01  3.102348e-01  2.264078e+00
     vertex  2.417825e-01  2.142006e-01  2.264078e+00
     vertex  2.860183e-01  1.501140e-01  2.264078e+00
   endloop
 endfacet
 facet normal  1.845612e-14 -3.711718e-15  1.000000e+00
   outer loop
     vertex  3.814055e-01  3.102348e-01  2.264078e+00
     vertex  3.009521e-01  3.887700e-01  2.264078e+00
     vertex  2.417825e-01  2.142006e-01  2.264078e+00
   endloop
 endfacet
 facet normal -2.680917e-14  2.983808e-14  1.000000e+00
   outer loop
     vertex  3.814055e-01  3.102348e-01  2.264078e+00
     vertex  2.860183e-01  1.501140e-01  2.264078e+00
     vertex  4.418121e-01  2.156764e-01  2.264078e+00
   endloop
 endfacet
 facet normal  0.000000e+00  0.000000e+00 -1.000000e+00
   outer loop
     vertex -1.710065e-01 -1.514986e-01  2.073065e+00
     vertex -3.613581e-01 -3.333708e-01  2.073065e+00
     vertex -4.275151e-01 -2.427880e-01  2.073065e+00
   endloop
 endfacet
 facet normal  2.201998e-15 -3.508299e-15 -1.000000e+00
   outer loop
     vertex -1.297814e-01 -1.880208e-01  2.073065e+00
     vertex -2.763725e-01 -4.066118e-01  2.073065e+00
     vertex -3.613581e-01 -3.333708e-01  2.073065e+00
   endloop
 endfacet
 facet normal -0.000000e+00  0.000000e+00 -1.000000e+00
   outer loop
     vertex -1.297814e-01 -1.880208e-01  2.073065e+00
     vertex -3.613581e-01 -3.333708e-01  2.073065e+00
     vertex -1.710065e-01 -1.514986e-01  2.073065e+00
   endloop
 endfacet
 facet normal  0.000000e+00  0.000000e+00 -1.000000e+00
   outer loop
     vertex -2.022934e-01 -1.061717e-01  2.073065e+00
     vertex -4.275151e-01 -2.427880e-01  2.073065e+00
     vertex -4.714151e-01 -1.395752e-01  2.073065e+00
   endloop
 endfacet
 facet normal  0.000000e+00 -0.000000e+00 -1.000000e+00
   outer loop
     vertex -2.022934e-01 -1.061717e-01  2.073065e+00
     vertex -1.710065e-01 -1.514986e-01  2.073065e+00
     vertex -4.275151e-01 -2.427880e-01  2.073065e+00
   endloop
 endfacet
 facet normal -7.877380e-16 -1.503649e-15 -1.000000e+00
   outer loop
     vertex -8.101387e-02 -2.136160e-01  2.073065e+00
     vertex -1.769588e-01 -4.586930e-01  2.073065e+00
     vertex -2.763725e-01 -4.066118e-01  2.073065e+00
   endloop
 endfacet
 facet normal -4.266160e-16 -1.645024e-15 -1.000000e+00
   outer loop
     vertex -8.101387e-02 -2.136160e-01  2.073065e+00
     vertex -6.826674e-02 -4.868809e-01  2.073065e+00
     vertex -1.769588e-01 -4.586930e-01  2.073065e+00
   endloop
 endfacet
 facet normal -7.886769e-16 -1.502698e-15 -1.000000e+00
   outer loop
     vertex -8.101387e-02 -2.136160e-01  2.073065e+00
     vertex -2.763725e-01 -4.066118e-01  2.073065e+00
     vertex -1.297814e-01 -1.880208e-01  2.073065e+00
   endloop
 endfacet
 facet normal -0.000000e+00  0.000000e+00 -1.000000e+00
   outer loop
     vertex -2.218236e-01 -5.467462e-02  2.073065e+00
     vertex -4.714151e-01 -1.395752e-01  2.073065e+00
     vertex -4.907802e-01 -2.910025e-02  2.073065e+00
   endloop
 endfacet
 facet normal  0.000000e+00 -0.000000e+00 -1.000000e+00
   outer loop
     vertex -2.218236e-01 -5.467462e-02  2.073065e+00
     vertex -2.022934e-01 -1.061717e-01  2.073065e+00
     vertex -4.714151e-01 -1.395752e-01  2.073065e+00
   endloop
 endfacet
 facet normal -4.216522e-17 -1.700879e-15 -1.000000e+00
   outer loop
     vertex -2.753809e-02 -2.267966e-01  2.073065e+00
     vertex  4.405974e-02 -4.896655e-01  2.073065e+00
     vertex -6.826674e-02 -4.868809e-01  2.073065e+00
   endloop
 endfacet
 facet normal -4.052159e-16 -1.644026e-15 -1.000000e+00
   outer loop
     vertex -2.753809e-02 -2.267966e-01  2.073065e+00
     vertex -6.826674e-02 -4.868809e-01  2.073065e+00
     vertex -8.101387e-02 -2.136160e-01  2.073065e+00
   endloop
 endfacet
 facet normal  4.426167e-16 -3.989872e-15 -1.000000e+00
   outer loop
     vertex -2.284624e-01  2.308939e-16  2.073065e+00
     vertex -4.907802e-01 -2.910025e-02  2.073065e+00
     vertex -4.846049e-01  8.288892e-02  2.073065e+00
   endloop
 endfacet
 facet normal  0.000000e+00 -0.000000e+00 -1.000000e+00
   outer loop
     vertex -2.284624e-01  2.308939e-16  2.073065e+00
     vertex -2.218236e-01 -5.467462e-02  2.073065e+00
     vertex -4.907802e-01 -2.910025e-02  2.073065e+00
   endloop
 endfacet
 facet normal -3.636113e-15 -1.917928e-15 -1.000000e+00
   outer loop
     vertex  2.753809e-02 -2.267966e-01  2.073065e+00
     vertex  1.541582e-01 -4.668499e-01  2.073065e+00
     vertex  4.405974e-02 -4.896655e-01  2.073065e+00
   endloop
 endfacet
 facet normal -4.256840e-30 -1.689394e-15 -1.000000e+00
   outer loop
     vertex  2.753809e-02 -2.267966e-01  2.073065e+00
     vertex  4.405974e-02 -4.896655e-01  2.073065e+00
     vertex -2.753809e-02 -2.267966e-01  2.073065e+00
   endloop
 endfacet
 facet normal  1.638659e-15 -4.777817e-16 -1.000000e+00
   outer loop
     vertex -2.218236e-01  5.467462e-02  2.073065e+00
     vertex -4.846049e-01  8.288892e-02  2.073065e+00
     vertex -4.532099e-01  1.905651e-01  2.073065e+00
   endloop
 endfacet
 facet normal  1.668209e-15 -2.025573e-16 -1.000000e+00
   outer loop
     vertex -2.218236e-01  5.467462e-02  2.073065e+00
     vertex -2.284624e-01  2.308939e-16  2.073065e+00
     vertex -4.846049e-01  8.288892e-02  2.073065e+00
   endloop
 endfacet
 facet normal  0.000000e+00  0.000000e+00 -1.000000e+00
   outer loop
     vertex  8.101387e-02 -2.136160e-01  2.073065e+00
     vertex  2.562401e-01 -4.195888e-01  2.073065e+00
     vertex  1.541582e-01 -4.668499e-01  2.073065e+00
   endloop
 endfacet
 facet normal  0.000000e+00 -0.000000e+00 -1.000000e+00
   outer loop
     vertex  8.101387e-02 -2.136160e-01  2.073065e+00
     vertex  1.541582e-01 -4.668499e-01  2.073065e+00
     vertex  2.753809e-02 -2.267966e-01  2.073065e+00
   endloop
 endfacet
 facet normal  1.488322e-15 -8.370868e-16 -1.000000e+00
   outer loop
     vertex -2.022934e-01  1.061717e-01  2.073065e+00
     vertex -4.532099e-01  1.905651e-01  2.073065e+00
     vertex -3.982250e-01  2.883270e-01  2.073065e+00
   endloop
 endfacet
 facet normal  1.569648e-15 -5.952891e-16 -1.000000e+00
   outer loop
     vertex -2.022934e-01  1.061717e-01  2.073065e+00
     vertex -2.218236e-01  5.467462e-02  2.073065e+00
     vertex -4.532099e-01  1.905651e-01  2.073065e+00
   endloop
 endfacet
 facet normal  0.000000e+00 -0.000000e+00 -1.000000e+00
   outer loop
     vertex  1.297814e-01 -1.880208e-01  2.073065e+00
     vertex  2.562401e-01 -4.195888e-01  2.073065e+00
     vertex  8.101387e-02 -2.136160e-01  2.073065e+00
   endloop
 endfacet
 facet normal  1.380598e-15 -9.529580e-16 -1.000000e+00
   outer loop
     vertex -1.710065e-01  1.514986e-01  2.073065e+00
     vertex -2.022934e-01  1.061717e-01  2.073065e+00
     vertex -3.982250e-01  2.883270e-01  2.073065e+00
   endloop
 endfacet
 facet normal -3.511769e-15 -1.917768e-15 -1.000000e+00
   outer loop
     vertex  3.448983e-01 -3.503717e-01  2.073065e+00
     vertex  2.562401e-01 -4.195888e-01  2.073065e+00
     vertex  1.297814e-01 -1.880208e-01  2.073065e+00
   endloop
 endfacet
 facet normal -1.114757e-15  1.258300e-15 -1.000000e+00
   outer loop
     vertex  1.710065e-01 -1.514986e-01  2.073065e+00
     vertex  3.448983e-01 -3.503717e-01  2.073065e+00
     vertex  1.297814e-01 -1.880208e-01  2.073065e+00
   endloop
 endfacet
 facet normal  1.260156e-15 -1.152965e-15 -1.000000e+00
   outer loop
     vertex -3.225015e-01  3.710906e-01  2.073065e+00
     vertex -1.710065e-01  1.514986e-01  2.073065e+00
     vertex -3.982250e-01  2.883270e-01  2.073065e+00
   endloop
 endfacet
 facet normal  1.111993e-15 -1.255181e-15 -1.000000e+00
   outer loop
     vertex -1.297814e-01  1.880208e-01  2.073065e+00
     vertex -1.710065e-01  1.514986e-01  2.073065e+00
     vertex -3.225015e-01  3.710906e-01  2.073065e+00
   endloop
 endfacet
 facet normal  4.714315e-15  6.355153e-15 -1.000000e+00
   outer loop
     vertex  4.154286e-01 -2.629346e-01  2.073065e+00
     vertex  3.448983e-01 -3.503717e-01  2.073065e+00
     vertex  1.710065e-01 -1.514986e-01  2.073065e+00
   endloop
 endfacet
 facet normal  1.381988e-15 -9.539175e-16 -1.000000e+00
   outer loop
     vertex  4.154286e-01 -2.629346e-01  2.073065e+00
     vertex  1.710065e-01 -1.514986e-01  2.073065e+00
     vertex  2.022934e-01 -1.061717e-01  2.073065e+00
   endloop
 endfacet
 facet normal  7.792428e-16 -1.484723e-15 -1.000000e+00
   outer loop
     vertex -2.299616e-01  4.345479e-01  2.073065e+00
     vertex -8.101387e-02  2.136160e-01  2.073065e+00
     vertex -1.297814e-01  1.880208e-01  2.073065e+00
   endloop
 endfacet
 facet normal  9.660603e-16 -1.408807e-15 -1.000000e+00
   outer loop
     vertex -2.299616e-01  4.345479e-01  2.073065e+00
     vertex -1.297814e-01  1.880208e-01  2.073065e+00
     vertex -3.225015e-01  3.710906e-01  2.073065e+00
   endloop
 endfacet
 facet normal  1.109541e-14  1.225248e-14 -1.000000e+00
   outer loop
     vertex  4.641569e-01 -1.620818e-01  2.073065e+00
     vertex  4.154286e-01 -2.629346e-01  2.073065e+00
     vertex  2.022934e-01 -1.061717e-01  2.073065e+00
   endloop
 endfacet
 facet normal  7.844230e-15 -2.974924e-15 -1.000000e+00
   outer loop
     vertex  4.641569e-01 -1.620818e-01  2.073065e+00
     vertex  2.022934e-01 -1.061717e-01  2.073065e+00
     vertex  2.218236e-01 -5.467462e-02  2.073065e+00
   endloop
 endfacet
 facet normal  7.345176e-15  2.941893e-15 -1.000000e+00
   outer loop
     vertex -1.253969e-01  4.753831e-01  2.073065e+00
     vertex -8.101387e-02  2.136160e-01  2.073065e+00
     vertex -2.299616e-01  4.345479e-01  2.073065e+00
   endloop
 endfacet
 facet normal -4.013772e-16  1.628451e-15 -1.000000e+00
   outer loop
     vertex -1.253969e-01  4.753831e-01  2.073065e+00
     vertex -2.753809e-02  2.267966e-01  2.073065e+00
     vertex -8.101387e-02  2.136160e-01  2.073065e+00
   endloop
 endfacet
 facet normal  1.484220e-14  1.281396e-14 -1.000000e+00
   outer loop
     vertex  4.847589e-01 -8.197478e-02  2.073065e+00
     vertex  4.641569e-01 -1.620818e-01  2.073065e+00
     vertex  2.218236e-01 -5.467462e-02  2.073065e+00
   endloop
 endfacet
 facet normal  1.334352e-14 -1.620197e-15 -1.000000e+00
   outer loop
     vertex  4.847589e-01 -8.197478e-02  2.073065e+00
     vertex  2.218236e-01 -5.467462e-02  2.073065e+00
     vertex  2.284624e-01 -5.595714e-17  2.073065e+00
   endloop
 endfacet
 facet normal  0.000000e+00  5.034243e-15 -1.000000e+00
   outer loop
     vertex -1.422865e-02  4.914377e-01  2.073065e+00
     vertex  2.753809e-02  2.267966e-01  2.073065e+00
     vertex -2.753809e-02  2.267966e-01  2.073065e+00
   endloop
 endfacet
 facet normal  7.315596e-15  4.666324e-15 -1.000000e+00
   outer loop
     vertex -1.422865e-02  4.914377e-01  2.073065e+00
     vertex -2.753809e-02  2.267966e-01  2.073065e+00
     vertex -1.253969e-01  4.753831e-01  2.073065e+00
   endloop
 endfacet
 facet normal  9.214662e-30 -4.333911e-14 -1.000000e+00
   outer loop
     vertex  4.916443e-01  0.000000e+00  2.073065e+00
     vertex  4.847589e-01 -8.197478e-02  2.073065e+00
     vertex  2.284624e-01 -5.595714e-17  2.073065e+00
   endloop
 endfacet
 facet normal  4.457977e-15  5.737819e-15 -1.000000e+00
   outer loop
     vertex  9.775841e-02  4.818266e-01  2.073065e+00
     vertex  2.753809e-02  2.267966e-01  2.073065e+00
     vertex -1.422865e-02  4.914377e-01  2.073065e+00
   endloop
 endfacet
 facet normal  1.607682e-15  6.522623e-15 -1.000000e+00
   outer loop
     vertex  9.775841e-02  4.818266e-01  2.073065e+00
     vertex  8.101387e-02  2.136160e-01  2.073065e+00
     vertex  2.753809e-02  2.267966e-01  2.073065e+00
   endloop
 endfacet
 facet normal  3.027460e-14  3.676002e-15 -1.000000e+00
   outer loop
     vertex  4.791039e-01  1.103191e-01  2.073065e+00
     vertex  2.284624e-01 -5.595714e-17  2.073065e+00
     vertex  2.218236e-01  5.467462e-02  2.073065e+00
   endloop
 endfacet
 facet normal -1.358512e-29  7.245893e-14 -1.000000e+00
   outer loop
     vertex  4.791039e-01  1.103191e-01  2.073065e+00
     vertex  4.916443e-01  0.000000e+00  2.073065e+00
     vertex  2.284624e-01 -5.595714e-17  2.073065e+00
   endloop
 endfacet
 facet normal  2.344025e-15  4.466167e-15 -1.000000e+00
   outer loop
     vertex  2.047000e-01  4.470027e-01  2.073065e+00
     vertex  1.297814e-01  1.880208e-01  2.073065e+00
     vertex  8.101387e-02  2.136160e-01  2.073065e+00
   endloop
 endfacet
 facet normal -1.956188e-15  6.745118e-15 -1.000000e+00
   outer loop
     vertex  2.047000e-01  4.470027e-01  2.073065e+00
     vertex  8.101387e-02  2.136160e-01  2.073065e+00
     vertex  9.775841e-02  4.818266e-01  2.073065e+00
   endloop
 endfacet
 facet normal  6.320466e-15  2.397037e-15 -1.000000e+00
   outer loop
     vertex  4.418121e-01  2.156764e-01  2.073065e+00
     vertex  2.218236e-01  5.467462e-02  2.073065e+00
     vertex  2.022934e-01  1.061717e-01  2.073065e+00
   endloop
 endfacet
 facet normal  4.071563e-14 -4.459957e-14 -1.000000e+00
   outer loop
     vertex  4.418121e-01  2.156764e-01  2.073065e+00
     vertex  4.791039e-01  1.103191e-01  2.073065e+00
     vertex  2.218236e-01  5.467462e-02  2.073065e+00
   endloop
 endfacet
 facet normal  0.000000e+00  0.000000e+00 -1.000000e+00
   outer loop
     vertex  3.009521e-01  3.887700e-01  2.073065e+00
     vertex  1.710065e-01  1.514986e-01  2.073065e+00
     vertex  1.297814e-01  1.880208e-01  2.073065e+00
   endloop
 endfacet
 facet normal -9.131078e-15  7.785700e-15 -1.000000e+00
   outer loop
     vertex  3.009521e-01  3.887700e-01  2.073065e+00
     vertex  1.297814e-01  1.880208e-01  2.073065e+00
     vertex  2.047000e-01  4.470027e-01  2.073065e+00
   endloop
 endfacet
 facet normal -2.775847e-15 -1.916029e-15 -1.000000e+00
   outer loop
     vertex  3.814055e-01  3.102348e-01  2.073065e+00
     vertex  2.022934e-01  1.061717e-01  2.073065e+00
     vertex  1.710065e-01  1.514986e-01  2.073065e+00
   endloop
 endfacet
 facet normal -7.193799e-15  3.939802e-15 -1.000000e+00
   outer loop
     vertex  3.814055e-01  3.102348e-01  2.073065e+00
     vertex  1.710065e-01  1.514986e-01  2.073065e+00
     vertex  3.009521e-01  3.887700e-01  2.073065e+00
   endloop
 endfacet
 facet normal  1.571075e-14 -1.814225e-14 -1.000000e+00
   outer loop
     vertex  3.814055e-01  3.102348e-01  2.073065e+00
     vertex  4.418121e-01  2.156764e-01  2.073065e+00
     vertex  2.022934e-01  1.061717e-01  2.073065e+00
   endloop
 endfacet
 facet normal  8.686012e-01  1.054673e-01 -4.841576e-01
   outer loop
     vertex  3.705397e-01 -9.075605e-17  2.349334e+00
     vertex  3.230181e-01 -7.911661e-17  2.264078e+00
     vertex  3.136318e-01  7.730329e-02  2.264078e+00
   endloop
 endfacet
 facet normal  8.686012e-01 -1.054673e-01 -4.841576e-01
   outer loop
     vertex  3.705397e-01 -9.075605e-17  2.349334e+00
     vertex  3.136318e-01 -7.730329e-02  2.264078e+00
     vertex  3.230181e-01 -7.911661e-17  2.264078e+00
   endloop
 endfacet
 facet normal  9.642967e-01  4.746152e-02 -2.605366e-01
   outer loop
     vertex  3.743815e-01  6.601355e-02  2.375578e+00
     vertex  3.959982e-01 -9.699160e-17  2.443561e+00
     vertex  3.705397e-01 -9.075605e-17  2.349334e+00
   endloop
 endfacet
 facet normal  8.758887e-01  1.333819e-01 -4.637113e-01
   outer loop
     vertex  3.743815e-01  6.601355e-02  2.375578e+00
     vertex  3.705397e-01 -9.075605e-17  2.349334e+00
     vertex  3.136318e-01  7.730329e-02  2.264078e+00
   endloop
 endfacet
 facet normal  8.398268e-01  3.185043e-01 -4.395976e-01
   outer loop
     vertex  3.292255e-01  1.900785e-01  2.375578e+00
     vertex  3.136318e-01  7.730329e-02  2.264078e+00
     vertex  2.860183e-01  1.501140e-01  2.264078e+00
   endloop
 endfacet
 facet normal  7.294115e-01  5.034764e-01 -4.631094e-01
   outer loop
     vertex  3.292255e-01  1.900785e-01  2.375578e+00
     vertex  2.860183e-01  1.501140e-01  2.264078e+00
     vertex  2.417825e-01  2.142006e-01  2.264078e+00
   endloop
 endfacet
 facet normal  8.480297e-01  3.086576e-01 -4.307855e-01
   outer loop
     vertex  3.292255e-01  1.900785e-01  2.375578e+00
     vertex  3.743815e-01  6.601355e-02  2.375578e+00
     vertex  3.136318e-01  7.730329e-02  2.264078e+00
   endloop
 endfacet
 facet normal  5.853480e-01  6.607213e-01 -4.699096e-01
   outer loop
     vertex  2.443601e-01  2.912171e-01  2.375578e+00
     vertex  2.417825e-01  2.142006e-01  2.264078e+00
     vertex  1.834952e-01  2.658387e-01  2.264078e+00
   endloop
 endfacet
 facet normal  6.954946e-01  5.835893e-01 -4.191787e-01
   outer loop
     vertex  2.443601e-01  2.912171e-01  2.375578e+00
     vertex  3.292255e-01  1.900785e-01  2.375578e+00
     vertex  2.417825e-01  2.142006e-01  2.264078e+00
   endloop
 endfacet
 facet normal  9.880318e-01  1.530720e-01 -1.903044e-02
   outer loop
     vertex  3.758764e-01  1.368078e-01  2.499286e+00
     vertex  3.978779e-01 -9.745197e-17  2.541148e+00
     vertex  3.959982e-01 -9.699160e-17  2.443561e+00
   endloop
 endfacet
 facet normal  9.735671e-01  1.929656e-01 -1.221942e-01
   outer loop
     vertex  3.758764e-01  1.368078e-01  2.499286e+00
     vertex  3.959982e-01 -9.699160e-17  2.443561e+00
     vertex  3.743815e-01  6.601355e-02  2.375578e+00
   endloop
 endfacet
 facet normal  9.201694e-01  3.349143e-01 -2.027822e-01
   outer loop
     vertex  3.758764e-01  1.368078e-01  2.499286e+00
     vertex  3.743815e-01  6.601355e-02  2.375578e+00
     vertex  3.292255e-01  1.900785e-01  2.375578e+00
   endloop
 endfacet
 facet normal  4.151793e-01  7.910581e-01 -4.492807e-01
   outer loop
     vertex  1.300213e-01  3.572306e-01  2.375578e+00
     vertex  1.834952e-01  2.658387e-01  2.264078e+00
     vertex  1.145438e-01  3.020272e-01  2.264078e+00
   endloop
 endfacet
 facet normal  2.128514e-01  8.635721e-01 -4.570967e-01
   outer loop
     vertex  1.300213e-01  3.572306e-01  2.375578e+00
     vertex  1.145438e-01  3.020272e-01  2.264078e+00
     vertex  3.893553e-02  3.206629e-01  2.264078e+00
   endloop
 endfacet
 facet normal  4.525033e-01  7.837586e-01 -4.253977e-01
   outer loop
     vertex  1.300213e-01  3.572306e-01  2.375578e+00
     vertex  2.443601e-01  2.912171e-01  2.375578e+00
     vertex  1.834952e-01  2.658387e-01  2.264078e+00
   endloop
 endfacet
 facet normal  8.607130e-01  4.969329e-01 -1.105927e-01
   outer loop
     vertex  3.064173e-01  2.571146e-01  2.499286e+00
     vertex  3.758764e-01  1.368078e-01  2.499286e+00
     vertex  3.292255e-01  1.900785e-01  2.375578e+00
   endloop
 endfacet
 facet normal  7.501290e-01  6.294330e-01 -2.027822e-01
   outer loop
     vertex  3.064173e-01  2.571146e-01  2.499286e+00
     vertex  3.292255e-01  1.900785e-01  2.375578e+00
     vertex  2.443601e-01  2.912171e-01  2.375578e+00
   endloop
 endfacet
 facet normal  9.740248e-01  1.929220e-01  1.185617e-01
   outer loop
     vertex  3.748166e-01  6.609028e-02  2.623063e+00
     vertex  3.978779e-01 -9.745197e-17  2.541148e+00
     vertex  3.758764e-01  1.368078e-01  2.499286e+00
   endloop
 endfacet
 facet normal  9.727752e-01  6.301846e-02  2.230182e-01
   outer loop
     vertex  3.748166e-01  6.609028e-02  2.623063e+00
     vertex  3.760667e-01 -9.210977e-17  2.636286e+00
     vertex  3.978779e-01 -9.745197e-17  2.541148e+00
   endloop
 endfacet
 facet normal  8.864686e-01  1.068550e-01  4.502837e-01
   outer loop
     vertex  3.748166e-01  6.609028e-02  2.623063e+00
     vertex  3.318633e-01 -8.128307e-17  2.723309e+00
     vertex  3.760667e-01 -9.210977e-17  2.636286e+00
   endloop
 endfacet
 facet normal  0.000000e+00  8.822644e-01 -4.707542e-01
   outer loop
     vertex  2.327790e-17  3.801569e-01  2.375578e+00
     vertex  3.893553e-02  3.206629e-01  2.264078e+00
     vertex -3.893553e-02  3.206629e-01  2.264078e+00
   endloop
 endfacet
 facet normal  1.574676e-01  8.930431e-01 -4.215185e-01
   outer loop
     vertex  2.327790e-17  3.801569e-01  2.375578e+00
     vertex  1.300213e-01  3.572306e-01  2.375578e+00
     vertex  3.893553e-02  3.206629e-01  2.264078e+00
   endloop
 endfacet
 facet normal  4.896119e-01  8.480327e-01 -2.027822e-01
   outer loop
     vertex  1.999997e-01  3.464096e-01  2.499286e+00
     vertex  2.443601e-01  2.912171e-01  2.375578e+00
     vertex  1.300213e-01  3.572306e-01  2.375578e+00
   endloop
 endfacet
 facet normal  6.388446e-01  7.613454e-01 -1.105927e-01
   outer loop
     vertex  1.999997e-01  3.464096e-01  2.499286e+00
     vertex  3.064173e-01  2.571146e-01  2.499286e+00
     vertex  2.443601e-01  2.912171e-01  2.375578e+00
   endloop
 endfacet
 facet normal  8.610513e-01  4.971282e-01  1.070241e-01
   outer loop
     vertex  3.296082e-01  1.902994e-01  2.623063e+00
     vertex  3.758764e-01  1.368078e-01  2.499286e+00
     vertex  3.064173e-01  2.571146e-01  2.499286e+00
   endloop
 endfacet
 facet normal  9.208281e-01  3.351540e-01  1.993674e-01
   outer loop
     vertex  3.296082e-01  1.902994e-01  2.623063e+00
     vertex  3.748166e-01  6.609028e-02  2.623063e+00
     vertex  3.758764e-01  1.368078e-01  2.499286e+00
   endloop
 endfacet
 facet normal -2.128514e-01  8.635721e-01 -4.570967e-01
   outer loop
     vertex -1.300213e-01  3.572306e-01  2.375578e+00
     vertex -3.893553e-02  3.206629e-01  2.264078e+00
     vertex -1.145438e-01  3.020272e-01  2.264078e+00
   endloop
 endfacet
 facet normal -4.151793e-01  7.910581e-01 -4.492807e-01
   outer loop
     vertex -1.300213e-01  3.572306e-01  2.375578e+00
     vertex -1.145438e-01  3.020272e-01  2.264078e+00
     vertex -1.834952e-01  2.658387e-01  2.264078e+00
   endloop
 endfacet
 facet normal -1.574676e-01  8.930431e-01 -4.215185e-01
   outer loop
     vertex -1.300213e-01  3.572306e-01  2.375578e+00
     vertex  2.327790e-17  3.801569e-01  2.375578e+00
     vertex -3.893553e-02  3.206629e-01  2.264078e+00
   endloop
 endfacet
 facet normal  3.399221e-01  9.339284e-01 -1.105927e-01
   outer loop
     vertex  6.945916e-02  3.939225e-01  2.499286e+00
     vertex  1.999997e-01  3.464096e-01  2.499286e+00
     vertex  1.300213e-01  3.572306e-01  2.375578e+00
   endloop
 endfacet
 facet normal  1.700404e-01  9.643473e-01 -2.027822e-01
   outer loop
     vertex  6.945916e-02  3.939225e-01  2.499286e+00
     vertex  1.300213e-01  3.572306e-01  2.375578e+00
     vertex  2.327790e-17  3.801569e-01  2.375578e+00
   endloop
 endfacet
 facet normal  7.506660e-01  6.298835e-01  1.993674e-01
   outer loop
     vertex  2.446442e-01  2.915556e-01  2.623063e+00
     vertex  3.296082e-01  1.902994e-01  2.623063e+00
     vertex  3.064173e-01  2.571146e-01  2.499286e+00
   endloop
 endfacet
 facet normal  6.390957e-01  7.616446e-01  1.070241e-01
   outer loop
     vertex  2.446442e-01  2.915556e-01  2.623063e+00
     vertex  3.064173e-01  2.571146e-01  2.499286e+00
     vertex  1.999997e-01  3.464096e-01  2.499286e+00
   endloop
 endfacet
 facet normal  7.499681e-01  1.191281e-01  6.506584e-01
   outer loop
     vertex  3.043274e-01  1.107661e-01  2.734767e+00
     vertex  2.678998e-01 -6.561653e-17  2.797035e+00
     vertex  3.318633e-01 -8.128307e-17  2.723309e+00
   endloop
 endfacet
 facet normal  8.625503e-01  1.649425e-01  4.783314e-01
   outer loop
     vertex  3.043274e-01  1.107661e-01  2.734767e+00
     vertex  3.318633e-01 -8.128307e-17  2.723309e+00
     vertex  3.748166e-01  6.609028e-02  2.623063e+00
   endloop
 endfacet
 facet normal  8.549345e-01  3.111707e-01  4.150418e-01
   outer loop
     vertex  3.043274e-01  1.107661e-01  2.734767e+00
     vertex  3.748166e-01  6.609028e-02  2.623063e+00
     vertex  3.296082e-01  1.902994e-01  2.623063e+00
   endloop
 endfacet
 facet normal -5.853480e-01  6.607213e-01 -4.699096e-01
   outer loop
     vertex -2.443601e-01  2.912171e-01  2.375578e+00
     vertex -1.834952e-01  2.658387e-01  2.264078e+00
     vertex -2.417825e-01  2.142006e-01  2.264078e+00
   endloop
 endfacet
 facet normal -4.525033e-01  7.837586e-01 -4.253977e-01
   outer loop
     vertex -2.443601e-01  2.912171e-01  2.375578e+00
     vertex -1.300213e-01  3.572306e-01  2.375578e+00
     vertex -1.834952e-01  2.658387e-01  2.264078e+00
   endloop
 endfacet
 facet normal -1.700404e-01  9.643473e-01 -2.027822e-01
   outer loop
     vertex -6.945916e-02  3.939225e-01  2.499286e+00
     vertex  2.327790e-17  3.801569e-01  2.375578e+00
     vertex -1.300213e-01  3.572306e-01  2.375578e+00
   endloop
 endfacet
 facet normal  0.000000e+00  9.938658e-01 -1.105927e-01
   outer loop
     vertex -6.945916e-02  3.939225e-01  2.499286e+00
     vertex  6.945916e-02  3.939225e-01  2.499286e+00
     vertex  2.327790e-17  3.801569e-01  2.375578e+00
   endloop
 endfacet
 facet normal  3.400557e-01  9.342954e-01  1.070241e-01
   outer loop
     vertex  1.301724e-01  3.576459e-01  2.623063e+00
     vertex  1.999997e-01  3.464096e-01  2.499286e+00
     vertex  6.945916e-02  3.939225e-01  2.499286e+00
   endloop
 endfacet
 facet normal  4.899624e-01  8.486398e-01  1.993674e-01
   outer loop
     vertex  1.301724e-01  3.576459e-01  2.623063e+00
     vertex  2.446442e-01  2.915556e-01  2.623063e+00
     vertex  1.999997e-01  3.464096e-01  2.499286e+00
   endloop
 endfacet
 facet normal  7.581846e-01  4.377381e-01  4.832614e-01
   outer loop
     vertex  2.480900e-01  2.081722e-01  2.734767e+00
     vertex  3.043274e-01  1.107661e-01  2.734767e+00
     vertex  3.296082e-01  1.902994e-01  2.623063e+00
   endloop
 endfacet
 facet normal  6.969490e-01  5.848097e-01  4.150418e-01
   outer loop
     vertex  2.480900e-01  2.081722e-01  2.734767e+00
     vertex  3.296082e-01  1.902994e-01  2.623063e+00
     vertex  2.446442e-01  2.915556e-01  2.623063e+00
   endloop
 endfacet
 facet normal  5.740137e-01 -2.139222e-02  8.185662e-01
   outer loop
     vertex  2.317697e-01  4.086726e-02  2.823439e+00
     vertex  1.879848e-01 -4.604299e-17  2.853075e+00
     vertex  2.678998e-01 -6.561653e-17  2.797035e+00
   endloop
 endfacet
 facet normal  6.961826e-01  1.639333e-01  6.988960e-01
   outer loop
     vertex  2.317697e-01  4.086726e-02  2.823439e+00
     vertex  2.678998e-01 -6.561653e-17  2.797035e+00
     vertex  3.043274e-01  1.107661e-01  2.734767e+00
   endloop
 endfacet
 facet normal -7.294115e-01  5.034764e-01 -4.631094e-01
   outer loop
     vertex -3.292255e-01  1.900785e-01  2.375578e+00
     vertex -2.417825e-01  2.142006e-01  2.264078e+00
     vertex -2.860183e-01  1.501140e-01  2.264078e+00
   endloop
 endfacet
 facet normal -8.398268e-01  3.185043e-01 -4.395976e-01
   outer loop
     vertex -3.292255e-01  1.900785e-01  2.375578e+00
     vertex -2.860183e-01  1.501140e-01  2.264078e+00
     vertex -3.136318e-01  7.730329e-02  2.264078e+00
   endloop
 endfacet
 facet normal -6.954946e-01  5.835893e-01 -4.191787e-01
   outer loop
     vertex -3.292255e-01  1.900785e-01  2.375578e+00
     vertex -2.443601e-01  2.912171e-01  2.375578e+00
     vertex -2.417825e-01  2.142006e-01  2.264078e+00
   endloop
 endfacet
 facet normal -3.399221e-01  9.339284e-01 -1.105927e-01
   outer loop
     vertex -1.999997e-01  3.464096e-01  2.499286e+00
     vertex -6.945916e-02  3.939225e-01  2.499286e+00
     vertex -1.300213e-01  3.572306e-01  2.375578e+00
   endloop
 endfacet
 facet normal -4.896119e-01  8.480327e-01 -2.027822e-01
   outer loop
     vertex -1.999997e-01  3.464096e-01  2.499286e+00
     vertex -1.300213e-01  3.572306e-01  2.375578e+00
     vertex -2.443601e-01  2.912171e-01  2.375578e+00
   endloop
 endfacet
 facet normal  1.701622e-01  9.650376e-01  1.993674e-01
   outer loop
     vertex  2.330495e-17  3.805988e-01  2.623063e+00
     vertex  1.301724e-01  3.576459e-01  2.623063e+00
     vertex  6.945916e-02  3.939225e-01  2.499286e+00
   endloop
 endfacet
 facet normal  0.000000e+00  9.942564e-01  1.070241e-01
   outer loop
     vertex  2.330495e-17  3.805988e-01  2.623063e+00
     vertex  6.945916e-02  3.939225e-01  2.499286e+00
     vertex -6.945916e-02  3.939225e-01  2.499286e+00
   endloop
 endfacet
 facet normal  4.549012e-01  7.879119e-01  4.150418e-01
   outer loop
     vertex  1.619292e-01  2.804697e-01  2.734767e+00
     vertex  2.446442e-01  2.915556e-01  2.623063e+00
     vertex  1.301724e-01  3.576459e-01  2.623063e+00
   endloop
 endfacet
 facet normal  5.627452e-01  6.706536e-01  4.832614e-01
   outer loop
     vertex  1.619292e-01  2.804697e-01  2.734767e+00
     vertex  2.480900e-01  2.081722e-01  2.734767e+00
     vertex  2.446442e-01  2.915556e-01  2.623063e+00
   endloop
 endfacet
 facet normal  6.301512e-01  3.638180e-01  6.859635e-01
   outer loop
     vertex  2.038149e-01  1.176726e-01  2.823439e+00
     vertex  3.043274e-01  1.107661e-01  2.734767e+00
     vertex  2.480900e-01  2.081722e-01  2.734767e+00
   endloop
 endfacet
 facet normal  6.517850e-01  2.372303e-01  7.203458e-01
   outer loop
     vertex  2.038149e-01  1.176726e-01  2.823439e+00
     vertex  2.317697e-01  4.086726e-02  2.823439e+00
     vertex  3.043274e-01  1.107661e-01  2.734767e+00
   endloop
 endfacet
 facet normal -8.776168e-01  1.065620e-01 -4.673684e-01
   outer loop
     vertex -3.743815e-01  6.601355e-02  2.375578e+00
     vertex -3.136318e-01  7.730329e-02  2.264078e+00
     vertex -3.230181e-01  3.264560e-16  2.264078e+00
   endloop
 endfacet
 facet normal -8.480297e-01  3.086576e-01 -4.307855e-01
   outer loop
     vertex -3.743815e-01  6.601355e-02  2.375578e+00
     vertex -3.292255e-01  1.900785e-01  2.375578e+00
     vertex -3.136318e-01  7.730329e-02  2.264078e+00
   endloop
 endfacet
 facet normal -7.501290e-01  6.294330e-01 -2.027822e-01
   outer loop
     vertex -3.064173e-01  2.571146e-01  2.499286e+00
     vertex -2.443601e-01  2.912171e-01  2.375578e+00
     vertex -3.292255e-01  1.900785e-01  2.375578e+00
   endloop
 endfacet
 facet normal -6.388446e-01  7.613454e-01 -1.105927e-01
   outer loop
     vertex -3.064173e-01  2.571146e-01  2.499286e+00
     vertex -1.999997e-01  3.464096e-01  2.499286e+00
     vertex -2.443601e-01  2.912171e-01  2.375578e+00
   endloop
 endfacet
 facet normal -1.701622e-01  9.650376e-01  1.993674e-01
   outer loop
     vertex -1.301724e-01  3.576459e-01  2.623063e+00
     vertex  2.330495e-17  3.805988e-01  2.623063e+00
     vertex -6.945916e-02  3.939225e-01  2.499286e+00
   endloop
 endfacet
 facet normal -3.400557e-01  9.342954e-01  1.070241e-01
   outer loop
     vertex -1.301724e-01  3.576459e-01  2.623063e+00
     vertex -6.945916e-02  3.939225e-01  2.499286e+00
     vertex -1.999997e-01  3.464096e-01  2.499286e+00
   endloop
 endfacet
 facet normal  1.579855e-01  8.959804e-01  4.150418e-01
   outer loop
     vertex  5.623744e-02  3.189383e-01  2.734767e+00
     vertex  1.301724e-01  3.576459e-01  2.623063e+00
     vertex  2.330495e-17  3.805988e-01  2.623063e+00
   endloop
 endfacet
 facet normal  2.994305e-01  8.226784e-01  4.832614e-01
   outer loop
     vertex  5.623744e-02  3.189383e-01  2.734767e+00
     vertex  1.619292e-01  2.804697e-01  2.734767e+00
     vertex  1.301724e-01  3.576459e-01  2.623063e+00
   endloop
 endfacet
 facet normal  4.677154e-01  5.574015e-01  6.859635e-01
   outer loop
     vertex  1.512769e-01  1.802848e-01  2.823439e+00
     vertex  2.480900e-01  2.081722e-01  2.734767e+00
     vertex  1.619292e-01  2.804697e-01  2.734767e+00
   endloop
 endfacet
 facet normal  5.313400e-01  4.458472e-01  7.203458e-01
   outer loop
     vertex  1.512769e-01  1.802848e-01  2.823439e+00
     vertex  2.038149e-01  1.176726e-01  2.823439e+00
     vertex  2.480900e-01  2.081722e-01  2.734767e+00
   endloop
 endfacet
 facet normal  3.587512e-01  5.632303e-03  9.334162e-01
   outer loop
     vertex  1.162800e-01  4.232247e-02  2.880378e+00
     vertex  9.687655e-02 -2.372791e-17  2.888091e+00
     vertex  1.879848e-01 -4.604299e-17  2.853075e+00
   endloop
 endfacet
 facet normal  1.210658e-01  1.239807e-01  9.848715e-01
   outer loop
     vertex  1.162800e-01  4.232247e-02  2.880378e+00
     vertex  2.449294e-17 -5.999039e-33  2.900000e+00
     vertex  9.687655e-02 -2.372791e-17  2.888091e+00
   endloop
 endfacet
 facet normal  4.373871e-01  1.715408e-01  8.827606e-01
   outer loop
     vertex  1.162800e-01  4.232247e-02  2.880378e+00
     vertex  1.879848e-01 -4.604299e-17  2.853075e+00
     vertex  2.317697e-01  4.086726e-02  2.823439e+00
   endloop
 endfacet
 facet normal  4.381602e-01  1.594773e-01  8.846370e-01
   outer loop
     vertex  1.162800e-01  4.232247e-02  2.880378e+00
     vertex  2.317697e-01  4.086726e-02  2.823439e+00
     vertex  2.038149e-01  1.176726e-01  2.823439e+00
   endloop
 endfacet
 facet normal -9.082644e-01  0.000000e+00 -4.183968e-01
   outer loop
     vertex -3.743815e-01 -6.601355e-02  2.375578e+00
     vertex -3.743815e-01  6.601355e-02  2.375578e+00
     vertex -3.230181e-01  3.264560e-16  2.264078e+00
   endloop
 endfacet
 facet normal -8.776168e-01 -1.065620e-01 -4.673684e-01
   outer loop
     vertex -3.743815e-01 -6.601355e-02  2.375578e+00
     vertex -3.230181e-01  3.264560e-16  2.264078e+00
     vertex -3.136318e-01 -7.730329e-02  2.264078e+00
   endloop
 endfacet
 facet normal -9.201694e-01  3.349143e-01 -2.027822e-01
   outer loop
     vertex -3.758764e-01  1.368078e-01  2.499286e+00
     vertex -3.292255e-01  1.900785e-01  2.375578e+00
     vertex -3.743815e-01  6.601355e-02  2.375578e+00
   endloop
 endfacet
 facet normal -8.607130e-01  4.969329e-01 -1.105927e-01
   outer loop
     vertex -3.758764e-01  1.368078e-01  2.499286e+00
     vertex -3.064173e-01  2.571146e-01  2.499286e+00
     vertex -3.292255e-01  1.900785e-01  2.375578e+00
   endloop
 endfacet
 facet normal -6.390957e-01  7.616446e-01  1.070241e-01
   outer loop
     vertex -2.446442e-01  2.915556e-01  2.623063e+00
     vertex -1.999997e-01  3.464096e-01  2.499286e+00
     vertex -3.064173e-01  2.571146e-01  2.499286e+00
   endloop
 endfacet
 facet normal -4.899624e-01  8.486398e-01  1.993674e-01
   outer loop
     vertex -2.446442e-01  2.915556e-01  2.623063e+00
     vertex -1.301724e-01  3.576459e-01  2.623063e+00
     vertex -1.999997e-01  3.464096e-01  2.499286e+00
   endloop
 endfacet
 facet normal -1.579855e-01  8.959804e-01  4.150418e-01
   outer loop
     vertex -5.623744e-02  3.189383e-01  2.734767e+00
     vertex  2.330495e-17  3.805988e-01  2.623063e+00
     vertex -1.301724e-01  3.576459e-01  2.623063e+00
   endloop
 endfacet
 facet normal -0.000000e+00  8.754761e-01  4.832614e-01
   outer loop
     vertex -5.623744e-02  3.189383e-01  2.734767e+00
     vertex  5.623744e-02  3.189383e-01  2.734767e+00
     vertex  2.330495e-17  3.805988e-01  2.623063e+00
   endloop
 endfacet
 facet normal  2.488662e-01  6.837542e-01  6.859635e-01
   outer loop
     vertex  8.049278e-02  2.211521e-01  2.823439e+00
     vertex  1.619292e-01  2.804697e-01  2.734767e+00
     vertex  5.623744e-02  3.189383e-01  2.734767e+00
   endloop
 endfacet
 facet normal  3.468076e-01  6.006883e-01  7.203458e-01
   outer loop
     vertex  8.049278e-02  2.211521e-01  2.823439e+00
     vertex  1.512769e-01  1.802848e-01  2.823439e+00
     vertex  1.619292e-01  2.804697e-01  2.734767e+00
   endloop
 endfacet
 facet normal  3.571915e-01  2.997192e-01  8.846370e-01
   outer loop
     vertex  9.479236e-02  7.954023e-02  2.880378e+00
     vertex  2.038149e-01  1.176726e-01  2.823439e+00
     vertex  1.512769e-01  1.802848e-01  2.823439e+00
   endloop
 endfacet
 facet normal  1.376688e-01  7.948309e-02  9.872840e-01
   outer loop
     vertex  9.479236e-02  7.954023e-02  2.880378e+00
     vertex  2.449294e-17 -5.999039e-33  2.900000e+00
     vertex  1.162800e-01  4.232247e-02  2.880378e+00
   endloop
 endfacet
 facet normal  3.883807e-01  2.242317e-01  8.938012e-01
   outer loop
     vertex  9.479236e-02  7.954023e-02  2.880378e+00
     vertex  1.162800e-01  4.232247e-02  2.880378e+00
     vertex  2.038149e-01  1.176726e-01  2.823439e+00
   endloop
 endfacet
 facet normal -8.398268e-01 -3.185043e-01 -4.395976e-01
   outer loop
     vertex -3.292255e-01 -1.900785e-01  2.375578e+00
     vertex -3.136318e-01 -7.730329e-02  2.264078e+00
     vertex -2.860183e-01 -1.501140e-01  2.264078e+00
   endloop
 endfacet
 facet normal -7.294115e-01 -5.034764e-01 -4.631094e-01
   outer loop
     vertex -3.292255e-01 -1.900785e-01  2.375578e+00
     vertex -2.860183e-01 -1.501140e-01  2.264078e+00
     vertex -2.417825e-01 -2.142006e-01  2.264078e+00
   endloop
 endfacet
 facet normal -8.480297e-01 -3.086576e-01 -4.307855e-01
   outer loop
     vertex -3.292255e-01 -1.900785e-01  2.375578e+00
     vertex -3.743815e-01 -6.601355e-02  2.375578e+00
     vertex -3.136318e-01 -7.730329e-02  2.264078e+00
   endloop
 endfacet
 facet normal -9.792239e-01  0.000000e+00 -2.027822e-01
   outer loop
     vertex -3.999994e-01  4.898579e-17  2.499286e+00
     vertex -3.743815e-01  6.601355e-02  2.375578e+00
     vertex -3.743815e-01 -6.601355e-02  2.375578e+00
   endloop
 endfacet
 facet normal -9.787668e-01  1.725830e-01 -1.105927e-01
   outer loop
     vertex -3.999994e-01  4.898579e-17  2.499286e+00
     vertex -3.758764e-01  1.368078e-01  2.499286e+00
     vertex -3.743815e-01  6.601355e-02  2.375578e+00
   endloop
 endfacet
 facet normal -8.610513e-01  4.971282e-01  1.070241e-01
   outer loop
     vertex -3.296082e-01  1.902994e-01  2.623063e+00
     vertex -3.064173e-01  2.571146e-01  2.499286e+00
     vertex -3.758764e-01  1.368078e-01  2.499286e+00
   endloop
 endfacet
 facet normal -7.506660e-01  6.298835e-01  1.993674e-01
   outer loop
     vertex -3.296082e-01  1.902994e-01  2.623063e+00
     vertex -2.446442e-01  2.915556e-01  2.623063e+00
     vertex -3.064173e-01  2.571146e-01  2.499286e+00
   endloop
 endfacet
 facet normal -4.549012e-01  7.879119e-01  4.150418e-01
   outer loop
     vertex -1.619292e-01  2.804697e-01  2.734767e+00
     vertex -1.301724e-01  3.576459e-01  2.623063e+00
     vertex -2.446442e-01  2.915556e-01  2.623063e+00
   endloop
 endfacet
 facet normal -2.994305e-01  8.226784e-01  4.832614e-01
   outer loop
     vertex -1.619292e-01  2.804697e-01  2.734767e+00
     vertex -5.623744e-02  3.189383e-01  2.734767e+00
     vertex -1.301724e-01  3.576459e-01  2.623063e+00
   endloop
 endfacet
 facet normal  0.000000e+00  7.276360e-01  6.859635e-01
   outer loop
     vertex  1.441073e-17  2.353452e-01  2.823439e+00
     vertex  5.623744e-02  3.189383e-01  2.734767e+00
     vertex -5.623744e-02  3.189383e-01  2.734767e+00
   endloop
 endfacet
 facet normal  1.204450e-01  6.830775e-01  7.203458e-01
   outer loop
     vertex  1.441073e-17  2.353452e-01  2.823439e+00
     vertex  8.049278e-02  2.211521e-01  2.823439e+00
     vertex  5.623744e-02  3.189383e-01  2.734767e+00
   endloop
 endfacet
 facet normal  1.021815e-01  1.217752e-01  9.872840e-01
   outer loop
     vertex  6.187132e-02  1.071643e-01  2.880378e+00
     vertex  2.449294e-17 -5.999039e-33  2.900000e+00
     vertex  9.479236e-02  7.954023e-02  2.880378e+00
   endloop
 endfacet
 facet normal  2.331402e-01  4.038106e-01  8.846370e-01
   outer loop
     vertex  6.187132e-02  1.071643e-01  2.880378e+00
     vertex  1.512769e-01  1.802848e-01  2.823439e+00
     vertex  8.049278e-02  2.211521e-01  2.823439e+00
   endloop
 endfacet
 facet normal  2.882667e-01  3.435429e-01  8.938012e-01
   outer loop
     vertex  6.187132e-02  1.071643e-01  2.880378e+00
     vertex  9.479236e-02  7.954023e-02  2.880378e+00
     vertex  1.512769e-01  1.802848e-01  2.823439e+00
   endloop
 endfacet
 facet normal -5.853480e-01 -6.607213e-01 -4.699096e-01
   outer loop
     vertex -2.443601e-01 -2.912171e-01  2.375578e+00
     vertex -2.417825e-01 -2.142006e-01  2.264078e+00
     vertex -1.834952e-01 -2.658387e-01  2.264078e+00
   endloop
 endfacet
 facet normal -6.954946e-01 -5.835893e-01 -4.191787e-01
   outer loop
     vertex -2.443601e-01 -2.912171e-01  2.375578e+00
     vertex -3.292255e-01 -1.900785e-01  2.375578e+00
     vertex -2.417825e-01 -2.142006e-01  2.264078e+00
   endloop
 endfacet
 facet normal -9.201694e-01 -3.349143e-01 -2.027822e-01
   outer loop
     vertex -3.758764e-01 -1.368078e-01  2.499286e+00
     vertex -3.743815e-01 -6.601355e-02  2.375578e+00
     vertex -3.292255e-01 -1.900785e-01  2.375578e+00
   endloop
 endfacet
 facet normal -9.787668e-01 -1.725830e-01 -1.105927e-01
   outer loop
     vertex -3.758764e-01 -1.368078e-01  2.499286e+00
     vertex -3.999994e-01  4.898579e-17  2.499286e+00
     vertex -3.743815e-01 -6.601355e-02  2.375578e+00
   endloop
 endfacet
 facet normal -9.208281e-01  3.351540e-01  1.993674e-01
   outer loop
     vertex -3.748166e-01  6.609028e-02  2.623063e+00
     vertex -3.296082e-01  1.902994e-01  2.623063e+00
     vertex -3.758764e-01  1.368078e-01  2.499286e+00
   endloop
 endfacet
 facet normal -9.791514e-01  1.726508e-01  1.070241e-01
   outer loop
     vertex -3.748166e-01  6.609028e-02  2.623063e+00
     vertex -3.758764e-01  1.368078e-01  2.499286e+00
     vertex -3.999994e-01  4.898579e-17  2.499286e+00
   endloop
 endfacet
 facet normal -5.627452e-01  6.706536e-01  4.832614e-01
   outer loop
     vertex -2.480900e-01  2.081722e-01  2.734767e+00
     vertex -1.619292e-01  2.804697e-01  2.734767e+00
     vertex -2.446442e-01  2.915556e-01  2.623063e+00
   endloop
 endfacet
 facet normal -6.969490e-01  5.848097e-01  4.150418e-01
   outer loop
     vertex -2.480900e-01  2.081722e-01  2.734767e+00
     vertex -2.446442e-01  2.915556e-01  2.623063e+00
     vertex -3.296082e-01  1.902994e-01  2.623063e+00
   endloop
 endfacet
 facet normal -1.204450e-01  6.830775e-01  7.203458e-01
   outer loop
     vertex -8.049278e-02  2.211521e-01  2.823439e+00
     vertex  1.441073e-17  2.353452e-01  2.823439e+00
     vertex -5.623744e-02  3.189383e-01  2.734767e+00
   endloop
 endfacet
 facet normal -2.488662e-01  6.837542e-01  6.859635e-01
   outer loop
     vertex -8.049278e-02  2.211521e-01  2.823439e+00
     vertex -5.623744e-02  3.189383e-01  2.734767e+00
     vertex -1.619292e-01  2.804697e-01  2.734767e+00
   endloop
 endfacet
 facet normal  1.533835e-01  4.214177e-01  8.938012e-01
   outer loop
     vertex  2.148768e-02  1.218627e-01  2.880378e+00
     vertex  6.187132e-02  1.071643e-01  2.880378e+00
     vertex  8.049278e-02  2.211521e-01  2.823439e+00
   endloop
 endfacet
 facet normal  8.096873e-02  4.591965e-01  8.846370e-01
   outer loop
     vertex  2.148768e-02  1.218627e-01  2.880378e+00
     vertex  8.049278e-02  2.211521e-01  2.823439e+00
     vertex  1.441073e-17  2.353452e-01  2.823439e+00
   endloop
 endfacet
 facet normal  5.436964e-02  1.493793e-01  9.872840e-01
   outer loop
     vertex  2.148768e-02  1.218627e-01  2.880378e+00
     vertex  2.449294e-17 -5.999039e-33  2.900000e+00
     vertex  6.187132e-02  1.071643e-01  2.880378e+00
   endloop
 endfacet
 facet normal -4.151793e-01 -7.910581e-01 -4.492807e-01
   outer loop
     vertex -1.300213e-01 -3.572306e-01  2.375578e+00
     vertex -1.834952e-01 -2.658387e-01  2.264078e+00
     vertex -1.145438e-01 -3.020272e-01  2.264078e+00
   endloop
 endfacet
 facet normal -2.128514e-01 -8.635721e-01 -4.570967e-01
   outer loop
     vertex -1.300213e-01 -3.572306e-01  2.375578e+00
     vertex -1.145438e-01 -3.020272e-01  2.264078e+00
     vertex -3.893553e-02 -3.206629e-01  2.264078e+00
   endloop
 endfacet
 facet normal -4.525033e-01 -7.837586e-01 -4.253977e-01
   outer loop
     vertex -1.300213e-01 -3.572306e-01  2.375578e+00
     vertex -2.443601e-01 -2.912171e-01  2.375578e+00
     vertex -1.834952e-01 -2.658387e-01  2.264078e+00
   endloop
 endfacet
 facet normal -7.501290e-01 -6.294330e-01 -2.027822e-01
   outer loop
     vertex -3.064173e-01 -2.571146e-01  2.499286e+00
     vertex -3.292255e-01 -1.900785e-01  2.375578e+00
     vertex -2.443601e-01 -2.912171e-01  2.375578e+00
   endloop
 endfacet
 facet normal -8.607130e-01 -4.969329e-01 -1.105927e-01
   outer loop
     vertex -3.064173e-01 -2.571146e-01  2.499286e+00
     vertex -3.758764e-01 -1.368078e-01  2.499286e+00
     vertex -3.292255e-01 -1.900785e-01  2.375578e+00
   endloop
 endfacet
 facet normal -9.799248e-01  0.000000e+00  1.993674e-01
   outer loop
     vertex -3.748166e-01 -6.609028e-02  2.623063e+00
     vertex -3.748166e-01  6.609028e-02  2.623063e+00
     vertex -3.999994e-01  4.898579e-17  2.499286e+00
   endloop
 endfacet
 facet normal -9.791514e-01 -1.726508e-01  1.070241e-01
   outer loop
     vertex -3.748166e-01 -6.609028e-02  2.623063e+00
     vertex -3.999994e-01  4.898579e-17  2.499286e+00
     vertex -3.758764e-01 -1.368078e-01  2.499286e+00
   endloop
 endfacet
 facet normal -7.581846e-01  4.377381e-01  4.832614e-01
   outer loop
     vertex -3.043274e-01  1.107661e-01  2.734767e+00
     vertex -2.480900e-01  2.081722e-01  2.734767e+00
     vertex -3.296082e-01  1.902994e-01  2.623063e+00
   endloop
 endfacet
 facet normal -8.549345e-01  3.111707e-01  4.150418e-01
   outer loop
     vertex -3.043274e-01  1.107661e-01  2.734767e+00
     vertex -3.296082e-01  1.902994e-01  2.623063e+00
     vertex -3.748166e-01  6.609028e-02  2.623063e+00
   endloop
 endfacet
 facet normal -3.468076e-01  6.006883e-01  7.203458e-01
   outer loop
     vertex -1.512769e-01  1.802848e-01  2.823439e+00
     vertex -8.049278e-02  2.211521e-01  2.823439e+00
     vertex -1.619292e-01  2.804697e-01  2.734767e+00
   endloop
 endfacet
 facet normal -4.677154e-01  5.574015e-01  6.859635e-01
   outer loop
     vertex -1.512769e-01  1.802848e-01  2.823439e+00
     vertex -1.619292e-01  2.804697e-01  2.734767e+00
     vertex -2.480900e-01  2.081722e-01  2.734767e+00
   endloop
 endfacet
 facet normal -0.000000e+00  1.589662e-01  9.872840e-01
   outer loop
     vertex -2.148768e-02  1.218627e-01  2.880378e+00
     vertex  2.449294e-17 -5.999039e-33  2.900000e+00
     vertex  2.148768e-02  1.218627e-01  2.880378e+00
   endloop
 endfacet
 facet normal -8.096873e-02  4.591965e-01  8.846370e-01
   outer loop
     vertex -2.148768e-02  1.218627e-01  2.880378e+00
     vertex  1.441073e-17  2.353452e-01  2.823439e+00
     vertex -8.049278e-02  2.211521e-01  2.823439e+00
   endloop
 endfacet
 facet normal -0.000000e+00  4.484634e-01  8.938012e-01
   outer loop
     vertex -2.148768e-02  1.218627e-01  2.880378e+00
     vertex  2.148768e-02  1.218627e-01  2.880378e+00
     vertex  1.441073e-17  2.353452e-01  2.823439e+00
   endloop
 endfacet
 facet normal -1.574676e-01 -8.930431e-01 -4.215185e-01
   outer loop
     vertex -4.074808e-16 -3.801569e-01  2.375578e+00
     vertex -1.300213e-01 -3.572306e-01  2.375578e+00
     vertex -3.893553e-02 -3.206629e-01  2.264078e+00
   endloop
 endfacet
 facet normal -1.938957e-15 -8.822644e-01 -4.707542e-01
   outer loop
     vertex -4.074808e-16 -3.801569e-01  2.375578e+00
     vertex -3.893553e-02 -3.206629e-01  2.264078e+00
     vertex  3.893553e-02 -3.206629e-01  2.264078e+00
   endloop
 endfacet
 facet normal -6.388446e-01 -7.613454e-01 -1.105927e-01
   outer loop
     vertex -1.999997e-01 -3.464096e-01  2.499286e+00
     vertex -3.064173e-01 -2.571146e-01  2.499286e+00
     vertex -2.443601e-01 -2.912171e-01  2.375578e+00
   endloop
 endfacet
 facet normal -4.896119e-01 -8.480327e-01 -2.027822e-01
   outer loop
     vertex -1.999997e-01 -3.464096e-01  2.499286e+00
     vertex -2.443601e-01 -2.912171e-01  2.375578e+00
     vertex -1.300213e-01 -3.572306e-01  2.375578e+00
   endloop
 endfacet
 facet normal -8.610513e-01 -4.971282e-01  1.070241e-01
   outer loop
     vertex -3.296082e-01 -1.902994e-01  2.623063e+00
     vertex -3.758764e-01 -1.368078e-01  2.499286e+00
     vertex -3.064173e-01 -2.571146e-01  2.499286e+00
   endloop
 endfacet
 facet normal -9.208281e-01 -3.351540e-01  1.993674e-01
   outer loop
     vertex -3.296082e-01 -1.902994e-01  2.623063e+00
     vertex -3.748166e-01 -6.609028e-02  2.623063e+00
     vertex -3.758764e-01 -1.368078e-01  2.499286e+00
   endloop
 endfacet
 facet normal -9.098023e-01  0.000000e+00  4.150418e-01
   outer loop
     vertex -3.238585e-01  3.966123e-17  2.734767e+00
     vertex -3.748166e-01  6.609028e-02  2.623063e+00
     vertex -3.748166e-01 -6.609028e-02  2.623063e+00
   endloop
 endfacet
 facet normal -8.621757e-01  1.520248e-01  4.832614e-01
   outer loop
     vertex -3.238585e-01  3.966123e-17  2.734767e+00
     vertex -3.043274e-01  1.107661e-01  2.734767e+00
     vertex -3.748166e-01  6.609028e-02  2.623063e+00
   endloop
 endfacet
 facet normal -6.301512e-01  3.638180e-01  6.859635e-01
   outer loop
     vertex -2.038149e-01  1.176726e-01  2.823439e+00
     vertex -2.480900e-01  2.081722e-01  2.734767e+00
     vertex -3.043274e-01  1.107661e-01  2.734767e+00
   endloop
 endfacet
 facet normal -5.313400e-01  4.458472e-01  7.203458e-01
   outer loop
     vertex -2.038149e-01  1.176726e-01  2.823439e+00
     vertex -1.512769e-01  1.802848e-01  2.823439e+00
     vertex -2.480900e-01  2.081722e-01  2.734767e+00
   endloop
 endfacet
 facet normal -2.331402e-01  4.038106e-01  8.846370e-01
   outer loop
     vertex -6.187132e-02  1.071643e-01  2.880378e+00
     vertex -8.049278e-02  2.211521e-01  2.823439e+00
     vertex -1.512769e-01  1.802848e-01  2.823439e+00
   endloop
 endfacet
 facet normal -1.533835e-01  4.214177e-01  8.938012e-01
   outer loop
     vertex -6.187132e-02  1.071643e-01  2.880378e+00
     vertex -2.148768e-02  1.218627e-01  2.880378e+00
     vertex -8.049278e-02  2.211521e-01  2.823439e+00
   endloop
 endfacet
 facet normal -5.436964e-02  1.493793e-01  9.872840e-01
   outer loop
     vertex -6.187132e-02  1.071643e-01  2.880378e+00
     vertex  2.449294e-17 -5.999039e-33  2.900000e+00
     vertex -2.148768e-02  1.218627e-01  2.880378e+00
   endloop
 endfacet
 facet normal  2.128514e-01 -8.635721e-01 -4.570967e-01
   outer loop
     vertex  1.300213e-01 -3.572306e-01  2.375578e+00
     vertex  3.893553e-02 -3.206629e-01  2.264078e+00
     vertex  1.145438e-01 -3.020272e-01  2.264078e+00
   endloop
 endfacet
 facet normal  4.151793e-01 -7.910581e-01 -4.492807e-01
   outer loop
     vertex  1.300213e-01 -3.572306e-01  2.375578e+00
     vertex  1.145438e-01 -3.020272e-01  2.264078e+00
     vertex  1.834952e-01 -2.658387e-01  2.264078e+00
   endloop
 endfacet
 facet normal  1.574676e-01 -8.930431e-01 -4.215185e-01
   outer loop
     vertex  1.300213e-01 -3.572306e-01  2.375578e+00
     vertex -4.074808e-16 -3.801569e-01  2.375578e+00
     vertex  3.893553e-02 -3.206629e-01  2.264078e+00
   endloop
 endfacet
 facet normal -3.399221e-01 -9.339284e-01 -1.105927e-01
   outer loop
     vertex -6.945916e-02 -3.939225e-01  2.499286e+00
     vertex -1.999997e-01 -3.464096e-01  2.499286e+00
     vertex -1.300213e-01 -3.572306e-01  2.375578e+00
   endloop
 endfacet
 facet normal -1.700404e-01 -9.643473e-01 -2.027822e-01
   outer loop
     vertex -6.945916e-02 -3.939225e-01  2.499286e+00
     vertex -1.300213e-01 -3.572306e-01  2.375578e+00
     vertex -4.074808e-16 -3.801569e-01  2.375578e+00
   endloop
 endfacet
 facet normal -6.390957e-01 -7.616446e-01  1.070241e-01
   outer loop
     vertex -2.446442e-01 -2.915556e-01  2.623063e+00
     vertex -3.064173e-01 -2.571146e-01  2.499286e+00
     vertex -1.999997e-01 -3.464096e-01  2.499286e+00
   endloop
 endfacet
 facet normal -7.506660e-01 -6.298835e-01  1.993674e-01
   outer loop
     vertex -2.446442e-01 -2.915556e-01  2.623063e+00
     vertex -3.296082e-01 -1.902994e-01  2.623063e+00
     vertex -3.064173e-01 -2.571146e-01  2.499286e+00
   endloop
 endfacet
 facet normal -8.549345e-01 -3.111707e-01  4.150418e-01
   outer loop
     vertex -3.043274e-01 -1.107661e-01  2.734767e+00
     vertex -3.748166e-01 -6.609028e-02  2.623063e+00
     vertex -3.296082e-01 -1.902994e-01  2.623063e+00
   endloop
 endfacet
 facet normal -8.621757e-01 -1.520248e-01  4.832614e-01
   outer loop
     vertex -3.043274e-01 -1.107661e-01  2.734767e+00
     vertex -3.238585e-01  3.966123e-17  2.734767e+00
     vertex -3.748166e-01 -6.609028e-02  2.623063e+00
   endloop
 endfacet
 facet normal -6.517850e-01  2.372303e-01  7.203458e-01
   outer loop
     vertex -2.317697e-01  4.086726e-02  2.823439e+00
     vertex -2.038149e-01  1.176726e-01  2.823439e+00
     vertex -3.043274e-01  1.107661e-01  2.734767e+00
   endloop
 endfacet
 facet normal -7.165816e-01  1.263527e-01  6.859635e-01
   outer loop
     vertex -2.317697e-01  4.086726e-02  2.823439e+00
     vertex -3.043274e-01  1.107661e-01  2.734767e+00
     vertex -3.238585e-01  3.966123e-17  2.734767e+00
   endloop
 endfacet
 facet normal -1.021815e-01  1.217752e-01  9.872840e-01
   outer loop
     vertex -9.479236e-02  7.954023e-02  2.880378e+00
     vertex  2.449294e-17 -5.999039e-33  2.900000e+00
     vertex -6.187132e-02  1.071643e-01  2.880378e+00
   endloop
 endfacet
 facet normal -3.571915e-01  2.997192e-01  8.846370e-01
   outer loop
     vertex -9.479236e-02  7.954023e-02  2.880378e+00
     vertex -1.512769e-01  1.802848e-01  2.823439e+00
     vertex -2.038149e-01  1.176726e-01  2.823439e+00
   endloop
 endfacet
 facet normal -2.882667e-01  3.435429e-01  8.938012e-01
   outer loop
     vertex -9.479236e-02  7.954023e-02  2.880378e+00
     vertex -6.187132e-02  1.071643e-01  2.880378e+00
     vertex -1.512769e-01  1.802848e-01  2.823439e+00
   endloop
 endfacet
 facet normal  4.525033e-01 -7.837586e-01 -4.253977e-01
   outer loop
     vertex  2.443601e-01 -2.912171e-01  2.375578e+00
     vertex  1.300213e-01 -3.572306e-01  2.375578e+00
     vertex  1.834952e-01 -2.658387e-01  2.264078e+00
   endloop
 endfacet
 facet normal  5.853480e-01 -6.607213e-01 -4.699096e-01
   outer loop
     vertex  2.443601e-01 -2.912171e-01  2.375578e+00
     vertex  1.834952e-01 -2.658387e-01  2.264078e+00
     vertex  2.417825e-01 -2.142006e-01  2.264078e+00
   endloop
 endfacet
 facet normal  1.700404e-01 -9.643473e-01 -2.027822e-01
   outer loop
     vertex  6.945916e-02 -3.939225e-01  2.499286e+00
     vertex -4.074808e-16 -3.801569e-01  2.375578e+00
     vertex  1.300213e-01 -3.572306e-01  2.375578e+00
   endloop
 endfacet
 facet normal -7.942888e-16 -9.938658e-01 -1.105927e-01
   outer loop
     vertex  6.945916e-02 -3.939225e-01  2.499286e+00
     vertex -6.945916e-02 -3.939225e-01  2.499286e+00
     vertex -4.074808e-16 -3.801569e-01  2.375578e+00
   endloop
 endfacet
 facet normal -4.899624e-01 -8.486398e-01  1.993674e-01
   outer loop
     vertex -1.301724e-01 -3.576459e-01  2.623063e+00
     vertex -2.446442e-01 -2.915556e-01  2.623063e+00
     vertex -1.999997e-01 -3.464096e-01  2.499286e+00
   endloop
 endfacet
 facet normal -3.400557e-01 -9.342954e-01  1.070241e-01
   outer loop
     vertex -1.301724e-01 -3.576459e-01  2.623063e+00
     vertex -1.999997e-01 -3.464096e-01  2.499286e+00
     vertex -6.945916e-02 -3.939225e-01  2.499286e+00
   endloop
 endfacet
 facet normal -7.581846e-01 -4.377381e-01  4.832614e-01
   outer loop
     vertex -2.480900e-01 -2.081722e-01  2.734767e+00
     vertex -3.043274e-01 -1.107661e-01  2.734767e+00
     vertex -3.296082e-01 -1.902994e-01  2.623063e+00
   endloop
 endfacet
 facet normal -6.969490e-01 -5.848097e-01  4.150418e-01
   outer loop
     vertex -2.480900e-01 -2.081722e-01  2.734767e+00
     vertex -3.296082e-01 -1.902994e-01  2.623063e+00
     vertex -2.446442e-01 -2.915556e-01  2.623063e+00
   endloop
 endfacet
 facet normal -7.165816e-01 -1.263527e-01  6.859635e-01
   outer loop
     vertex -2.317697e-01 -4.086726e-02  2.823439e+00
     vertex -3.238585e-01  3.966123e-17  2.734767e+00
     vertex -3.043274e-01 -1.107661e-01  2.734767e+00
   endloop
 endfacet
 facet normal -6.936151e-01  0.000000e+00  7.203458e-01
   outer loop
     vertex -2.317697e-01 -4.086726e-02  2.823439e+00
     vertex -2.317697e-01  4.086726e-02  2.823439e+00
     vertex -3.238585e-01  3.966123e-17  2.734767e+00
   endloop
 endfacet
 facet normal -4.381602e-01  1.594773e-01  8.846370e-01
   outer loop
     vertex -1.162800e-01  4.232247e-02  2.880378e+00
     vertex -2.038149e-01  1.176726e-01  2.823439e+00
     vertex -2.317697e-01  4.086726e-02  2.823439e+00
   endloop
 endfacet
 facet normal -1.376688e-01  7.948309e-02  9.872840e-01
   outer loop
     vertex -1.162800e-01  4.232247e-02  2.880378e+00
     vertex  2.449294e-17 -5.999039e-33  2.900000e+00
     vertex -9.479236e-02  7.954023e-02  2.880378e+00
   endloop
 endfacet
 facet normal -3.883807e-01  2.242317e-01  8.938012e-01
   outer loop
     vertex -1.162800e-01  4.232247e-02  2.880378e+00
     vertex -9.479236e-02  7.954023e-02  2.880378e+00
     vertex -2.038149e-01  1.176726e-01  2.823439e+00
   endloop
 endfacet
 facet normal  7.294115e-01 -5.034764e-01 -4.631094e-01
   outer loop
     vertex  3.292255e-01 -1.900785e-01  2.375578e+00
     vertex  2.417825e-01 -2.142006e-01  2.264078e+00
     vertex  2.860183e-01 -1.501140e-01  2.264078e+00
   endloop
 endfacet
 facet normal  8.398268e-01 -3.185043e-01 -4.395976e-01
   outer loop
     vertex  3.292255e-01 -1.900785e-01  2.375578e+00
     vertex  2.860183e-01 -1.501140e-01  2.264078e+00
     vertex  3.136318e-01 -7.730329e-02  2.264078e+00
   endloop
 endfacet
 facet normal  6.954946e-01 -5.835893e-01 -4.191787e-01
   outer loop
     vertex  3.292255e-01 -1.900785e-01  2.375578e+00
     vertex  2.443601e-01 -2.912171e-01  2.375578e+00
     vertex  2.417825e-01 -2.142006e-01  2.264078e+00
   endloop
 endfacet
 facet normal  4.896119e-01 -8.480327e-01 -2.027822e-01
   outer loop
     vertex  1.999997e-01 -3.464096e-01  2.499286e+00
     vertex  1.300213e-01 -3.572306e-01  2.375578e+00
     vertex  2.443601e-01 -2.912171e-01  2.375578e+00
   endloop
 endfacet
 facet normal  3.399221e-01 -9.339284e-01 -1.105927e-01
   outer loop
     vertex  1.999997e-01 -3.464096e-01  2.499286e+00
     vertex  6.945916e-02 -3.939225e-01  2.499286e+00
     vertex  1.300213e-01 -3.572306e-01  2.375578e+00
   endloop
 endfacet
 facet normal -7.899109e-16 -9.942564e-01  1.070241e-01
   outer loop
     vertex -4.079545e-16 -3.805988e-01  2.623063e+00
     vertex -6.945916e-02 -3.939225e-01  2.499286e+00
     vertex  6.945916e-02 -3.939225e-01  2.499286e+00
   endloop
 endfacet
 facet normal -1.701622e-01 -9.650376e-01  1.993674e-01
   outer loop
     vertex -4.079545e-16 -3.805988e-01  2.623063e+00
     vertex -1.301724e-01 -3.576459e-01  2.623063e+00
     vertex -6.945916e-02 -3.939225e-01  2.499286e+00
   endloop
 endfacet
 facet normal -4.549012e-01 -7.879119e-01  4.150418e-01
   outer loop
     vertex -1.619292e-01 -2.804697e-01  2.734767e+00
     vertex -2.446442e-01 -2.915556e-01  2.623063e+00
     vertex -1.301724e-01 -3.576459e-01  2.623063e+00
   endloop
 endfacet
 facet normal -5.627452e-01 -6.706536e-01  4.832614e-01
   outer loop
     vertex -1.619292e-01 -2.804697e-01  2.734767e+00
     vertex -2.480900e-01 -2.081722e-01  2.734767e+00
     vertex -2.446442e-01 -2.915556e-01  2.623063e+00
   endloop
 endfacet
 facet normal -6.301512e-01 -3.638180e-01  6.859635e-01
   outer loop
     vertex -2.038149e-01 -1.176726e-01  2.823439e+00
     vertex -3.043274e-01 -1.107661e-01  2.734767e+00
     vertex -2.480900e-01 -2.081722e-01  2.734767e+00
   endloop
 endfacet
 facet normal -6.517850e-01 -2.372303e-01  7.203458e-01
   outer loop
     vertex -2.038149e-01 -1.176726e-01  2.823439e+00
     vertex -2.317697e-01 -4.086726e-02  2.823439e+00
     vertex -3.043274e-01 -1.107661e-01  2.734767e+00
   endloop
 endfacet
 facet normal  0.000000e+00  0.000000e+00  0.000000e+00
   outer loop
     vertex -1.237426e-01  1.515410e-17  2.880378e+00
     vertex  2.449294e-17 -5.999039e-33  2.900000e+00
     vertex  2.449294e-17 -5.999039e-33  2.900000e+00
   endloop
 endfacet
 facet normal -1.565511e-01  2.760419e-02  9.872840e-01
   outer loop
     vertex -1.237426e-01  1.515410e-17  2.880378e+00
     vertex  2.449294e-17 -5.999039e-33  2.900000e+00
     vertex -1.162800e-01  4.232247e-02  2.880378e+00
   endloop
 endfacet
 facet normal -4.662804e-01  0.000000e+00  8.846370e-01
   outer loop
     vertex -1.237426e-01  1.515410e-17  2.880378e+00
     vertex -2.317697e-01  4.086726e-02  2.823439e+00
     vertex -2.317697e-01 -4.086726e-02  2.823439e+00
   endloop
 endfacet
 facet normal -4.416502e-01  7.787485e-02  8.938012e-01
   outer loop
     vertex -1.237426e-01  1.515410e-17  2.880378e+00
     vertex -1.162800e-01  4.232247e-02  2.880378e+00
     vertex -2.317697e-01  4.086726e-02  2.823439e+00
   endloop
 endfacet
 facet normal  9.642967e-01 -4.746152e-02 -2.605366e-01
   outer loop
     vertex  3.743815e-01 -6.601355e-02  2.375578e+00
     vertex  3.705397e-01 -9.075605e-17  2.349334e+00
     vertex  3.959982e-01 -9.699160e-17  2.443561e+00
   endloop
 endfacet
 facet normal  8.480297e-01 -3.086576e-01 -4.307855e-01
   outer loop
     vertex  3.743815e-01 -6.601355e-02  2.375578e+00
     vertex  3.292255e-01 -1.900785e-01  2.375578e+00
     vertex  3.136318e-01 -7.730329e-02  2.264078e+00
   endloop
 endfacet
 facet normal  8.758887e-01 -1.333819e-01 -4.637113e-01
   outer loop
     vertex  3.743815e-01 -6.601355e-02  2.375578e+00
     vertex  3.136318e-01 -7.730329e-02  2.264078e+00
     vertex  3.705397e-01 -9.075605e-17  2.349334e+00
   endloop
 endfacet
 facet normal  7.501290e-01 -6.294330e-01 -2.027822e-01
   outer loop
     vertex  3.064173e-01 -2.571146e-01  2.499286e+00
     vertex  2.443601e-01 -2.912171e-01  2.375578e+00
     vertex  3.292255e-01 -1.900785e-01  2.375578e+00
   endloop
 endfacet
 facet normal  6.388446e-01 -7.613454e-01 -1.105927e-01
   outer loop
     vertex  3.064173e-01 -2.571146e-01  2.499286e+00
     vertex  1.999997e-01 -3.464096e-01  2.499286e+00
     vertex  2.443601e-01 -2.912171e-01  2.375578e+00
   endloop
 endfacet
 facet normal  3.400557e-01 -9.342954e-01  1.070241e-01
   outer loop
     vertex  1.301724e-01 -3.576459e-01  2.623063e+00
     vertex  6.945916e-02 -3.939225e-01  2.499286e+00
     vertex  1.999997e-01 -3.464096e-01  2.499286e+00
   endloop
 endfacet
 facet normal  1.701622e-01 -9.650376e-01  1.993674e-01
   outer loop
     vertex  1.301724e-01 -3.576459e-01  2.623063e+00
     vertex -4.079545e-16 -3.805988e-01  2.623063e+00
     vertex  6.945916e-02 -3.939225e-01  2.499286e+00
   endloop
 endfacet
 facet normal -1.579855e-01 -8.959804e-01  4.150418e-01
   outer loop
     vertex -5.623744e-02 -3.189383e-01  2.734767e+00
     vertex -1.301724e-01 -3.576459e-01  2.623063e+00
     vertex -4.079545e-16 -3.805988e-01  2.623063e+00
   endloop
 endfacet
 facet normal -2.994305e-01 -8.226784e-01  4.832614e-01
   outer loop
     vertex -5.623744e-02 -3.189383e-01  2.734767e+00
     vertex -1.619292e-01 -2.804697e-01  2.734767e+00
     vertex -1.301724e-01 -3.576459e-01  2.623063e+00
   endloop
 endfacet
 facet normal -4.677154e-01 -5.574015e-01  6.859635e-01
   outer loop
     vertex -1.512769e-01 -1.802848e-01  2.823439e+00
     vertex -2.480900e-01 -2.081722e-01  2.734767e+00
     vertex -1.619292e-01 -2.804697e-01  2.734767e+00
   endloop
 endfacet
 facet normal -5.313400e-01 -4.458472e-01  7.203458e-01
   outer loop
     vertex -1.512769e-01 -1.802848e-01  2.823439e+00
     vertex -2.038149e-01 -1.176726e-01  2.823439e+00
     vertex -2.480900e-01 -2.081722e-01  2.734767e+00
   endloop
 endfacet
 facet normal -1.565511e-01 -2.760419e-02  9.872840e-01
   outer loop
     vertex -1.162800e-01 -4.232247e-02  2.880378e+00
     vertex  2.449294e-17 -5.999039e-33  2.900000e+00
     vertex -1.237426e-01  1.515410e-17  2.880378e+00
   endloop
 endfacet
 facet normal -4.381602e-01 -1.594773e-01  8.846370e-01
   outer loop
     vertex -1.162800e-01 -4.232247e-02  2.880378e+00
     vertex -2.317697e-01 -4.086726e-02  2.823439e+00
     vertex -2.038149e-01 -1.176726e-01  2.823439e+00
   endloop
 endfacet
 facet normal -4.416502e-01 -7.787485e-02  8.938012e-01
   outer loop
     vertex -1.162800e-01 -4.232247e-02  2.880378e+00
     vertex -1.237426e-01  1.515410e-17  2.880378e+00
     vertex -2.317697e-01 -4.086726e-02  2.823439e+00
   endloop
 endfacet
 facet normal  9.880318e-01 -1.530720e-01 -1.903044e-02
   outer loop
     vertex  3.758764e-01 -1.368078e-01  2.499286e+00
     vertex  3.959982e-01 -9.699160e-17  2.443561e+00
     vertex  3.978779e-01 -9.745197e-17  2.541148e+00
   endloop
 endfacet
 facet normal  9.735671e-01 -1.929656e-01 -1.221942e-01
   outer loop
     vertex  3.758764e-01 -1.368078e-01  2.499286e+00
     vertex  3.743815e-01 -6.601355e-02  2.375578e+00
     vertex  3.959982e-01 -9.699160e-17  2.443561e+00
   endloop
 endfacet
 facet normal  9.201694e-01 -3.349143e-01 -2.027822e-01
   outer loop
     vertex  3.758764e-01 -1.368078e-01  2.499286e+00
     vertex  3.292255e-01 -1.900785e-01  2.375578e+00
     vertex  3.743815e-01 -6.601355e-02  2.375578e+00
   endloop
 endfacet
 facet normal  8.607130e-01 -4.969329e-01 -1.105927e-01
   outer loop
     vertex  3.758764e-01 -1.368078e-01  2.499286e+00
     vertex  3.064173e-01 -2.571146e-01  2.499286e+00
     vertex  3.292255e-01 -1.900785e-01  2.375578e+00
   endloop
 endfacet
 facet normal  6.390957e-01 -7.616446e-01  1.070241e-01
   outer loop
     vertex  2.446442e-01 -2.915556e-01  2.623063e+00
     vertex  1.999997e-01 -3.464096e-01  2.499286e+00
     vertex  3.064173e-01 -2.571146e-01  2.499286e+00
   endloop
 endfacet
 facet normal  4.899624e-01 -8.486398e-01  1.993674e-01
   outer loop
     vertex  2.446442e-01 -2.915556e-01  2.623063e+00
     vertex  1.301724e-01 -3.576459e-01  2.623063e+00
     vertex  1.999997e-01 -3.464096e-01  2.499286e+00
   endloop
 endfacet
 facet normal  1.579855e-01 -8.959804e-01  4.150418e-01
   outer loop
     vertex  5.623744e-02 -3.189383e-01  2.734767e+00
     vertex -4.079545e-16 -3.805988e-01  2.623063e+00
     vertex  1.301724e-01 -3.576459e-01  2.623063e+00
   endloop
 endfacet
 facet normal -8.641697e-16 -8.754761e-01  4.832614e-01
   outer loop
     vertex  5.623744e-02 -3.189383e-01  2.734767e+00
     vertex -5.623744e-02 -3.189383e-01  2.734767e+00
     vertex -4.079545e-16 -3.805988e-01  2.623063e+00
   endloop
 endfacet
 facet normal -2.488662e-01 -6.837542e-01  6.859635e-01
   outer loop
     vertex -8.049278e-02 -2.211521e-01  2.823439e+00
     vertex -1.619292e-01 -2.804697e-01  2.734767e+00
     vertex -5.623744e-02 -3.189383e-01  2.734767e+00
   endloop
 endfacet
 facet normal -3.468076e-01 -6.006883e-01  7.203458e-01
   outer loop
     vertex -8.049278e-02 -2.211521e-01  2.823439e+00
     vertex -1.512769e-01 -1.802848e-01  2.823439e+00
     vertex -1.619292e-01 -2.804697e-01  2.734767e+00
   endloop
 endfacet
 facet normal -3.571915e-01 -2.997192e-01  8.846370e-01
   outer loop
     vertex -9.479236e-02 -7.954023e-02  2.880378e+00
     vertex -2.038149e-01 -1.176726e-01  2.823439e+00
     vertex -1.512769e-01 -1.802848e-01  2.823439e+00
   endloop
 endfacet
 facet normal -3.883807e-01 -2.242317e-01  8.938012e-01
   outer loop
     vertex -9.479236e-02 -7.954023e-02  2.880378e+00
     vertex -1.162800e-01 -4.232247e-02  2.880378e+00
     vertex -2.038149e-01 -1.176726e-01  2.823439e+00
   endloop
 endfacet
 facet normal -1.376688e-01 -7.948309e-02  9.872840e-01
   outer loop
     vertex -9.479236e-02 -7.954023e-02  2.880378e+00
     vertex  2.449294e-17 -5.999039e-33  2.900000e+00
     vertex -1.162800e-01 -4.232247e-02  2.880378e+00
   endloop
 endfacet
 facet normal  7.506660e-01 -6.298835e-01  1.993674e-01
   outer loop
     vertex  3.296082e-01 -1.902994e-01  2.623063e+00
     vertex  2.446442e-01 -2.915556e-01  2.623063e+00
     vertex  3.064173e-01 -2.571146e-01  2.499286e+00
   endloop
 endfacet
 facet normal  8.610513e-01 -4.971282e-01  1.070241e-01
   outer loop
     vertex  3.296082e-01 -1.902994e-01  2.623063e+00
     vertex  3.064173e-01 -2.571146e-01  2.499286e+00
     vertex  3.758764e-01 -1.368078e-01  2.499286e+00
   endloop
 endfacet
 facet normal  4.549012e-01 -7.879119e-01  4.150418e-01
   outer loop
     vertex  1.619292e-01 -2.804697e-01  2.734767e+00
     vertex  1.301724e-01 -3.576459e-01  2.623063e+00
     vertex  2.446442e-01 -2.915556e-01  2.623063e+00
   endloop
 endfacet
 facet normal  2.994305e-01 -8.226784e-01  4.832614e-01
   outer loop
     vertex  1.619292e-01 -2.804697e-01  2.734767e+00
     vertex  5.623744e-02 -3.189383e-01  2.734767e+00
     vertex  1.301724e-01 -3.576459e-01  2.623063e+00
   endloop
 endfacet
 facet normal -6.960934e-16 -7.276360e-01  6.859635e-01
   outer loop
     vertex -2.522607e-16 -2.353452e-01  2.823439e+00
     vertex -5.623744e-02 -3.189383e-01  2.734767e+00
     vertex  5.623744e-02 -3.189383e-01  2.734767e+00
   endloop
 endfacet
 facet normal -1.204450e-01 -6.830775e-01  7.203458e-01
   outer loop
     vertex -2.522607e-16 -2.353452e-01  2.823439e+00
     vertex -8.049278e-02 -2.211521e-01  2.823439e+00
     vertex -5.623744e-02 -3.189383e-01  2.734767e+00
   endloop
 endfacet
 facet normal -2.882667e-01 -3.435429e-01  8.938012e-01
   outer loop
     vertex -6.187132e-02 -1.071643e-01  2.880378e+00
     vertex -9.479236e-02 -7.954023e-02  2.880378e+00
     vertex -1.512769e-01 -1.802848e-01  2.823439e+00
   endloop
 endfacet
 facet normal -2.331402e-01 -4.038106e-01  8.846370e-01
   outer loop
     vertex -6.187132e-02 -1.071643e-01  2.880378e+00
     vertex -1.512769e-01 -1.802848e-01  2.823439e+00
     vertex -8.049278e-02 -2.211521e-01  2.823439e+00
   endloop
 endfacet
 facet normal -1.021815e-01 -1.217752e-01  9.872840e-01
   outer loop
     vertex -6.187132e-02 -1.071643e-01  2.880378e+00
     vertex  2.449294e-17 -5.999039e-33  2.900000e+00
     vertex -9.479236e-02 -7.954023e-02  2.880378e+00
   endloop
 endfacet
 facet normal  9.727752e-01 -6.301846e-02  2.230182e-01
   outer loop
     vertex  3.748166e-01 -6.609028e-02  2.623063e+00
     vertex  3.978779e-01 -9.745197e-17  2.541148e+00
     vertex  3.760667e-01 -9.210977e-17  2.636286e+00
   endloop
 endfacet
 facet normal  8.864686e-01 -1.068550e-01  4.502837e-01
   outer loop
     vertex  3.748166e-01 -6.609028e-02  2.623063e+00
     vertex  3.760667e-01 -9.210977e-17  2.636286e+00
     vertex  3.318633e-01 -8.128307e-17  2.723309e+00
   endloop
 endfacet
 facet normal  9.208281e-01 -3.351540e-01  1.993674e-01
   outer loop
     vertex  3.748166e-01 -6.609028e-02  2.623063e+00
     vertex  3.296082e-01 -1.902994e-01  2.623063e+00
     vertex  3.758764e-01 -1.368078e-01  2.499286e+00
   endloop
 endfacet
 facet normal  9.740248e-01 -1.929220e-01  1.185617e-01
   outer loop
     vertex  3.748166e-01 -6.609028e-02  2.623063e+00
     vertex  3.758764e-01 -1.368078e-01  2.499286e+00
     vertex  3.978779e-01 -9.745197e-17  2.541148e+00
   endloop
 endfacet
 facet normal  5.627452e-01 -6.706536e-01  4.832614e-01
   outer loop
     vertex  2.480900e-01 -2.081722e-01  2.734767e+00
     vertex  1.619292e-01 -2.804697e-01  2.734767e+00
     vertex  2.446442e-01 -2.915556e-01  2.623063e+00
   endloop
 endfacet
 facet normal  6.969490e-01 -5.848097e-01  4.150418e-01
   outer loop
     vertex  2.480900e-01 -2.081722e-01  2.734767e+00
     vertex  2.446442e-01 -2.915556e-01  2.623063e+00
     vertex  3.296082e-01 -1.902994e-01  2.623063e+00
   endloop
 endfacet
 facet normal  2.488662e-01 -6.837542e-01  6.859635e-01
   outer loop
     vertex  8.049278e-02 -2.211521e-01  2.823439e+00
     vertex  5.623744e-02 -3.189383e-01  2.734767e+00
     vertex  1.619292e-01 -2.804697e-01  2.734767e+00
   endloop
 endfacet
 facet normal  1.204450e-01 -6.830775e-01  7.203458e-01
   outer loop
     vertex  8.049278e-02 -2.211521e-01  2.823439e+00
     vertex -2.522607e-16 -2.353452e-01  2.823439e+00
     vertex  5.623744e-02 -3.189383e-01  2.734767e+00
   endloop
 endfacet
 facet normal -8.096873e-02 -4.591965e-01  8.846370e-01
   outer loop
     vertex -2.148768e-02 -1.218627e-01  2.880378e+00
     vertex -8.049278e-02 -2.211521e-01  2.823439e+00
     vertex -2.522607e-16 -2.353452e-01  2.823439e+00
   endloop
 endfacet
 facet normal -1.533835e-01 -4.214177e-01  8.938012e-01
   outer loop
     vertex -2.148768e-02 -1.218627e-01  2.880378e+00
     vertex -6.187132e-02 -1.071643e-01  2.880378e+00
     vertex -8.049278e-02 -2.211521e-01  2.823439e+00
   endloop
 endfacet
 facet normal -5.436964e-02 -1.493793e-01  9.872840e-01
   outer loop
     vertex -2.148768e-02 -1.218627e-01  2.880378e+00
     vertex  2.449294e-17 -5.999039e-33  2.900000e+00
     vertex -6.187132e-02 -1.071643e-01  2.880378e+00
   endloop
 endfacet
 facet normal  7.499681e-01 -1.191281e-01  6.506584e-01
   outer loop
     vertex  3.043274e-01 -1.107661e-01  2.734767e+00
     vertex  3.318633e-01 -8.128307e-17  2.723309e+00
     vertex  2.678998e-01 -6.561653e-17  2.797035e+00
   endloop
 endfacet
 facet normal  8.625503e-01 -1.649425e-01  4.783314e-01
   outer loop
     vertex  3.043274e-01 -1.107661e-01  2.734767e+00
     vertex  3.748166e-01 -6.609028e-02  2.623063e+00
     vertex  3.318633e-01 -8.128307e-17  2.723309e+00
   endloop
 endfacet
 facet normal  8.549345e-01 -3.111707e-01  4.150418e-01
   outer loop
     vertex  3.043274e-01 -1.107661e-01  2.734767e+00
     vertex  3.296082e-01 -1.902994e-01  2.623063e+00
     vertex  3.748166e-01 -6.609028e-02  2.623063e+00
   endloop
 endfacet
 facet normal  7.581846e-01 -4.377381e-01  4.832614e-01
   outer loop
     vertex  3.043274e-01 -1.107661e-01  2.734767e+00
     vertex  2.480900e-01 -2.081722e-01  2.734767e+00
     vertex  3.296082e-01 -1.902994e-01  2.623063e+00
   endloop
 endfacet
 facet normal  4.677154e-01 -5.574015e-01  6.859635e-01
   outer loop
     vertex  1.512769e-01 -1.802848e-01  2.823439e+00
     vertex  1.619292e-01 -2.804697e-01  2.734767e+00
     vertex  2.480900e-01 -2.081722e-01  2.734767e+00
   endloop
 endfacet
 facet normal  3.468076e-01 -6.006883e-01  7.203458e-01
   outer loop
     vertex  1.512769e-01 -1.802848e-01  2.823439e+00
     vertex  8.049278e-02 -2.211521e-01  2.823439e+00
     vertex  1.619292e-01 -2.804697e-01  2.734767e+00
   endloop
 endfacet
 facet normal -1.026681e-16 -1.589662e-01  9.872840e-01
   outer loop
     vertex  2.148768e-02 -1.218627e-01  2.880378e+00
     vertex  2.449294e-17 -5.999039e-33  2.900000e+00
     vertex -2.148768e-02 -1.218627e-01  2.880378e+00
   endloop
 endfacet
 facet normal  8.096873e-02 -4.591965e-01  8.846370e-01
   outer loop
     vertex  2.148768e-02 -1.218627e-01  2.880378e+00
     vertex -2.522607e-16 -2.353452e-01  2.823439e+00
     vertex  8.049278e-02 -2.211521e-01  2.823439e+00
   endloop
 endfacet
 facet normal -2.896394e-16 -4.484634e-01  8.938012e-01
   outer loop
     vertex  2.148768e-02 -1.218627e-01  2.880378e+00
     vertex -2.148768e-02 -1.218627e-01  2.880378e+00
     vertex -2.522607e-16 -2.353452e-01  2.823439e+00
   endloop
 endfacet
 facet normal  6.301512e-01 -3.638180e-01  6.859635e-01
   outer loop
     vertex  2.038149e-01 -1.176726e-01  2.823439e+00
     vertex  2.480900e-01 -2.081722e-01  2.734767e+00
     vertex  3.043274e-01 -1.107661e-01  2.734767e+00
   endloop
 endfacet
 facet normal  5.313400e-01 -4.458472e-01  7.203458e-01
   outer loop
     vertex  2.038149e-01 -1.176726e-01  2.823439e+00
     vertex  1.512769e-01 -1.802848e-01  2.823439e+00
     vertex  2.480900e-01 -2.081722e-01  2.734767e+00
   endloop
 endfacet
 facet normal  5.436964e-02 -1.493793e-01  9.872840e-01
   outer loop
     vertex  6.187132e-02 -1.071643e-01  2.880378e+00
     vertex  2.449294e-17 -5.999039e-33  2.900000e+00
     vertex  2.148768e-02 -1.218627e-01  2.880378e+00
   endloop
 endfacet
 facet normal  2.331402e-01 -4.038106e-01  8.846370e-01
   outer loop
     vertex  6.187132e-02 -1.071643e-01  2.880378e+00
     vertex  8.049278e-02 -2.211521e-01  2.823439e+00
     vertex  1.512769e-01 -1.802848e-01  2.823439e+00
   endloop
 endfacet
 facet normal  1.533835e-01 -4.214177e-01  8.938012e-01
   outer loop
     vertex  6.187132e-02 -1.071643e-01  2.880378e+00
     vertex  2.148768e-02 -1.218627e-01  2.880378e+00
     vertex  8.049278e-02 -2.211521e-01  2.823439e+00
   endloop
 endfacet
 facet normal  5.740137e-01  2.139222e-02  8.185662e-01
   outer loop
     vertex  2.317697e-01 -4.086726e-02  2.823439e+00
     vertex  2.678998e-01 -6.561653e-17  2.797035e+00
     vertex  1.879848e-01 -4.604299e-17  2.853075e+00
   endloop
 endfacet
 facet normal  6.961826e-01 -1.639333e-01  6.988960e-01
   outer loop
     vertex  2.317697e-01 -4.086726e-02  2.823439e+00
     vertex  3.043274e-01 -1.107661e-01  2.734767e+00
     vertex  2.678998e-01 -6.561653e-17  2.797035e+00
   endloop
 endfacet
 facet normal  6.517850e-01 -2.372303e-01  7.203458e-01
   outer loop
     vertex  2.317697e-01 -4.086726e-02  2.823439e+00
     vertex  2.038149e-01 -1.176726e-01  2.823439e+00
     vertex  3.043274e-01 -1.107661e-01  2.734767e+00
   endloop
 endfacet
 facet normal  1.021815e-01 -1.217752e-01  9.872840e-01
   outer loop
     vertex  9.479236e-02 -7.954023e-02  2.880378e+00
     vertex  2.449294e-17 -5.999039e-33  2.900000e+00
     vertex  6.187132e-02 -1.071643e-01  2.880378e+00
   endloop
 endfacet
 facet normal  3.571915e-01 -2.997192e-01  8.846370e-01
   outer loop
     vertex  9.479236e-02 -7.954023e-02  2.880378e+00
     vertex  1.512769e-01 -1.802848e-01  2.823439e+00
     vertex  2.038149e-01 -1.176726e-01  2.823439e+00
   endloop
 endfacet
 facet normal  2.882667e-01 -3.435429e-01  8.938012e-01
   outer loop
     vertex  9.479236e-02 -7.954023e-02  2.880378e+00
     vertex  6.187132e-02 -1.071643e-01  2.880378e+00
     vertex  1.512769e-01 -1.802848e-01  2.823439e+00
   endloop
 endfacet
 facet normal  1.376688e-01 -7.948309e-02  9.872840e-01
   outer loop
     vertex  1.162800e-01 -4.232247e-02  2.880378e+00
     vertex  2.449294e-17 -5.999039e-33  2.900000e+00
     vertex  9.479236e-02 -7.954023e-02  2.880378e+00
   endloop
 endfacet
 facet normal  3.587512e-01 -5.632303e-03  9.334162e-01
   outer loop
     vertex  1.162800e-01 -4.232247e-02  2.880378e+00
     vertex  1.879848e-01 -4.604299e-17  2.853075e+00
     vertex  9.687655e-02 -2.372791e-17  2.888091e+00
   endloop
 endfacet
 facet normal  1.210658e-01 -1.239807e-01  9.848715e-01
   outer loop
     vertex  1.162800e-01 -4.232247e-02  2.880378e+00
     vertex  9.687655e-02 -2.372791e-17  2.888091e+00
     vertex  2.449294e-17 -5.999039e-33  2.900000e+00
   endloop
 endfacet
 facet normal  4.373871e-01 -1.715408e-01  8.827606e-01
   outer loop
     vertex  1.162800e-01 -4.232247e-02  2.880378e+00
     vertex  2.317697e-01 -4.086726e-02  2.823439e+00
     vertex  1.879848e-01 -4.604299e-17  2.853075e+00
   endloop
 endfacet
 facet normal  4.381602e-01 -1.594773e-01  8.846370e-01
   outer loop
     vertex  1.162800e-01 -4.232247e-02  2.880378e+00
     vertex  2.038149e-01 -1.176726e-01  2.823439e+00
     vertex  2.317697e-01 -4.086726e-02  2.823439e+00
   endloop
 endfacet
 facet normal  3.883807e-01 -2.242317e-01  8.938012e-01
   outer loop
     vertex  1.162800e-01 -4.232247e-02  2.880378e+00
     vertex  9.479236e-02 -7.954023e-02  2.880378e+00
     vertex  2.038149e-01 -1.176726e-01  2.823439e+00
   endloop
 endfacet
 facet normal  9.905420e-01  1.202736e-01  6.603613e-02
   outer loop
     vertex  2.897803e-01 -7.097571e-17  1.153295e+00
     vertex  3.000000e-01 -7.347881e-17  1.000000e+00
     vertex  2.912825e-01  7.179470e-02  1.000000e+00
   endloop
 endfacet
 facet normal  9.905420e-01  1.202736e-01  6.603613e-02
   outer loop
     vertex  2.218236e-01  5.467462e-02  2.073065e+00
     vertex  2.284624e-01 -5.595714e-17  2.073065e+00
     vertex  2.386820e-01 -5.846023e-17  1.919770e+00
   endloop
 endfacet
 facet normal  9.905420e-01 -1.202736e-01  6.603613e-02
   outer loop
     vertex  2.897803e-01 -7.097571e-17  1.153295e+00
     vertex  2.912825e-01 -7.179470e-02  1.000000e+00
     vertex  3.000000e-01 -7.347881e-17  1.000000e+00
   endloop
 endfacet
 facet normal  9.905420e-01 -1.202736e-01  6.603613e-02
   outer loop
     vertex  2.284624e-01 -5.595714e-17  2.073065e+00
     vertex  2.218236e-01 -5.467462e-02  2.073065e+00
     vertex  2.386820e-01 -5.846023e-17  1.919770e+00
   endloop
 endfacet
 facet normal  9.329753e-01  3.538309e-01  6.603613e-02
   outer loop
     vertex  2.565877e-01  1.346676e-01  1.153295e+00
     vertex  2.912825e-01  7.179470e-02  1.000000e+00
     vertex  2.656368e-01  1.394170e-01  1.000000e+00
   endloop
 endfacet
 facet normal  8.211875e-01  5.668248e-01  6.603613e-02
   outer loop
     vertex  2.565877e-01  1.346676e-01  1.153295e+00
     vertex  2.656368e-01  1.394170e-01  1.000000e+00
     vertex  2.245532e-01  1.989368e-01  1.000000e+00
   endloop
 endfacet
 facet normal  9.638424e-01  2.375658e-01  1.207075e-01
   outer loop
     vertex  2.565877e-01  1.346676e-01  1.153295e+00
     vertex  2.897803e-01 -7.097571e-17  1.153295e+00
     vertex  2.912825e-01  7.179470e-02  1.000000e+00
   endloop
 endfacet
 facet normal  7.430377e-01  6.582740e-01  1.207075e-01
   outer loop
     vertex  1.646140e-01  2.384845e-01  1.153295e+00
     vertex  2.565877e-01  1.346676e-01  1.153295e+00
     vertex  2.245532e-01  1.989368e-01  1.000000e+00
   endloop
 endfacet
 facet normal  6.616752e-01  7.468769e-01  6.603613e-02
   outer loop
     vertex  1.646140e-01  2.384845e-01  1.153295e+00
     vertex  2.245532e-01  1.989368e-01  1.000000e+00
     vertex  1.704194e-01  2.468952e-01  1.000000e+00
   endloop
 endfacet
 facet normal  4.637088e-01  8.835233e-01  6.603613e-02
   outer loop
     vertex  1.646140e-01  2.384845e-01  1.153295e+00
     vertex  1.704194e-01  2.468952e-01  1.000000e+00
     vertex  1.063815e-01  2.805049e-01  1.000000e+00
   endloop
 endfacet
 facet normal  9.689141e-01  2.388159e-01  6.459427e-02
   outer loop
     vertex  2.475387e-01  1.299183e-01  1.306590e+00
     vertex  2.897803e-01 -7.097571e-17  1.153295e+00
     vertex  2.565877e-01  1.346676e-01  1.153295e+00
   endloop
 endfacet
 facet normal  9.689141e-01  2.388159e-01  6.459427e-02
   outer loop
     vertex  2.475387e-01  1.299183e-01  1.306590e+00
     vertex  2.795607e-01 -6.847262e-17  1.306590e+00
     vertex  2.897803e-01 -7.097571e-17  1.153295e+00
   endloop
 endfacet
 facet normal  2.387933e-01  9.688225e-01  6.603613e-02
   outer loop
     vertex  3.492916e-02  2.876675e-01  1.153295e+00
     vertex  1.063815e-01  2.805049e-01  1.000000e+00
     vertex  3.616100e-02  2.978127e-01  1.000000e+00
   endloop
 endfacet
 facet normal  0.000000e+00  9.978172e-01  6.603613e-02
   outer loop
     vertex  3.492916e-02  2.876675e-01  1.153295e+00
     vertex  3.616100e-02  2.978127e-01  1.000000e+00
     vertex -3.616100e-02  2.978127e-01  1.000000e+00
   endloop
 endfacet
 facet normal  3.520121e-01  9.281795e-01  1.207075e-01
   outer loop
     vertex  3.492916e-02  2.876675e-01  1.153295e+00
     vertex  1.646140e-01  2.384845e-01  1.153295e+00
     vertex  1.063815e-01  2.805049e-01  1.000000e+00
   endloop
 endfacet
 facet normal  7.469476e-01  6.617378e-01  6.459427e-02
   outer loop
     vertex  1.588086e-01  2.300739e-01  1.306590e+00
     vertex  2.475387e-01  1.299183e-01  1.306590e+00
     vertex  2.565877e-01  1.346676e-01  1.153295e+00
   endloop
 endfacet
 facet normal  7.469476e-01  6.617378e-01  6.459427e-02
   outer loop
     vertex  1.588086e-01  2.300739e-01  1.306590e+00
     vertex  2.565877e-01  1.346676e-01  1.153295e+00
     vertex  1.646140e-01  2.384845e-01  1.153295e+00
   endloop
 endfacet
 facet normal  9.689141e-01  2.388159e-01  6.459427e-02
   outer loop
     vertex  2.384896e-01  1.251690e-01  1.459885e+00
     vertex  2.693410e-01 -6.596952e-17  1.459885e+00
     vertex  2.795607e-01 -6.847262e-17  1.306590e+00
   endloop
 endfacet
 facet normal  9.689141e-01  2.388159e-01  6.459427e-02
   outer loop
     vertex  2.384896e-01  1.251690e-01  1.459885e+00
     vertex  2.795607e-01 -6.847262e-17  1.306590e+00
     vertex  2.475387e-01  1.299183e-01  1.306590e+00
   endloop
 endfacet
 facet normal -2.387933e-01  9.688225e-01  6.603613e-02
   outer loop
     vertex -1.027575e-01  2.709493e-01  1.153295e+00
     vertex -3.616100e-02  2.978127e-01  1.000000e+00
     vertex -1.063815e-01  2.805049e-01  1.000000e+00
   endloop
 endfacet
 facet normal -4.637088e-01  8.835233e-01  6.603613e-02
   outer loop
     vertex -1.027575e-01  2.709493e-01  1.153295e+00
     vertex -1.063815e-01  2.805049e-01  1.000000e+00
     vertex -1.704194e-01  2.468952e-01  1.000000e+00
   endloop
 endfacet
 facet normal -1.196553e-01  9.854503e-01  1.207075e-01
   outer loop
     vertex -1.027575e-01  2.709493e-01  1.153295e+00
     vertex  3.492916e-02  2.876675e-01  1.153295e+00
     vertex -3.616100e-02  2.978127e-01  1.000000e+00
   endloop
 endfacet
 facet normal  3.538643e-01  9.330636e-01  6.459427e-02
   outer loop
     vertex  3.369732e-02  2.775224e-01  1.306590e+00
     vertex  1.646140e-01  2.384845e-01  1.153295e+00
     vertex  3.492916e-02  2.876675e-01  1.153295e+00
   endloop
 endfacet
 facet normal  3.538643e-01  9.330636e-01  6.459427e-02
   outer loop
     vertex  3.369732e-02  2.775224e-01  1.306590e+00
     vertex  1.588086e-01  2.300739e-01  1.306590e+00
     vertex  1.646140e-01  2.384845e-01  1.153295e+00
   endloop
 endfacet
 facet normal  7.469476e-01  6.617378e-01  6.459427e-02
   outer loop
     vertex  1.530031e-01  2.216633e-01  1.459885e+00
     vertex  2.475387e-01  1.299183e-01  1.306590e+00
     vertex  1.588086e-01  2.300739e-01  1.306590e+00
   endloop
 endfacet
 facet normal  7.469476e-01  6.617378e-01  6.459427e-02
   outer loop
     vertex  1.530031e-01  2.216633e-01  1.459885e+00
     vertex  2.384896e-01  1.251690e-01  1.459885e+00
     vertex  2.475387e-01  1.299183e-01  1.306590e+00
   endloop
 endfacet
 facet normal  9.689141e-01  2.388159e-01  6.459427e-02
   outer loop
     vertex  2.294406e-01  1.204197e-01  1.613180e+00
     vertex  2.591213e-01 -6.346642e-17  1.613180e+00
     vertex  2.693410e-01 -6.596952e-17  1.459885e+00
   endloop
 endfacet
 facet normal  9.689141e-01  2.388159e-01  6.459427e-02
   outer loop
     vertex  2.294406e-01  1.204197e-01  1.613180e+00
     vertex  2.693410e-01 -6.596952e-17  1.459885e+00
     vertex  2.384896e-01  1.251690e-01  1.459885e+00
   endloop
 endfacet
 facet normal -6.616752e-01  7.468769e-01  6.603613e-02
   outer loop
     vertex -2.169037e-01  1.921599e-01  1.153295e+00
     vertex -1.704194e-01  2.468952e-01  1.000000e+00
     vertex -2.245532e-01  1.989368e-01  1.000000e+00
   endloop
 endfacet
 facet normal -8.211875e-01  5.668248e-01  6.603613e-02
   outer loop
     vertex -2.169037e-01  1.921599e-01  1.153295e+00
     vertex -2.245532e-01  1.989368e-01  1.000000e+00
     vertex -2.656368e-01  1.394170e-01  1.000000e+00
   endloop
 endfacet
 facet normal -5.639111e-01  8.169663e-01  1.207075e-01
   outer loop
     vertex -2.169037e-01  1.921599e-01  1.153295e+00
     vertex -1.027575e-01  2.709493e-01  1.153295e+00
     vertex -1.704194e-01  2.468952e-01  1.000000e+00
   endloop
 endfacet
 facet normal -1.202850e-01  9.906357e-01  6.459427e-02
   outer loop
     vertex -9.913358e-02  2.613938e-01  1.306590e+00
     vertex  3.369732e-02  2.775224e-01  1.306590e+00
     vertex  3.492916e-02  2.876675e-01  1.153295e+00
   endloop
 endfacet
 facet normal -1.202850e-01  9.906357e-01  6.459427e-02
   outer loop
     vertex -9.913358e-02  2.613938e-01  1.306590e+00
     vertex  3.492916e-02  2.876675e-01  1.153295e+00
     vertex -1.027575e-01  2.709493e-01  1.153295e+00
   endloop
 endfacet
 facet normal  3.538643e-01  9.330636e-01  6.459427e-02
   outer loop
     vertex  3.246547e-02  2.673772e-01  1.459885e+00
     vertex  1.530031e-01  2.216633e-01  1.459885e+00
     vertex  1.588086e-01  2.300739e-01  1.306590e+00
   endloop
 endfacet
 facet normal  3.538643e-01  9.330636e-01  6.459427e-02
   outer loop
     vertex  3.246547e-02  2.673772e-01  1.459885e+00
     vertex  1.588086e-01  2.300739e-01  1.306590e+00
     vertex  3.369732e-02  2.775224e-01  1.306590e+00
   endloop
 endfacet
 facet normal  7.469476e-01  6.617378e-01  6.459427e-02
   outer loop
     vertex  1.471977e-01  2.132527e-01  1.613180e+00
     vertex  2.384896e-01  1.251690e-01  1.459885e+00
     vertex  1.530031e-01  2.216633e-01  1.459885e+00
   endloop
 endfacet
 facet normal  7.469476e-01  6.617378e-01  6.459427e-02
   outer loop
     vertex  1.471977e-01  2.132527e-01  1.613180e+00
     vertex  2.294406e-01  1.204197e-01  1.613180e+00
     vertex  2.384896e-01  1.251690e-01  1.459885e+00
   endloop
 endfacet
 facet normal  9.689141e-01  2.388159e-01  6.459427e-02
   outer loop
     vertex  2.203915e-01  1.156704e-01  1.766475e+00
     vertex  2.489017e-01 -6.096333e-17  1.766475e+00
     vertex  2.591213e-01 -6.346642e-17  1.613180e+00
   endloop
 endfacet
 facet normal  9.689141e-01  2.388159e-01  6.459427e-02
   outer loop
     vertex  2.203915e-01  1.156704e-01  1.766475e+00
     vertex  2.591213e-01 -6.346642e-17  1.613180e+00
     vertex  2.294406e-01  1.204197e-01  1.613180e+00
   endloop
 endfacet
 facet normal -8.789817e-01  4.613252e-01  1.207075e-01
   outer loop
     vertex -2.813598e-01  6.934897e-02  1.153295e+00
     vertex -2.169037e-01  1.921599e-01  1.153295e+00
     vertex -2.656368e-01  1.394170e-01  1.000000e+00
   endloop
 endfacet
 facet normal -9.329753e-01  3.538309e-01  6.603613e-02
   outer loop
     vertex -2.813598e-01  6.934897e-02  1.153295e+00
     vertex -2.656368e-01  1.394170e-01  1.000000e+00
     vertex -2.912825e-01  7.179470e-02  1.000000e+00
   endloop
 endfacet
 facet normal -9.905420e-01  1.202736e-01  6.603613e-02
   outer loop
     vertex -2.813598e-01  6.934897e-02  1.153295e+00
     vertex -2.912825e-01  7.179470e-02  1.000000e+00
     vertex -3.000000e-01  3.031929e-16  1.000000e+00
   endloop
 endfacet
 facet normal -5.668784e-01  8.212652e-01  6.459427e-02
   outer loop
     vertex -2.092542e-01  1.853830e-01  1.306590e+00
     vertex -1.027575e-01  2.709493e-01  1.153295e+00
     vertex -2.169037e-01  1.921599e-01  1.153295e+00
   endloop
 endfacet
 facet normal -5.668784e-01  8.212652e-01  6.459427e-02
   outer loop
     vertex -2.092542e-01  1.853830e-01  1.306590e+00
     vertex -9.913358e-02  2.613938e-01  1.306590e+00
     vertex -1.027575e-01  2.709493e-01  1.153295e+00
   endloop
 endfacet
 facet normal -1.202850e-01  9.906357e-01  6.459427e-02
   outer loop
     vertex -9.550964e-02  2.518382e-01  1.459885e+00
     vertex  3.246547e-02  2.673772e-01  1.459885e+00
     vertex  3.369732e-02  2.775224e-01  1.306590e+00
   endloop
 endfacet
 facet normal -1.202850e-01  9.906357e-01  6.459427e-02
   outer loop
     vertex -9.550964e-02  2.518382e-01  1.459885e+00
     vertex  3.369732e-02  2.775224e-01  1.306590e+00
     vertex -9.913358e-02  2.613938e-01  1.306590e+00
   endloop
 endfacet
 facet normal  3.538643e-01  9.330636e-01  6.459427e-02
   outer loop
     vertex  3.123363e-02  2.572321e-01  1.613180e+00
     vertex  1.530031e-01  2.216633e-01  1.459885e+00
     vertex  3.246547e-02  2.673772e-01  1.459885e+00
   endloop
 endfacet
 facet normal  3.538643e-01  9.330636e-01  6.459427e-02
   outer loop
     vertex  3.123363e-02  2.572321e-01  1.613180e+00
     vertex  1.471977e-01  2.132527e-01  1.613180e+00
     vertex  1.530031e-01  2.216633e-01  1.459885e+00
   endloop
 endfacet
 facet normal  7.469476e-01  6.617378e-01  6.459427e-02
   outer loop
     vertex  1.413923e-01  2.048421e-01  1.766475e+00
     vertex  2.294406e-01  1.204197e-01  1.613180e+00
     vertex  1.471977e-01  2.132527e-01  1.613180e+00
   endloop
 endfacet
 facet normal  7.469476e-01  6.617378e-01  6.459427e-02
   outer loop
     vertex  1.413923e-01  2.048421e-01  1.766475e+00
     vertex  2.203915e-01  1.156704e-01  1.766475e+00
     vertex  2.294406e-01  1.204197e-01  1.613180e+00
   endloop
 endfacet
 facet normal -9.905420e-01 -1.202736e-01  6.603613e-02
   outer loop
     vertex -2.813598e-01 -6.934897e-02  1.153295e+00
     vertex -3.000000e-01  3.031929e-16  1.000000e+00
     vertex -2.912825e-01 -7.179470e-02  1.000000e+00
   endloop
 endfacet
 facet normal -9.329753e-01 -3.538309e-01  6.603613e-02
   outer loop
     vertex -2.813598e-01 -6.934897e-02  1.153295e+00
     vertex -2.912825e-01 -7.179470e-02  1.000000e+00
     vertex -2.656368e-01 -1.394170e-01  1.000000e+00
   endloop
 endfacet
 facet normal -9.926881e-01  3.973041e-16  1.207075e-01
   outer loop
     vertex -2.813598e-01 -6.934897e-02  1.153295e+00
     vertex -2.813598e-01  6.934897e-02  1.153295e+00
     vertex -3.000000e-01  3.031929e-16  1.000000e+00
   endloop
 endfacet
 facet normal  9.329753e-01  3.538309e-01  6.603613e-02
   outer loop
     vertex  2.113424e-01  1.109211e-01  1.919770e+00
     vertex  2.022934e-01  1.061717e-01  2.073065e+00
     vertex  2.218236e-01  5.467462e-02  2.073065e+00
   endloop
 endfacet
 facet normal  8.211875e-01  5.668248e-01  6.603613e-02
   outer loop
     vertex  2.113424e-01  1.109211e-01  1.919770e+00
     vertex  1.710065e-01  1.514986e-01  2.073065e+00
     vertex  2.022934e-01  1.061717e-01  2.073065e+00
   endloop
 endfacet
 facet normal  9.707191e-01  2.392608e-01  2.141783e-02
   outer loop
     vertex  2.113424e-01  1.109211e-01  1.919770e+00
     vertex  2.218236e-01  5.467462e-02  2.073065e+00
     vertex  2.386820e-01 -5.846023e-17  1.919770e+00
   endloop
 endfacet
 facet normal  9.689141e-01  2.388159e-01  6.459427e-02
   outer loop
     vertex  2.113424e-01  1.109211e-01  1.919770e+00
     vertex  2.386820e-01 -5.846023e-17  1.919770e+00
     vertex  2.489017e-01 -6.096333e-17  1.766475e+00
   endloop
 endfacet
 facet normal  9.689141e-01  2.388159e-01  6.459427e-02
   outer loop
     vertex  2.113424e-01  1.109211e-01  1.919770e+00
     vertex  2.489017e-01 -6.096333e-17  1.766475e+00
     vertex  2.203915e-01  1.156704e-01  1.766475e+00
   endloop
 endfacet
 facet normal -8.836068e-01  4.637526e-01  6.459427e-02
   outer loop
     vertex -2.714371e-01  6.690325e-02  1.306590e+00
     vertex -2.092542e-01  1.853830e-01  1.306590e+00
     vertex -2.169037e-01  1.921599e-01  1.153295e+00
   endloop
 endfacet
 facet normal -8.836068e-01  4.637526e-01  6.459427e-02
   outer loop
     vertex -2.714371e-01  6.690325e-02  1.306590e+00
     vertex -2.169037e-01  1.921599e-01  1.153295e+00
     vertex -2.813598e-01  6.934897e-02  1.153295e+00
   endloop
 endfacet
 facet normal -5.668784e-01  8.212652e-01  6.459427e-02
   outer loop
     vertex -2.016046e-01  1.786061e-01  1.459885e+00
     vertex -9.913358e-02  2.613938e-01  1.306590e+00
     vertex -2.092542e-01  1.853830e-01  1.306590e+00
   endloop
 endfacet
 facet normal -5.668784e-01  8.212652e-01  6.459427e-02
   outer loop
     vertex -2.016046e-01  1.786061e-01  1.459885e+00
     vertex -9.550964e-02  2.518382e-01  1.459885e+00
     vertex -9.913358e-02  2.613938e-01  1.306590e+00
   endloop
 endfacet
 facet normal -1.202850e-01  9.906357e-01  6.459427e-02
   outer loop
     vertex -9.188569e-02  2.422827e-01  1.613180e+00
     vertex  3.246547e-02  2.673772e-01  1.459885e+00
     vertex -9.550964e-02  2.518382e-01  1.459885e+00
   endloop
 endfacet
 facet normal -1.202850e-01  9.906357e-01  6.459427e-02
   outer loop
     vertex -9.188569e-02  2.422827e-01  1.613180e+00
     vertex  3.123363e-02  2.572321e-01  1.613180e+00
     vertex  3.246547e-02  2.673772e-01  1.459885e+00
   endloop
 endfacet
 facet normal  3.538643e-01  9.330636e-01  6.459427e-02
   outer loop
     vertex  3.000178e-02  2.470869e-01  1.766475e+00
     vertex  1.471977e-01  2.132527e-01  1.613180e+00
     vertex  3.123363e-02  2.572321e-01  1.613180e+00
   endloop
 endfacet
 facet normal  3.538643e-01  9.330636e-01  6.459427e-02
   outer loop
     vertex  3.000178e-02  2.470869e-01  1.766475e+00
     vertex  1.413923e-01  2.048421e-01  1.766475e+00
     vertex  1.471977e-01  2.132527e-01  1.613180e+00
   endloop
 endfacet
 facet normal -8.211875e-01 -5.668248e-01  6.603613e-02
   outer loop
     vertex -2.169037e-01 -1.921599e-01  1.153295e+00
     vertex -2.656368e-01 -1.394170e-01  1.000000e+00
     vertex -2.245532e-01 -1.989368e-01  1.000000e+00
   endloop
 endfacet
 facet normal -6.616752e-01 -7.468769e-01  6.603613e-02
   outer loop
     vertex -2.169037e-01 -1.921599e-01  1.153295e+00
     vertex -2.245532e-01 -1.989368e-01  1.000000e+00
     vertex -1.704194e-01 -2.468952e-01  1.000000e+00
   endloop
 endfacet
 facet normal -8.789817e-01 -4.613252e-01  1.207075e-01
   outer loop
     vertex -2.169037e-01 -1.921599e-01  1.153295e+00
     vertex -2.813598e-01 -6.934897e-02  1.153295e+00
     vertex -2.656368e-01 -1.394170e-01  1.000000e+00
   endloop
 endfacet
 facet normal  6.616752e-01  7.468769e-01  6.603613e-02
   outer loop
     vertex  1.355868e-01  1.964314e-01  1.919770e+00
     vertex  1.297814e-01  1.880208e-01  2.073065e+00
     vertex  1.710065e-01  1.514986e-01  2.073065e+00
   endloop
 endfacet
 facet normal  4.637088e-01  8.835233e-01  6.603613e-02
   outer loop
     vertex  1.355868e-01  1.964314e-01  1.919770e+00
     vertex  8.101387e-02  2.136160e-01  2.073065e+00
     vertex  1.297814e-01  1.880208e-01  2.073065e+00
   endloop
 endfacet
 facet normal  7.469476e-01  6.617378e-01  6.459427e-02
   outer loop
     vertex  1.355868e-01  1.964314e-01  1.919770e+00
     vertex  2.113424e-01  1.109211e-01  1.919770e+00
     vertex  2.203915e-01  1.156704e-01  1.766475e+00
   endloop
 endfacet
 facet normal  7.469476e-01  6.617378e-01  6.459427e-02
   outer loop
     vertex  1.355868e-01  1.964314e-01  1.919770e+00
     vertex  2.203915e-01  1.156704e-01  1.766475e+00
     vertex  1.413923e-01  2.048421e-01  1.766475e+00
   endloop
 endfacet
 facet normal  7.483390e-01  6.629705e-01  2.141783e-02
   outer loop
     vertex  1.355868e-01  1.964314e-01  1.919770e+00
     vertex  1.710065e-01  1.514986e-01  2.073065e+00
     vertex  2.113424e-01  1.109211e-01  1.919770e+00
   endloop
 endfacet
 facet normal -9.979116e-01  3.969164e-16  6.459427e-02
   outer loop
     vertex -2.714371e-01 -6.690325e-02  1.306590e+00
     vertex -2.813598e-01  6.934897e-02  1.153295e+00
     vertex -2.813598e-01 -6.934897e-02  1.153295e+00
   endloop
 endfacet
 facet normal -9.979116e-01  4.139950e-16  6.459427e-02
   outer loop
     vertex -2.714371e-01 -6.690325e-02  1.306590e+00
     vertex -2.714371e-01  6.690325e-02  1.306590e+00
     vertex -2.813598e-01  6.934897e-02  1.153295e+00
   endloop
 endfacet
 facet normal -8.836068e-01  4.637526e-01  6.459427e-02
   outer loop
     vertex -2.615144e-01  6.445752e-02  1.459885e+00
     vertex -2.092542e-01  1.853830e-01  1.306590e+00
     vertex -2.714371e-01  6.690325e-02  1.306590e+00
   endloop
 endfacet
 facet normal -8.836068e-01  4.637526e-01  6.459427e-02
   outer loop
     vertex -2.615144e-01  6.445752e-02  1.459885e+00
     vertex -2.016046e-01  1.786061e-01  1.459885e+00
     vertex -2.092542e-01  1.853830e-01  1.306590e+00
   endloop
 endfacet
 facet normal -5.668784e-01  8.212652e-01  6.459427e-02
   outer loop
     vertex -1.939551e-01  1.718292e-01  1.613180e+00
     vertex -9.188569e-02  2.422827e-01  1.613180e+00
     vertex -9.550964e-02  2.518382e-01  1.459885e+00
   endloop
 endfacet
 facet normal -5.668784e-01  8.212652e-01  6.459427e-02
   outer loop
     vertex -1.939551e-01  1.718292e-01  1.613180e+00
     vertex -9.550964e-02  2.518382e-01  1.459885e+00
     vertex -2.016046e-01  1.786061e-01  1.459885e+00
   endloop
 endfacet
 facet normal -8.836068e-01  4.637526e-01  6.459427e-02
   outer loop
     vertex -1.939551e-01  1.718292e-01  1.613180e+00
     vertex -2.016046e-01  1.786061e-01  1.459885e+00
     vertex -2.615144e-01  6.445752e-02  1.459885e+00
   endloop
 endfacet
 facet normal -1.202850e-01  9.906357e-01  6.459427e-02
   outer loop
     vertex -8.826175e-02  2.327271e-01  1.766475e+00
     vertex  3.000178e-02  2.470869e-01  1.766475e+00
     vertex  3.123363e-02  2.572321e-01  1.613180e+00
   endloop
 endfacet
 facet normal -5.668784e-01  8.212652e-01  6.459427e-02
   outer loop
     vertex -8.826175e-02  2.327271e-01  1.766475e+00
     vertex -9.188569e-02  2.422827e-01  1.613180e+00
     vertex -1.939551e-01  1.718292e-01  1.613180e+00
   endloop
 endfacet
 facet normal -1.202850e-01  9.906357e-01  6.459427e-02
   outer loop
     vertex -8.826175e-02  2.327271e-01  1.766475e+00
     vertex  3.123363e-02  2.572321e-01  1.613180e+00
     vertex -9.188569e-02  2.422827e-01  1.613180e+00
   endloop
 endfacet
 facet normal -4.637088e-01 -8.835233e-01  6.603613e-02
   outer loop
     vertex -1.027575e-01 -2.709493e-01  1.153295e+00
     vertex -1.704194e-01 -2.468952e-01  1.000000e+00
     vertex -1.063815e-01 -2.805049e-01  1.000000e+00
   endloop
 endfacet
 facet normal -2.387933e-01 -9.688225e-01  6.603613e-02
   outer loop
     vertex -1.027575e-01 -2.709493e-01  1.153295e+00
     vertex -1.063815e-01 -2.805049e-01  1.000000e+00
     vertex -3.616100e-02 -2.978127e-01  1.000000e+00
   endloop
 endfacet
 facet normal -5.639111e-01 -8.169663e-01  1.207075e-01
   outer loop
     vertex -1.027575e-01 -2.709493e-01  1.153295e+00
     vertex -2.169037e-01 -1.921599e-01  1.153295e+00
     vertex -1.704194e-01 -2.468952e-01  1.000000e+00
   endloop
 endfacet
 facet normal  2.387933e-01  9.688225e-01  6.603613e-02
   outer loop
     vertex  2.876994e-02  2.369418e-01  1.919770e+00
     vertex  2.753809e-02  2.267966e-01  2.073065e+00
     vertex  8.101387e-02  2.136160e-01  2.073065e+00
   endloop
 endfacet
 facet normal  0.000000e+00  9.978172e-01  6.603613e-02
   outer loop
     vertex  2.876994e-02  2.369418e-01  1.919770e+00
     vertex -2.753809e-02  2.267966e-01  2.073065e+00
     vertex  2.753809e-02  2.267966e-01  2.073065e+00
   endloop
 endfacet
 facet normal  3.538643e-01  9.330636e-01  6.459427e-02
   outer loop
     vertex  2.876994e-02  2.369418e-01  1.919770e+00
     vertex  1.355868e-01  1.964314e-01  1.919770e+00
     vertex  1.413923e-01  2.048421e-01  1.766475e+00
   endloop
 endfacet
 facet normal  3.538643e-01  9.330636e-01  6.459427e-02
   outer loop
     vertex  2.876994e-02  2.369418e-01  1.919770e+00
     vertex  1.413923e-01  2.048421e-01  1.766475e+00
     vertex  3.000178e-02  2.470869e-01  1.766475e+00
   endloop
 endfacet
 facet normal  3.545235e-01  9.348018e-01  2.141783e-02
   outer loop
     vertex  2.876994e-02  2.369418e-01  1.919770e+00
     vertex  8.101387e-02  2.136160e-01  2.073065e+00
     vertex  1.355868e-01  1.964314e-01  1.919770e+00
   endloop
 endfacet
 facet normal -8.836068e-01 -4.637526e-01  6.459427e-02
   outer loop
     vertex -2.092542e-01 -1.853830e-01  1.306590e+00
     vertex -2.813598e-01 -6.934897e-02  1.153295e+00
     vertex -2.169037e-01 -1.921599e-01  1.153295e+00
   endloop
 endfacet
 facet normal -8.836068e-01 -4.637526e-01  6.459427e-02
   outer loop
     vertex -2.092542e-01 -1.853830e-01  1.306590e+00
     vertex -2.714371e-01 -6.690325e-02  1.306590e+00
     vertex -2.813598e-01 -6.934897e-02  1.153295e+00
   endloop
 endfacet
 facet normal -9.979116e-01  4.114261e-16  6.459427e-02
   outer loop
     vertex -2.615144e-01 -6.445752e-02  1.459885e+00
     vertex -2.714371e-01  6.690325e-02  1.306590e+00
     vertex -2.714371e-01 -6.690325e-02  1.306590e+00
   endloop
 endfacet
 facet normal -9.979116e-01  4.297033e-16  6.459427e-02
   outer loop
     vertex -2.615144e-01 -6.445752e-02  1.459885e+00
     vertex -2.615144e-01  6.445752e-02  1.459885e+00
     vertex -2.714371e-01  6.690325e-02  1.306590e+00
   endloop
 endfacet
 facet normal -8.836068e-01  4.637526e-01  6.459427e-02
   outer loop
     vertex -2.515917e-01  6.201180e-02  1.613180e+00
     vertex -1.939551e-01  1.718292e-01  1.613180e+00
     vertex -2.615144e-01  6.445752e-02  1.459885e+00
   endloop
 endfacet
 facet normal -5.668784e-01  8.212652e-01  6.459427e-02
   outer loop
     vertex -1.863056e-01  1.650523e-01  1.766475e+00
     vertex -8.826175e-02  2.327271e-01  1.766475e+00
     vertex -1.939551e-01  1.718292e-01  1.613180e+00
   endloop
 endfacet
 facet normal -1.196553e-01 -9.854503e-01  1.207075e-01
   outer loop
     vertex  3.492916e-02 -2.876675e-01  1.153295e+00
     vertex -1.027575e-01 -2.709493e-01  1.153295e+00
     vertex -3.616100e-02 -2.978127e-01  1.000000e+00
   endloop
 endfacet
 facet normal -2.302899e-15 -9.978172e-01  6.603613e-02
   outer loop
     vertex  3.492916e-02 -2.876675e-01  1.153295e+00
     vertex -3.616100e-02 -2.978127e-01  1.000000e+00
     vertex  3.616100e-02 -2.978127e-01  1.000000e+00
   endloop
 endfacet
 facet normal  2.387933e-01 -9.688225e-01  6.603613e-02
   outer loop
     vertex  3.492916e-02 -2.876675e-01  1.153295e+00
     vertex  3.616100e-02 -2.978127e-01  1.000000e+00
     vertex  1.063815e-01 -2.805049e-01  1.000000e+00
   endloop
 endfacet
 facet normal -1.202850e-01  9.906357e-01  6.459427e-02
   outer loop
     vertex -8.463781e-02  2.231716e-01  1.919770e+00
     vertex  3.000178e-02  2.470869e-01  1.766475e+00
     vertex -8.826175e-02  2.327271e-01  1.766475e+00
   endloop
 endfacet
 facet normal -2.387933e-01  9.688225e-01  6.603613e-02
   outer loop
     vertex -8.463781e-02  2.231716e-01  1.919770e+00
     vertex -8.101387e-02  2.136160e-01  2.073065e+00
     vertex -2.753809e-02  2.267966e-01  2.073065e+00
   endloop
 endfacet
 facet normal -4.637088e-01  8.835233e-01  6.603613e-02
   outer loop
     vertex -8.463781e-02  2.231716e-01  1.919770e+00
     vertex -1.297814e-01  1.880208e-01  2.073065e+00
     vertex -8.101387e-02  2.136160e-01  2.073065e+00
   endloop
 endfacet
 facet normal -1.202850e-01  9.906357e-01  6.459427e-02
   outer loop
     vertex -8.463781e-02  2.231716e-01  1.919770e+00
     vertex  2.876994e-02  2.369418e-01  1.919770e+00
     vertex  3.000178e-02  2.470869e-01  1.766475e+00
   endloop
 endfacet
 facet normal -1.205090e-01  9.924812e-01  2.141783e-02
   outer loop
     vertex -8.463781e-02  2.231716e-01  1.919770e+00
     vertex -2.753809e-02  2.267966e-01  2.073065e+00
     vertex  2.876994e-02  2.369418e-01  1.919770e+00
   endloop
 endfacet
 facet normal -5.668784e-01 -8.212652e-01  6.459427e-02
   outer loop
     vertex -9.913358e-02 -2.613938e-01  1.306590e+00
     vertex -2.092542e-01 -1.853830e-01  1.306590e+00
     vertex -2.169037e-01 -1.921599e-01  1.153295e+00
   endloop
 endfacet
 facet normal -5.668784e-01 -8.212652e-01  6.459427e-02
   outer loop
     vertex -9.913358e-02 -2.613938e-01  1.306590e+00
     vertex -2.169037e-01 -1.921599e-01  1.153295e+00
     vertex -1.027575e-01 -2.709493e-01  1.153295e+00
   endloop
 endfacet
 facet normal -8.836068e-01 -4.637526e-01  6.459427e-02
   outer loop
     vertex -2.016046e-01 -1.786061e-01  1.459885e+00
     vertex -2.615144e-01 -6.445752e-02  1.459885e+00
     vertex -2.714371e-01 -6.690325e-02  1.306590e+00
   endloop
 endfacet
 facet normal -8.836068e-01 -4.637526e-01  6.459427e-02
   outer loop
     vertex -2.016046e-01 -1.786061e-01  1.459885e+00
     vertex -2.714371e-01 -6.690325e-02  1.306590e+00
     vertex -2.092542e-01 -1.853830e-01  1.306590e+00
   endloop
 endfacet
 facet normal -9.979116e-01  4.466507e-16  6.459427e-02
   outer loop
     vertex -2.515917e-01 -6.201180e-02  1.613180e+00
     vertex -2.515917e-01  6.201180e-02  1.613180e+00
     vertex -2.615144e-01  6.445752e-02  1.459885e+00
   endloop
 endfacet
 facet normal -9.979116e-01  4.379866e-16  6.459427e-02
   outer loop
     vertex -2.515917e-01 -6.201180e-02  1.613180e+00
     vertex -2.615144e-01  6.445752e-02  1.459885e+00
     vertex -2.615144e-01 -6.445752e-02  1.459885e+00
   endloop
 endfacet
 facet normal -8.836068e-01  4.637526e-01  6.459427e-02
   outer loop
     vertex -2.416690e-01  5.956607e-02  1.766475e+00
     vertex -1.939551e-01  1.718292e-01  1.613180e+00
     vertex -2.515917e-01  6.201180e-02  1.613180e+00
   endloop
 endfacet
 facet normal -8.836068e-01  4.637526e-01  6.459427e-02
   outer loop
     vertex -2.416690e-01  5.956607e-02  1.766475e+00
     vertex -1.863056e-01  1.650523e-01  1.766475e+00
     vertex -1.939551e-01  1.718292e-01  1.613180e+00
   endloop
 endfacet
 facet normal  3.520121e-01 -9.281795e-01  1.207075e-01
   outer loop
     vertex  1.646140e-01 -2.384845e-01  1.153295e+00
     vertex  3.492916e-02 -2.876675e-01  1.153295e+00
     vertex  1.063815e-01 -2.805049e-01  1.000000e+00
   endloop
 endfacet
 facet normal  4.637088e-01 -8.835233e-01  6.603613e-02
   outer loop
     vertex  1.646140e-01 -2.384845e-01  1.153295e+00
     vertex  1.063815e-01 -2.805049e-01  1.000000e+00
     vertex  1.704194e-01 -2.468952e-01  1.000000e+00
   endloop
 endfacet
 facet normal  6.616752e-01 -7.468769e-01  6.603613e-02
   outer loop
     vertex  1.646140e-01 -2.384845e-01  1.153295e+00
     vertex  1.704194e-01 -2.468952e-01  1.000000e+00
     vertex  2.245532e-01 -1.989368e-01  1.000000e+00
   endloop
 endfacet
 facet normal -5.668784e-01  8.212652e-01  6.459427e-02
   outer loop
     vertex -1.786561e-01  1.582755e-01  1.919770e+00
     vertex -8.463781e-02  2.231716e-01  1.919770e+00
     vertex -8.826175e-02  2.327271e-01  1.766475e+00
   endloop
 endfacet
 facet normal -6.616752e-01  7.468769e-01  6.603613e-02
   outer loop
     vertex -1.786561e-01  1.582755e-01  1.919770e+00
     vertex -1.710065e-01  1.514986e-01  2.073065e+00
     vertex -1.297814e-01  1.880208e-01  2.073065e+00
   endloop
 endfacet
 facet normal -8.211875e-01  5.668248e-01  6.603613e-02
   outer loop
     vertex -1.786561e-01  1.582755e-01  1.919770e+00
     vertex -2.022934e-01  1.061717e-01  2.073065e+00
     vertex -1.710065e-01  1.514986e-01  2.073065e+00
   endloop
 endfacet
 facet normal -5.679344e-01  8.227951e-01  2.141783e-02
   outer loop
     vertex -1.786561e-01  1.582755e-01  1.919770e+00
     vertex -1.297814e-01  1.880208e-01  2.073065e+00
     vertex -8.463781e-02  2.231716e-01  1.919770e+00
   endloop
 endfacet
 facet normal -5.668784e-01  8.212652e-01  6.459427e-02
   outer loop
     vertex -1.786561e-01  1.582755e-01  1.919770e+00
     vertex -8.826175e-02  2.327271e-01  1.766475e+00
     vertex -1.863056e-01  1.650523e-01  1.766475e+00
   endloop
 endfacet
 facet normal -1.202850e-01 -9.906357e-01  6.459427e-02
   outer loop
     vertex  3.369732e-02 -2.775224e-01  1.306590e+00
     vertex -1.027575e-01 -2.709493e-01  1.153295e+00
     vertex  3.492916e-02 -2.876675e-01  1.153295e+00
   endloop
 endfacet
 facet normal -1.202850e-01 -9.906357e-01  6.459427e-02
   outer loop
     vertex  3.369732e-02 -2.775224e-01  1.306590e+00
     vertex -9.913358e-02 -2.613938e-01  1.306590e+00
     vertex -1.027575e-01 -2.709493e-01  1.153295e+00
   endloop
 endfacet
 facet normal -5.668784e-01 -8.212652e-01  6.459427e-02
   outer loop
     vertex -9.550964e-02 -2.518382e-01  1.459885e+00
     vertex -2.016046e-01 -1.786061e-01  1.459885e+00
     vertex -2.092542e-01 -1.853830e-01  1.306590e+00
   endloop
 endfacet
 facet normal -5.668784e-01 -8.212652e-01  6.459427e-02
   outer loop
     vertex -9.550964e-02 -2.518382e-01  1.459885e+00
     vertex -2.092542e-01 -1.853830e-01  1.306590e+00
     vertex -9.913358e-02 -2.613938e-01  1.306590e+00
   endloop
 endfacet
 facet normal -8.836068e-01 -4.637526e-01  6.459427e-02
   outer loop
     vertex -1.939551e-01 -1.718292e-01  1.613180e+00
     vertex -2.615144e-01 -6.445752e-02  1.459885e+00
     vertex -2.016046e-01 -1.786061e-01  1.459885e+00
   endloop
 endfacet
 facet normal -8.836068e-01 -4.637526e-01  6.459427e-02
   outer loop
     vertex -1.939551e-01 -1.718292e-01  1.613180e+00
     vertex -2.515917e-01 -6.201180e-02  1.613180e+00
     vertex -2.615144e-01 -6.445752e-02  1.459885e+00
   endloop
 endfacet
 facet normal -9.979116e-01  4.649897e-16  6.459427e-02
   outer loop
     vertex -2.416690e-01 -5.956607e-02  1.766475e+00
     vertex -2.416690e-01  5.956607e-02  1.766475e+00
     vertex -2.515917e-01  6.201180e-02  1.613180e+00
   endloop
 endfacet
 facet normal -9.979116e-01  4.438792e-16  6.459427e-02
   outer loop
     vertex -2.416690e-01 -5.956607e-02  1.766475e+00
     vertex -2.515917e-01  6.201180e-02  1.613180e+00
     vertex -2.515917e-01 -6.201180e-02  1.613180e+00
   endloop
 endfacet
 facet normal  8.211875e-01 -5.668248e-01  6.603613e-02
   outer loop
     vertex  2.565877e-01 -1.346676e-01  1.153295e+00
     vertex  2.245532e-01 -1.989368e-01  1.000000e+00
     vertex  2.656368e-01 -1.394170e-01  1.000000e+00
   endloop
 endfacet
 facet normal  9.329753e-01 -3.538309e-01  6.603613e-02
   outer loop
     vertex  2.565877e-01 -1.346676e-01  1.153295e+00
     vertex  2.656368e-01 -1.394170e-01  1.000000e+00
     vertex  2.912825e-01 -7.179470e-02  1.000000e+00
   endloop
 endfacet
 facet normal  9.638424e-01 -2.375658e-01  1.207075e-01
   outer loop
     vertex  2.565877e-01 -1.346676e-01  1.153295e+00
     vertex  2.912825e-01 -7.179470e-02  1.000000e+00
     vertex  2.897803e-01 -7.097571e-17  1.153295e+00
   endloop
 endfacet
 facet normal  7.430377e-01 -6.582740e-01  1.207075e-01
   outer loop
     vertex  2.565877e-01 -1.346676e-01  1.153295e+00
     vertex  1.646140e-01 -2.384845e-01  1.153295e+00
     vertex  2.245532e-01 -1.989368e-01  1.000000e+00
   endloop
 endfacet
 facet normal -9.329753e-01  3.538309e-01  6.603613e-02
   outer loop
     vertex -2.317463e-01  5.712034e-02  1.919770e+00
     vertex -2.218236e-01  5.467462e-02  2.073065e+00
     vertex -2.022934e-01  1.061717e-01  2.073065e+00
   endloop
 endfacet
 facet normal -9.905420e-01  1.202736e-01  6.603613e-02
   outer loop
     vertex -2.317463e-01  5.712034e-02  1.919770e+00
     vertex -2.284624e-01  2.308939e-16  2.073065e+00
     vertex -2.218236e-01  5.467462e-02  2.073065e+00
   endloop
 endfacet
 facet normal -8.852529e-01  4.646166e-01  2.141783e-02
   outer loop
     vertex -2.317463e-01  5.712034e-02  1.919770e+00
     vertex -2.022934e-01  1.061717e-01  2.073065e+00
     vertex -1.786561e-01  1.582755e-01  1.919770e+00
   endloop
 endfacet
 facet normal -8.836068e-01  4.637526e-01  6.459427e-02
   outer loop
     vertex -2.317463e-01  5.712034e-02  1.919770e+00
     vertex -1.863056e-01  1.650523e-01  1.766475e+00
     vertex -2.416690e-01  5.956607e-02  1.766475e+00
   endloop
 endfacet
 facet normal -8.836068e-01  4.637526e-01  6.459427e-02
   outer loop
     vertex -2.317463e-01  5.712034e-02  1.919770e+00
     vertex -1.786561e-01  1.582755e-01  1.919770e+00
     vertex -1.863056e-01  1.650523e-01  1.766475e+00
   endloop
 endfacet
 facet normal  3.538643e-01 -9.330636e-01  6.459427e-02
   outer loop
     vertex  1.588086e-01 -2.300739e-01  1.306590e+00
     vertex  3.492916e-02 -2.876675e-01  1.153295e+00
     vertex  1.646140e-01 -2.384845e-01  1.153295e+00
   endloop
 endfacet
 facet normal  3.538643e-01 -9.330636e-01  6.459427e-02
   outer loop
     vertex  1.588086e-01 -2.300739e-01  1.306590e+00
     vertex  3.369732e-02 -2.775224e-01  1.306590e+00
     vertex  3.492916e-02 -2.876675e-01  1.153295e+00
   endloop
 endfacet
 facet normal -1.202850e-01 -9.906357e-01  6.459427e-02
   outer loop
     vertex  3.246547e-02 -2.673772e-01  1.459885e+00
     vertex -9.913358e-02 -2.613938e-01  1.306590e+00
     vertex  3.369732e-02 -2.775224e-01  1.306590e+00
   endloop
 endfacet
 facet normal -1.202850e-01 -9.906357e-01  6.459427e-02
   outer loop
     vertex  3.246547e-02 -2.673772e-01  1.459885e+00
     vertex -9.550964e-02 -2.518382e-01  1.459885e+00
     vertex -9.913358e-02 -2.613938e-01  1.306590e+00
   endloop
 endfacet
 facet normal -5.668784e-01 -8.212652e-01  6.459427e-02
   outer loop
     vertex -9.188569e-02 -2.422827e-01  1.613180e+00
     vertex -2.016046e-01 -1.786061e-01  1.459885e+00
     vertex -9.550964e-02 -2.518382e-01  1.459885e+00
   endloop
 endfacet
 facet normal -5.668784e-01 -8.212652e-01  6.459427e-02
   outer loop
     vertex -9.188569e-02 -2.422827e-01  1.613180e+00
     vertex -1.939551e-01 -1.718292e-01  1.613180e+00
     vertex -2.016046e-01 -1.786061e-01  1.459885e+00
   endloop
 endfacet
 facet normal -8.836068e-01 -4.637526e-01  6.459427e-02
   outer loop
     vertex -1.863056e-01 -1.650523e-01  1.766475e+00
     vertex -2.515917e-01 -6.201180e-02  1.613180e+00
     vertex -1.939551e-01 -1.718292e-01  1.613180e+00
   endloop
 endfacet
 facet normal -8.836068e-01 -4.637526e-01  6.459427e-02
   outer loop
     vertex -1.863056e-01 -1.650523e-01  1.766475e+00
     vertex -2.416690e-01 -5.956607e-02  1.766475e+00
     vertex -2.515917e-01 -6.201180e-02  1.613180e+00
   endloop
 endfacet
 facet normal -9.905420e-01 -1.202736e-01  6.603613e-02
   outer loop
     vertex -2.317463e-01 -5.712034e-02  1.919770e+00
     vertex -2.218236e-01 -5.467462e-02  2.073065e+00
     vertex -2.284624e-01  2.308939e-16  2.073065e+00
   endloop
 endfacet
 facet normal -9.329753e-01 -3.538309e-01  6.603613e-02
   outer loop
     vertex -2.317463e-01 -5.712034e-02  1.919770e+00
     vertex -2.022934e-01 -1.061717e-01  2.073065e+00
     vertex -2.218236e-01 -5.467462e-02  2.073065e+00
   endloop
 endfacet
 facet normal -9.997706e-01  4.858025e-16  2.141783e-02
   outer loop
     vertex -2.317463e-01 -5.712034e-02  1.919770e+00
     vertex -2.284624e-01  2.308939e-16  2.073065e+00
     vertex -2.317463e-01  5.712034e-02  1.919770e+00
   endloop
 endfacet
 facet normal -9.979116e-01  4.621044e-16  6.459427e-02
   outer loop
     vertex -2.317463e-01 -5.712034e-02  1.919770e+00
     vertex -2.416690e-01  5.956607e-02  1.766475e+00
     vertex -2.416690e-01 -5.956607e-02  1.766475e+00
   endloop
 endfacet
 facet normal -9.979116e-01  4.848992e-16  6.459427e-02
   outer loop
     vertex -2.317463e-01 -5.712034e-02  1.919770e+00
     vertex -2.317463e-01  5.712034e-02  1.919770e+00
     vertex -2.416690e-01  5.956607e-02  1.766475e+00
   endloop
 endfacet
 facet normal  7.469476e-01 -6.617378e-01  6.459427e-02
   outer loop
     vertex  2.475387e-01 -1.299183e-01  1.306590e+00
     vertex  1.646140e-01 -2.384845e-01  1.153295e+00
     vertex  2.565877e-01 -1.346676e-01  1.153295e+00
   endloop
 endfacet
 facet normal  9.689141e-01 -2.388159e-01  6.459427e-02
   outer loop
     vertex  2.475387e-01 -1.299183e-01  1.306590e+00
     vertex  2.897803e-01 -7.097571e-17  1.153295e+00
     vertex  2.795607e-01 -6.847262e-17  1.306590e+00
   endloop
 endfacet
 facet normal  7.469476e-01 -6.617378e-01  6.459427e-02
   outer loop
     vertex  2.475387e-01 -1.299183e-01  1.306590e+00
     vertex  1.588086e-01 -2.300739e-01  1.306590e+00
     vertex  1.646140e-01 -2.384845e-01  1.153295e+00
   endloop
 endfacet
 facet normal  9.689141e-01 -2.388159e-01  6.459427e-02
   outer loop
     vertex  2.475387e-01 -1.299183e-01  1.306590e+00
     vertex  2.565877e-01 -1.346676e-01  1.153295e+00
     vertex  2.897803e-01 -7.097571e-17  1.153295e+00
   endloop
 endfacet
 facet normal  3.538643e-01 -9.330636e-01  6.459427e-02
   outer loop
     vertex  1.530031e-01 -2.216633e-01  1.459885e+00
     vertex  3.369732e-02 -2.775224e-01  1.306590e+00
     vertex  1.588086e-01 -2.300739e-01  1.306590e+00
   endloop
 endfacet
 facet normal  3.538643e-01 -9.330636e-01  6.459427e-02
   outer loop
     vertex  1.530031e-01 -2.216633e-01  1.459885e+00
     vertex  3.246547e-02 -2.673772e-01  1.459885e+00
     vertex  3.369732e-02 -2.775224e-01  1.306590e+00
   endloop
 endfacet
 facet normal -1.202850e-01 -9.906357e-01  6.459427e-02
   outer loop
     vertex  3.123363e-02 -2.572321e-01  1.613180e+00
     vertex -9.550964e-02 -2.518382e-01  1.459885e+00
     vertex  3.246547e-02 -2.673772e-01  1.459885e+00
   endloop
 endfacet
 facet normal -1.202850e-01 -9.906357e-01  6.459427e-02
   outer loop
     vertex  3.123363e-02 -2.572321e-01  1.613180e+00
     vertex -9.188569e-02 -2.422827e-01  1.613180e+00
     vertex -9.550964e-02 -2.518382e-01  1.459885e+00
   endloop
 endfacet
 facet normal -1.202850e-01 -9.906357e-01  6.459427e-02
   outer loop
     vertex -8.826175e-02 -2.327271e-01  1.766475e+00
     vertex -9.188569e-02 -2.422827e-01  1.613180e+00
     vertex  3.123363e-02 -2.572321e-01  1.613180e+00
   endloop
 endfacet
 facet normal -5.668784e-01 -8.212652e-01  6.459427e-02
   outer loop
     vertex -8.826175e-02 -2.327271e-01  1.766475e+00
     vertex -1.939551e-01 -1.718292e-01  1.613180e+00
     vertex -9.188569e-02 -2.422827e-01  1.613180e+00
   endloop
 endfacet
 facet normal -5.668784e-01 -8.212652e-01  6.459427e-02
   outer loop
     vertex -8.826175e-02 -2.327271e-01  1.766475e+00
     vertex -1.863056e-01 -1.650523e-01  1.766475e+00
     vertex -1.939551e-01 -1.718292e-01  1.613180e+00
   endloop
 endfacet
 facet normal -5.668784e-01 -8.212652e-01  6.459427e-02
   outer loop
     vertex -1.786561e-01 -1.582755e-01  1.919770e+00
     vertex -1.863056e-01 -1.650523e-01  1.766475e+00
     vertex -8.826175e-02 -2.327271e-01  1.766475e+00
   endloop
 endfacet
 facet normal -8.852529e-01 -4.646166e-01  2.141783e-02
   outer loop
     vertex -1.786561e-01 -1.582755e-01  1.919770e+00
     vertex -2.022934e-01 -1.061717e-01  2.073065e+00
     vertex -2.317463e-01 -5.712034e-02  1.919770e+00
   endloop
 endfacet
 facet normal -8.211875e-01 -5.668248e-01  6.603613e-02
   outer loop
     vertex -1.786561e-01 -1.582755e-01  1.919770e+00
     vertex -1.710065e-01 -1.514986e-01  2.073065e+00
     vertex -2.022934e-01 -1.061717e-01  2.073065e+00
   endloop
 endfacet
 facet normal -6.616752e-01 -7.468769e-01  6.603613e-02
   outer loop
     vertex -1.786561e-01 -1.582755e-01  1.919770e+00
     vertex -1.297814e-01 -1.880208e-01  2.073065e+00
     vertex -1.710065e-01 -1.514986e-01  2.073065e+00
   endloop
 endfacet
 facet normal -8.836068e-01 -4.637526e-01  6.459427e-02
   outer loop
     vertex -1.786561e-01 -1.582755e-01  1.919770e+00
     vertex -2.416690e-01 -5.956607e-02  1.766475e+00
     vertex -1.863056e-01 -1.650523e-01  1.766475e+00
   endloop
 endfacet
 facet normal -8.836068e-01 -4.637526e-01  6.459427e-02
   outer loop
     vertex -1.786561e-01 -1.582755e-01  1.919770e+00
     vertex -2.317463e-01 -5.712034e-02  1.919770e+00
     vertex -2.416690e-01 -5.956607e-02  1.766475e+00
   endloop
 endfacet
 facet normal  9.689141e-01 -2.388159e-01  6.459427e-02
   outer loop
     vertex  2.384896e-01 -1.251690e-01  1.459885e+00
     vertex  2.795607e-01 -6.847262e-17  1.306590e+00
     vertex  2.693410e-01 -6.596952e-17  1.459885e+00
   endloop
 endfacet
 facet normal  9.689141e-01 -2.388159e-01  6.459427e-02
   outer loop
     vertex  2.384896e-01 -1.251690e-01  1.459885e+00
     vertex  2.475387e-01 -1.299183e-01  1.306590e+00
     vertex  2.795607e-01 -6.847262e-17  1.306590e+00
   endloop
 endfacet
 facet normal  7.469476e-01 -6.617378e-01  6.459427e-02
   outer loop
     vertex  2.384896e-01 -1.251690e-01  1.459885e+00
     vertex  1.530031e-01 -2.216633e-01  1.459885e+00
     vertex  1.588086e-01 -2.300739e-01  1.306590e+00
   endloop
 endfacet
 facet normal  7.469476e-01 -6.617378e-01  6.459427e-02
   outer loop
     vertex  2.384896e-01 -1.251690e-01  1.459885e+00
     vertex  1.588086e-01 -2.300739e-01  1.306590e+00
     vertex  2.475387e-01 -1.299183e-01  1.306590e+00
   endloop
 endfacet
 facet normal  3.538643e-01 -9.330636e-01  6.459427e-02
   outer loop
     vertex  1.471977e-01 -2.132527e-01  1.613180e+00
     vertex  3.246547e-02 -2.673772e-01  1.459885e+00
     vertex  1.530031e-01 -2.216633e-01  1.459885e+00
   endloop
 endfacet
 facet normal  3.538643e-01 -9.330636e-01  6.459427e-02
   outer loop
     vertex  1.471977e-01 -2.132527e-01  1.613180e+00
     vertex  3.123363e-02 -2.572321e-01  1.613180e+00
     vertex  3.246547e-02 -2.673772e-01  1.459885e+00
   endloop
 endfacet
 facet normal  3.538643e-01 -9.330636e-01  6.459427e-02
   outer loop
     vertex  3.000178e-02 -2.470869e-01  1.766475e+00
     vertex  3.123363e-02 -2.572321e-01  1.613180e+00
     vertex  1.471977e-01 -2.132527e-01  1.613180e+00
   endloop
 endfacet
 facet normal -1.202850e-01 -9.906357e-01  6.459427e-02
   outer loop
     vertex  3.000178e-02 -2.470869e-01  1.766475e+00
     vertex -8.826175e-02 -2.327271e-01  1.766475e+00
     vertex  3.123363e-02 -2.572321e-01  1.613180e+00
   endloop
 endfacet
 facet normal -5.679344e-01 -8.227951e-01  2.141783e-02
   outer loop
     vertex -8.463781e-02 -2.231716e-01  1.919770e+00
     vertex -1.297814e-01 -1.880208e-01  2.073065e+00
     vertex -1.786561e-01 -1.582755e-01  1.919770e+00
   endloop
 endfacet
 facet normal -4.637088e-01 -8.835233e-01  6.603613e-02
   outer loop
     vertex -8.463781e-02 -2.231716e-01  1.919770e+00
     vertex -8.101387e-02 -2.136160e-01  2.073065e+00
     vertex -1.297814e-01 -1.880208e-01  2.073065e+00
   endloop
 endfacet
 facet normal -2.387933e-01 -9.688225e-01  6.603613e-02
   outer loop
     vertex -8.463781e-02 -2.231716e-01  1.919770e+00
     vertex -2.753809e-02 -2.267966e-01  2.073065e+00
     vertex -8.101387e-02 -2.136160e-01  2.073065e+00
   endloop
 endfacet
 facet normal -5.668784e-01 -8.212652e-01  6.459427e-02
   outer loop
     vertex -8.463781e-02 -2.231716e-01  1.919770e+00
     vertex -1.786561e-01 -1.582755e-01  1.919770e+00
     vertex -8.826175e-02 -2.327271e-01  1.766475e+00
   endloop
 endfacet
 facet normal  7.469476e-01 -6.617378e-01  6.459427e-02
   outer loop
     vertex  2.294406e-01 -1.204197e-01  1.613180e+00
     vertex  1.471977e-01 -2.132527e-01  1.613180e+00
     vertex  1.530031e-01 -2.216633e-01  1.459885e+00
   endloop
 endfacet
 facet normal  7.469476e-01 -6.617378e-01  6.459427e-02
   outer loop
     vertex  2.294406e-01 -1.204197e-01  1.613180e+00
     vertex  1.530031e-01 -2.216633e-01  1.459885e+00
     vertex  2.384896e-01 -1.251690e-01  1.459885e+00
   endloop
 endfacet
 facet normal  9.689141e-01 -2.388159e-01  6.459427e-02
   outer loop
     vertex  2.294406e-01 -1.204197e-01  1.613180e+00
     vertex  2.693410e-01 -6.596952e-17  1.459885e+00
     vertex  2.591213e-01 -6.346642e-17  1.613180e+00
   endloop
 endfacet
 facet normal  9.689141e-01 -2.388159e-01  6.459427e-02
   outer loop
     vertex  2.294406e-01 -1.204197e-01  1.613180e+00
     vertex  2.384896e-01 -1.251690e-01  1.459885e+00
     vertex  2.693410e-01 -6.596952e-17  1.459885e+00
   endloop
 endfacet
 facet normal  3.538643e-01 -9.330636e-01  6.459427e-02
   outer loop
     vertex  1.413923e-01 -2.048421e-01  1.766475e+00
     vertex  3.000178e-02 -2.470869e-01  1.766475e+00
     vertex  1.471977e-01 -2.132527e-01  1.613180e+00
   endloop
 endfacet
 facet normal -2.511456e-15 -9.978172e-01  6.603613e-02
   outer loop
     vertex  2.876994e-02 -2.369418e-01  1.919770e+00
     vertex  2.753809e-02 -2.267966e-01  2.073065e+00
     vertex -2.753809e-02 -2.267966e-01  2.073065e+00
   endloop
 endfacet
 facet normal -1.202850e-01 -9.906357e-01  6.459427e-02
   outer loop
     vertex  2.876994e-02 -2.369418e-01  1.919770e+00
     vertex -8.826175e-02 -2.327271e-01  1.766475e+00
     vertex  3.000178e-02 -2.470869e-01  1.766475e+00
   endloop
 endfacet
 facet normal  2.387933e-01 -9.688225e-01  6.603613e-02
   outer loop
     vertex  2.876994e-02 -2.369418e-01  1.919770e+00
     vertex  8.101387e-02 -2.136160e-01  2.073065e+00
     vertex  2.753809e-02 -2.267966e-01  2.073065e+00
   endloop
 endfacet
 facet normal -1.205090e-01 -9.924812e-01  2.141783e-02
   outer loop
     vertex  2.876994e-02 -2.369418e-01  1.919770e+00
     vertex -2.753809e-02 -2.267966e-01  2.073065e+00
     vertex -8.463781e-02 -2.231716e-01  1.919770e+00
   endloop
 endfacet
 facet normal -1.202850e-01 -9.906357e-01  6.459427e-02
   outer loop
     vertex  2.876994e-02 -2.369418e-01  1.919770e+00
     vertex -8.463781e-02 -2.231716e-01  1.919770e+00
     vertex -8.826175e-02 -2.327271e-01  1.766475e+00
   endloop
 endfacet
 facet normal  7.469476e-01 -6.617378e-01  6.459427e-02
   outer loop
     vertex  2.203915e-01 -1.156704e-01  1.766475e+00
     vertex  1.471977e-01 -2.132527e-01  1.613180e+00
     vertex  2.294406e-01 -1.204197e-01  1.613180e+00
   endloop
 endfacet
 facet normal  9.689141e-01 -2.388159e-01  6.459427e-02
   outer loop
     vertex  2.203915e-01 -1.156704e-01  1.766475e+00
     vertex  2.294406e-01 -1.204197e-01  1.613180e+00
     vertex  2.591213e-01 -6.346642e-17  1.613180e+00
   endloop
 endfacet
 facet normal  7.469476e-01 -6.617378e-01  6.459427e-02
   outer loop
     vertex  2.203915e-01 -1.156704e-01  1.766475e+00
     vertex  1.413923e-01 -2.048421e-01  1.766475e+00
     vertex  1.471977e-01 -2.132527e-01  1.613180e+00
   endloop
 endfacet
 facet normal  9.689141e-01 -2.388159e-01  6.459427e-02
   outer loop
     vertex  2.203915e-01 -1.156704e-01  1.766475e+00
     vertex  2.591213e-01 -6.346642e-17  1.613180e+00
     vertex  2.489017e-01 -6.096333e-17  1.766475e+00
   endloop
 endfacet
 facet normal  4.637088e-01 -8.835233e-01  6.603613e-02
   outer loop
     vertex  1.355868e-01 -1.964314e-01  1.919770e+00
     vertex  1.297814e-01 -1.880208e-01  2.073065e+00
     vertex  8.101387e-02 -2.136160e-01  2.073065e+00
   endloop
 endfacet
 facet normal  6.616752e-01 -7.468769e-01  6.603613e-02
   outer loop
     vertex  1.355868e-01 -1.964314e-01  1.919770e+00
     vertex  1.710065e-01 -1.514986e-01  2.073065e+00
     vertex  1.297814e-01 -1.880208e-01  2.073065e+00
   endloop
 endfacet
 facet normal  3.538643e-01 -9.330636e-01  6.459427e-02
   outer loop
     vertex  1.355868e-01 -1.964314e-01  1.919770e+00
     vertex  3.000178e-02 -2.470869e-01  1.766475e+00
     vertex  1.413923e-01 -2.048421e-01  1.766475e+00
   endloop
 endfacet
 facet normal  3.545235e-01 -9.348018e-01  2.141783e-02
   outer loop
     vertex  1.355868e-01 -1.964314e-01  1.919770e+00
     vertex  8.101387e-02 -2.136160e-01  2.073065e+00
     vertex  2.876994e-02 -2.369418e-01  1.919770e+00
   endloop
 endfacet
 facet normal  3.538643e-01 -9.330636e-01  6.459427e-02
   outer loop
     vertex  1.355868e-01 -1.964314e-01  1.919770e+00
     vertex  2.876994e-02 -2.369418e-01  1.919770e+00
     vertex  3.000178e-02 -2.470869e-01  1.766475e+00
   endloop
 endfacet
 facet normal  8.211875e-01 -5.668248e-01  6.603613e-02
   outer loop
     vertex  2.113424e-01 -1.109211e-01  1.919770e+00
     vertex  2.022934e-01 -1.061717e-01  2.073065e+00
     vertex  1.710065e-01 -1.514986e-01  2.073065e+00
   endloop
 endfacet
 facet normal  9.329753e-01 -3.538309e-01  6.603613e-02
   outer loop
     vertex  2.113424e-01 -1.109211e-01  1.919770e+00
     vertex  2.218236e-01 -5.467462e-02  2.073065e+00
     vertex  2.022934e-01 -1.061717e-01  2.073065e+00
   endloop
 endfacet
 facet normal  7.469476e-01 -6.617378e-01  6.459427e-02
   outer loop
     vertex  2.113424e-01 -1.109211e-01  1.919770e+00
     vertex  1.355868e-01 -1.964314e-01  1.919770e+00
     vertex  1.413923e-01 -2.048421e-01  1.766475e+00
   endloop
 endfacet
 facet normal  7.469476e-01 -6.617378e-01  6.459427e-02
   outer loop
     vertex  2.113424e-01 -1.109211e-01  1.919770e+00
     vertex  1.413923e-01 -2.048421e-01  1.766475e+00
     vertex  2.203915e-01 -1.156704e-01  1.766475e+00
   endloop
 endfacet
 facet normal  9.689141e-01 -2.388159e-01  6.459427e-02
   outer loop
     vertex  2.113424e-01 -1.109211e-01  1.919770e+00
     vertex  2.203915e-01 -1.156704e-01  1.766475e+00
     vertex  2.489017e-01 -6.096333e-17  1.766475e+00
   endloop
 endfacet
 facet normal  9.689141e-01 -2.388159e-01  6.459427e-02
   outer loop
     vertex  2.113424e-01 -1.109211e-01  1.919770e+00
     vertex  2.489017e-01 -6.096333e-17  1.766475e+00
     vertex  2.386820e-01 -5.846023e-17  1.919770e+00
   endloop
 endfacet
 facet normal  7.483390e-01 -6.629705e-01  2.141783e-02
   outer loop
     vertex  2.113424e-01 -1.109211e-01  1.919770e+00
     vertex  1.710065e-01 -1.514986e-01  2.073065e+00
     vertex  1.355868e-01 -1.964314e-01  1.919770e+00
   endloop
 endfacet
 facet normal  9.707191e-01 -2.392608e-01  2.141783e-02
   outer loop
     vertex  2.113424e-01 -1.109211e-01  1.919770e+00
     vertex  2.386820e-01 -5.846023e-17  1.919770e+00
     vertex  2.218236e-01 -5.467462e-02  2.073065e+00
   endloop
 endfacet
 facet normal  7.416213e-16  8.371174e-16  1.000000e+00
   outer loop
     vertex -1.704194e-01 -2.468952e-01  1.000000e+00
     vertex -3.742554e-01 -3.315613e-01  1.000000e+00
     vertex -2.840324e-01 -4.114919e-01  1.000000e+00
   endloop
 endfacet
 facet normal  7.416213e-16  8.371174e-16  1.000000e+00
   outer loop
     vertex -1.704194e-01 -2.468952e-01  1.000000e+00
     vertex -2.245532e-01 -1.989368e-01  1.000000e+00
     vertex -3.742554e-01 -3.315613e-01  1.000000e+00
   endloop
 endfacet
 facet normal  9.204064e-16  6.353107e-16  1.000000e+00
   outer loop
     vertex -2.656368e-01 -1.394170e-01  1.000000e+00
     vertex -4.427280e-01 -2.323616e-01  1.000000e+00
     vertex -3.742554e-01 -3.315613e-01  1.000000e+00
   endloop
 endfacet
 facet normal  9.204064e-16  6.353107e-16  1.000000e+00
   outer loop
     vertex -2.656368e-01 -1.394170e-01  1.000000e+00
     vertex -3.742554e-01 -3.315613e-01  1.000000e+00
     vertex -2.245532e-01 -1.989368e-01  1.000000e+00
   endloop
 endfacet
 facet normal  5.197358e-16  9.902739e-16  1.000000e+00
   outer loop
     vertex -1.063815e-01 -2.805049e-01  1.000000e+00
     vertex -2.840324e-01 -4.114919e-01  1.000000e+00
     vertex -1.773024e-01 -4.675081e-01  1.000000e+00
   endloop
 endfacet
 facet normal  5.197358e-16  9.902739e-16  1.000000e+00
   outer loop
     vertex -1.063815e-01 -2.805049e-01  1.000000e+00
     vertex -1.704194e-01 -2.468952e-01  1.000000e+00
     vertex -2.840324e-01 -4.114919e-01  1.000000e+00
   endloop
 endfacet
 facet normal  1.045701e-15  3.965820e-16  1.000000e+00
   outer loop
     vertex -2.912825e-01 -7.179470e-02  1.000000e+00
     vertex -4.854709e-01 -1.196578e-01  1.000000e+00
     vertex -4.427280e-01 -2.323616e-01  1.000000e+00
   endloop
 endfacet
 facet normal  1.045701e-15  3.965820e-16  1.000000e+00
   outer loop
     vertex -2.912825e-01 -7.179470e-02  1.000000e+00
     vertex -4.427280e-01 -2.323616e-01  1.000000e+00
     vertex -2.656368e-01 -1.394170e-01  1.000000e+00
   endloop
 endfacet
 facet normal  2.676452e-16  1.085879e-15  1.000000e+00
   outer loop
     vertex -3.616100e-02 -2.978127e-01  1.000000e+00
     vertex -1.773024e-01 -4.675081e-01  1.000000e+00
     vertex -6.026834e-02 -4.963544e-01  1.000000e+00
   endloop
 endfacet
 facet normal  2.676452e-16  1.085879e-15  1.000000e+00
   outer loop
     vertex -3.616100e-02 -2.978127e-01  1.000000e+00
     vertex -1.063815e-01 -2.805049e-01  1.000000e+00
     vertex -1.773024e-01 -4.675081e-01  1.000000e+00
   endloop
 endfacet
 facet normal  1.110223e-15  1.348055e-16  1.000000e+00
   outer loop
     vertex -3.000000e-01  3.031929e-16  1.000000e+00
     vertex -5.000000e-01  5.053215e-16  1.000000e+00
     vertex -4.854709e-01 -1.196578e-01  1.000000e+00
   endloop
 endfacet
 facet normal  1.110223e-15  1.348055e-16  1.000000e+00
   outer loop
     vertex -3.000000e-01  3.031929e-16  1.000000e+00
     vertex -4.854709e-01 -1.196578e-01  1.000000e+00
     vertex -2.912825e-01 -7.179470e-02  1.000000e+00
   endloop
 endfacet
 facet normal  2.575250e-30  1.118377e-15  1.000000e+00
   outer loop
     vertex  3.616100e-02 -2.978127e-01  1.000000e+00
     vertex -6.026834e-02 -4.963544e-01  1.000000e+00
     vertex  6.026834e-02 -4.963544e-01  1.000000e+00
   endloop
 endfacet
 facet normal  2.575250e-30  1.118377e-15  1.000000e+00
   outer loop
     vertex  3.616100e-02 -2.978127e-01  1.000000e+00
     vertex -3.616100e-02 -2.978127e-01  1.000000e+00
     vertex -6.026834e-02 -4.963544e-01  1.000000e+00
   endloop
 endfacet
 facet normal  1.110223e-15 -1.348055e-16  1.000000e+00
   outer loop
     vertex -2.912825e-01  7.179470e-02  1.000000e+00
     vertex -4.854709e-01  1.196578e-01  1.000000e+00
     vertex -5.000000e-01  5.053215e-16  1.000000e+00
   endloop
 endfacet
 facet normal  1.110223e-15 -1.348055e-16  1.000000e+00
   outer loop
     vertex -2.912825e-01  7.179470e-02  1.000000e+00
     vertex -5.000000e-01  5.053215e-16  1.000000e+00
     vertex -3.000000e-01  3.031929e-16  1.000000e+00
   endloop
 endfacet
 facet normal -2.676452e-16  1.085879e-15  1.000000e+00
   outer loop
     vertex  1.063815e-01 -2.805049e-01  1.000000e+00
     vertex  6.026834e-02 -4.963544e-01  1.000000e+00
     vertex  1.773024e-01 -4.675081e-01  1.000000e+00
   endloop
 endfacet
 facet normal -2.676452e-16  1.085879e-15  1.000000e+00
   outer loop
     vertex  1.063815e-01 -2.805049e-01  1.000000e+00
     vertex  3.616100e-02 -2.978127e-01  1.000000e+00
     vertex  6.026834e-02 -4.963544e-01  1.000000e+00
   endloop
 endfacet
 facet normal  1.045701e-15 -3.965820e-16  1.000000e+00
   outer loop
     vertex -2.656368e-01  1.394170e-01  1.000000e+00
     vertex -4.427280e-01  2.323616e-01  1.000000e+00
     vertex -4.854709e-01  1.196578e-01  1.000000e+00
   endloop
 endfacet
 facet normal  1.045701e-15 -3.965820e-16  1.000000e+00
   outer loop
     vertex -2.656368e-01  1.394170e-01  1.000000e+00
     vertex -4.854709e-01  1.196578e-01  1.000000e+00
     vertex -2.912825e-01  7.179470e-02  1.000000e+00
   endloop
 endfacet
 facet normal -5.197358e-16  9.902739e-16  1.000000e+00
   outer loop
     vertex  1.704194e-01 -2.468952e-01  1.000000e+00
     vertex  1.773024e-01 -4.675081e-01  1.000000e+00
     vertex  2.840324e-01 -4.114919e-01  1.000000e+00
   endloop
 endfacet
 facet normal -5.197358e-16  9.902739e-16  1.000000e+00
   outer loop
     vertex  1.704194e-01 -2.468952e-01  1.000000e+00
     vertex  1.063815e-01 -2.805049e-01  1.000000e+00
     vertex  1.773024e-01 -4.675081e-01  1.000000e+00
   endloop
 endfacet
 facet normal  9.204064e-16 -6.353107e-16  1.000000e+00
   outer loop
     vertex -2.245532e-01  1.989368e-01  1.000000e+00
     vertex -3.742554e-01  3.315613e-01  1.000000e+00
     vertex -4.427280e-01  2.323616e-01  1.000000e+00
   endloop
 endfacet
 facet normal  9.204064e-16 -6.353107e-16  1.000000e+00
   outer loop
     vertex -2.245532e-01  1.989368e-01  1.000000e+00
     vertex -4.427280e-01  2.323616e-01  1.000000e+00
     vertex -2.656368e-01  1.394170e-01  1.000000e+00
   endloop
 endfacet
 facet normal -7.416213e-16  8.371174e-16  1.000000e+00
   outer loop
     vertex  3.742554e-01 -3.315613e-01  1.000000e+00
     vertex  2.245532e-01 -1.989368e-01  1.000000e+00
     vertex  1.704194e-01 -2.468952e-01  1.000000e+00
   endloop
 endfacet
 facet normal -7.416213e-16  8.371174e-16  1.000000e+00
   outer loop
     vertex  3.742554e-01 -3.315613e-01  1.000000e+00
     vertex  1.704194e-01 -2.468952e-01  1.000000e+00
     vertex  2.840324e-01 -4.114919e-01  1.000000e+00
   endloop
 endfacet
 facet normal  7.416213e-16 -8.371174e-16  1.000000e+00
   outer loop
     vertex -2.840324e-01  4.114919e-01  1.000000e+00
     vertex -3.742554e-01  3.315613e-01  1.000000e+00
     vertex -2.245532e-01  1.989368e-01  1.000000e+00
   endloop
 endfacet
 facet normal  7.416213e-16 -8.371174e-16  1.000000e+00
   outer loop
     vertex -2.840324e-01  4.114919e-01  1.000000e+00
     vertex -2.245532e-01  1.989368e-01  1.000000e+00
     vertex -1.704194e-01  2.468952e-01  1.000000e+00
   endloop
 endfacet
 facet normal  5.197358e-16 -9.902739e-16  1.000000e+00
   outer loop
     vertex -1.063815e-01  2.805049e-01  1.000000e+00
     vertex -2.840324e-01  4.114919e-01  1.000000e+00
     vertex -1.704194e-01  2.468952e-01  1.000000e+00
   endloop
 endfacet
 facet normal -9.204064e-16  6.353107e-16  1.000000e+00
   outer loop
     vertex  4.427280e-01 -2.323616e-01  1.000000e+00
     vertex  2.245532e-01 -1.989368e-01  1.000000e+00
     vertex  3.742554e-01 -3.315613e-01  1.000000e+00
   endloop
 endfacet
 facet normal -9.204064e-16  6.353107e-16  1.000000e+00
   outer loop
     vertex  4.427280e-01 -2.323616e-01  1.000000e+00
     vertex  2.656368e-01 -1.394170e-01  1.000000e+00
     vertex  2.245532e-01 -1.989368e-01  1.000000e+00
   endloop
 endfacet
 facet normal  5.197358e-16 -9.902739e-16  1.000000e+00
   outer loop
     vertex -1.773024e-01  4.675081e-01  1.000000e+00
     vertex -2.840324e-01  4.114919e-01  1.000000e+00
     vertex -1.063815e-01  2.805049e-01  1.000000e+00
   endloop
 endfacet
 facet normal -1.045701e-15  3.965820e-16  1.000000e+00
   outer loop
     vertex  4.854709e-01 -1.196578e-01  1.000000e+00
     vertex  2.656368e-01 -1.394170e-01  1.000000e+00
     vertex  4.427280e-01 -2.323616e-01  1.000000e+00
   endloop
 endfacet
 facet normal -1.045701e-15  3.965820e-16  1.000000e+00
   outer loop
     vertex  4.854709e-01 -1.196578e-01  1.000000e+00
     vertex  2.912825e-01 -7.179470e-02  1.000000e+00
     vertex  2.656368e-01 -1.394170e-01  1.000000e+00
   endloop
 endfacet
 facet normal  2.676452e-16 -1.085879e-15  1.000000e+00
   outer loop
     vertex -6.026834e-02  4.963544e-01  1.000000e+00
     vertex -1.773024e-01  4.675081e-01  1.000000e+00
     vertex -1.063815e-01  2.805049e-01  1.000000e+00
   endloop
 endfacet
 facet normal  2.676452e-16 -1.085879e-15  1.000000e+00
   outer loop
     vertex -6.026834e-02  4.963544e-01  1.000000e+00
     vertex -1.063815e-01  2.805049e-01  1.000000e+00
     vertex -3.616100e-02  2.978127e-01  1.000000e+00
   endloop
 endfacet
 facet normal -1.110223e-15  1.348055e-16  1.000000e+00
   outer loop
     vertex  5.000000e-01 -1.224647e-16  1.000000e+00
     vertex  2.912825e-01 -7.179470e-02  1.000000e+00
     vertex  4.854709e-01 -1.196578e-01  1.000000e+00
   endloop
 endfacet
 facet normal -1.110223e-15  1.348055e-16  1.000000e+00
   outer loop
     vertex  5.000000e-01 -1.224647e-16  1.000000e+00
     vertex  3.000000e-01 -7.347881e-17  1.000000e+00
     vertex  2.912825e-01 -7.179470e-02  1.000000e+00
   endloop
 endfacet
 facet normal  0.000000e+00 -1.118377e-15  1.000000e+00
   outer loop
     vertex  6.026834e-02  4.963544e-01  1.000000e+00
     vertex -3.616100e-02  2.978127e-01  1.000000e+00
     vertex  3.616100e-02  2.978127e-01  1.000000e+00
   endloop
 endfacet
 facet normal  0.000000e+00 -1.118377e-15  1.000000e+00
   outer loop
     vertex  6.026834e-02  4.963544e-01  1.000000e+00
     vertex -6.026834e-02  4.963544e-01  1.000000e+00
     vertex -3.616100e-02  2.978127e-01  1.000000e+00
   endloop
 endfacet
 facet normal -1.110223e-15 -1.348055e-16  1.000000e+00
   outer loop
     vertex  4.854709e-01  1.196578e-01  1.000000e+00
     vertex  2.912825e-01  7.179470e-02  1.000000e+00
     vertex  3.000000e-01 -7.347881e-17  1.000000e+00
   endloop
 endfacet
 facet normal -1.110223e-15 -1.348055e-16  1.000000e+00
   outer loop
     vertex  4.854709e-01  1.196578e-01  1.000000e+00
     vertex  3.000000e-01 -7.347881e-17  1.000000e+00
     vertex  5.000000e-01 -1.224647e-16  1.000000e+00
   endloop
 endfacet
 facet normal -5.197358e-16 -9.902739e-16  1.000000e+00
   outer loop
     vertex  1.773024e-01  4.675081e-01  1.000000e+00
     vertex  1.063815e-01  2.805049e-01  1.000000e+00
     vertex  1.704194e-01  2.468952e-01  1.000000e+00
   endloop
 endfacet
 facet normal -2.676452e-16 -1.085879e-15  1.000000e+00
   outer loop
     vertex  1.773024e-01  4.675081e-01  1.000000e+00
     vertex  3.616100e-02  2.978127e-01  1.000000e+00
     vertex  1.063815e-01  2.805049e-01  1.000000e+00
   endloop
 endfacet
 facet normal -2.676452e-16 -1.085879e-15  1.000000e+00
   outer loop
     vertex  1.773024e-01  4.675081e-01  1.000000e+00
     vertex  6.026834e-02  4.963544e-01  1.000000e+00
     vertex  3.616100e-02  2.978127e-01  1.000000e+00
   endloop
 endfacet
 facet normal -1.045701e-15 -3.965820e-16  1.000000e+00
   outer loop
     vertex  4.427280e-01  2.323616e-01  1.000000e+00
     vertex  2.656368e-01  1.394170e-01  1.000000e+00
     vertex  2.912825e-01  7.179470e-02  1.000000e+00
   endloop
 endfacet
 facet normal -1.045701e-15 -3.965820e-16  1.000000e+00
   outer loop
     vertex  4.427280e-01  2.323616e-01  1.000000e+00
     vertex  2.912825e-01  7.179470e-02  1.000000e+00
     vertex  4.854709e-01  1.196578e-01  1.000000e+00
   endloop
 endfacet
 facet normal -5.197358e-16 -9.902739e-16  1.000000e+00
   outer loop
     vertex  2.840324e-01  4.114919e-01  1.000000e+00
     vertex  1.773024e-01  4.675081e-01  1.000000e+00
     vertex  1.704194e-01  2.468952e-01  1.000000e+00
   endloop
 endfacet
 facet normal -9.204064e-16 -6.353107e-16  1.000000e+00
   outer loop
     vertex  3.742554e-01  3.315613e-01  1.000000e+00
     vertex  2.245532e-01  1.989368e-01  1.000000e+00
     vertex  2.656368e-01  1.394170e-01  1.000000e+00
   endloop
 endfacet
 facet normal -7.416213e-16 -8.371174e-16  1.000000e+00
   outer loop
     vertex  3.742554e-01  3.315613e-01  1.000000e+00
     vertex  1.704194e-01  2.468952e-01  1.000000e+00
     vertex  2.245532e-01  1.989368e-01  1.000000e+00
   endloop
 endfacet
 facet normal -9.204064e-16 -6.353107e-16  1.000000e+00
   outer loop
     vertex  3.742554e-01  3.315613e-01  1.000000e+00
     vertex  2.656368e-01  1.394170e-01  1.000000e+00
     vertex  4.427280e-01  2.323616e-01  1.000000e+00
   endloop
 endfacet
 facet normal -7.416213e-16 -8.371174e-16  1.000000e+00
   outer loop
     vertex  3.742554e-01  3.315613e-01  1.000000e+00
     vertex  2.840324e-01  4.114919e-01  1.000000e+00
     vertex  1.704194e-01  2.468952e-01  1.000000e+00
   endloop
 endfacet
 facet normal  8.891987e-01  1.079683e-01  4.445993e-01
   outer loop
     vertex  4.854709e-01  1.196578e-01  1.000000e+00
     vertex  5.000000e-01 -1.224647e-16  1.000000e+00
     vertex  5.371770e-01 -1.315704e-16  9.256459e-01
   endloop
 endfacet
 facet normal  8.891987e-01  1.079683e-01  4.445993e-01
   outer loop
     vertex  4.854709e-01  1.196578e-01  1.000000e+00
     vertex  5.371770e-01 -1.315704e-16  9.256459e-01
     vertex  5.215676e-01  1.285549e-01  9.256459e-01
   endloop
 endfacet
 facet normal  8.375217e-01  3.176301e-01  4.445993e-01
   outer loop
     vertex  4.427280e-01  2.323616e-01  1.000000e+00
     vertex  5.215676e-01  1.285549e-01  9.256459e-01
     vertex  4.756466e-01  2.496386e-01  9.256459e-01
   endloop
 endfacet
 facet normal  8.375217e-01  3.176301e-01  4.445993e-01
   outer loop
     vertex  4.427280e-01  2.323616e-01  1.000000e+00
     vertex  4.854709e-01  1.196578e-01  1.000000e+00
     vertex  5.215676e-01  1.285549e-01  9.256459e-01
   endloop
 endfacet
 facet normal  7.371710e-01  5.088324e-01  4.445993e-01
   outer loop
     vertex  3.742554e-01  3.315613e-01  1.000000e+00
     vertex  4.756466e-01  2.496386e-01  9.256459e-01
     vertex  4.020828e-01  3.562143e-01  9.256459e-01
   endloop
 endfacet
 facet normal  7.371710e-01  5.088324e-01  4.445993e-01
   outer loop
     vertex  3.742554e-01  3.315613e-01  1.000000e+00
     vertex  4.427280e-01  2.323616e-01  1.000000e+00
     vertex  4.756466e-01  2.496386e-01  9.256459e-01
   endloop
 endfacet
 facet normal  5.939786e-01  6.704632e-01  4.445993e-01
   outer loop
     vertex  2.840324e-01  4.114919e-01  1.000000e+00
     vertex  4.020828e-01  3.562143e-01  9.256459e-01
     vertex  3.051513e-01  4.420880e-01  9.256459e-01
   endloop
 endfacet
 facet normal  5.939786e-01  6.704632e-01  4.445993e-01
   outer loop
     vertex  2.840324e-01  4.114919e-01  1.000000e+00
     vertex  3.742554e-01  3.315613e-01  1.000000e+00
     vertex  4.020828e-01  3.562143e-01  9.256459e-01
   endloop
 endfacet
 facet normal  4.162663e-01  7.931291e-01  4.445993e-01
   outer loop
     vertex  1.773024e-01  4.675081e-01  1.000000e+00
     vertex  3.051513e-01  4.420880e-01  9.256459e-01
     vertex  1.904856e-01  5.022693e-01  9.256459e-01
   endloop
 endfacet
 facet normal  4.162663e-01  7.931291e-01  4.445993e-01
   outer loop
     vertex  1.773024e-01  4.675081e-01  1.000000e+00
     vertex  2.840324e-01  4.114919e-01  1.000000e+00
     vertex  3.051513e-01  4.420880e-01  9.256459e-01
   endloop
 endfacet
 facet normal  2.143621e-01  8.697013e-01  4.445993e-01
   outer loop
     vertex  6.026834e-02  4.963544e-01  1.000000e+00
     vertex  1.904856e-01  5.022693e-01  9.256459e-01
     vertex  6.474954e-02  5.332604e-01  9.256459e-01
   endloop
 endfacet
 facet normal  2.143621e-01  8.697013e-01  4.445993e-01
   outer loop
     vertex  6.026834e-02  4.963544e-01  1.000000e+00
     vertex  1.773024e-01  4.675081e-01  1.000000e+00
     vertex  1.904856e-01  5.022693e-01  9.256459e-01
   endloop
 endfacet
 facet normal  7.679279e-16  8.957296e-01  4.445993e-01
   outer loop
     vertex -6.474954e-02  5.332604e-01  9.256459e-01
     vertex  6.026834e-02  4.963544e-01  1.000000e+00
     vertex  6.474954e-02  5.332604e-01  9.256459e-01
   endloop
 endfacet
 facet normal -0.000000e+00  8.957296e-01  4.445993e-01
   outer loop
     vertex -6.026834e-02  4.963544e-01  1.000000e+00
     vertex  6.026834e-02  4.963544e-01  1.000000e+00
     vertex -6.474954e-02  5.332604e-01  9.256459e-01
   endloop
 endfacet
 facet normal -2.143621e-01  8.697013e-01  4.445993e-01
   outer loop
     vertex -1.904856e-01  5.022693e-01  9.256459e-01
     vertex -6.026834e-02  4.963544e-01  1.000000e+00
     vertex -6.474954e-02  5.332604e-01  9.256459e-01
   endloop
 endfacet
 facet normal -2.143621e-01  8.697013e-01  4.445993e-01
   outer loop
     vertex -1.773024e-01  4.675081e-01  1.000000e+00
     vertex -6.026834e-02  4.963544e-01  1.000000e+00
     vertex -1.904856e-01  5.022693e-01  9.256459e-01
   endloop
 endfacet
 facet normal -4.162663e-01  7.931291e-01  4.445993e-01
   outer loop
     vertex -3.051513e-01  4.420880e-01  9.256459e-01
     vertex -1.773024e-01  4.675081e-01  1.000000e+00
     vertex -1.904856e-01  5.022693e-01  9.256459e-01
   endloop
 endfacet
 facet normal -4.162663e-01  7.931291e-01  4.445993e-01
   outer loop
     vertex -2.840324e-01  4.114919e-01  1.000000e+00
     vertex -1.773024e-01  4.675081e-01  1.000000e+00
     vertex -3.051513e-01  4.420880e-01  9.256459e-01
   endloop
 endfacet
 facet normal -5.939786e-01  6.704632e-01  4.445993e-01
   outer loop
     vertex -3.742554e-01  3.315613e-01  1.000000e+00
     vertex -3.051513e-01  4.420880e-01  9.256459e-01
     vertex -4.020828e-01  3.562143e-01  9.256459e-01
   endloop
 endfacet
 facet normal -5.939786e-01  6.704632e-01  4.445993e-01
   outer loop
     vertex -3.742554e-01  3.315613e-01  1.000000e+00
     vertex -2.840324e-01  4.114919e-01  1.000000e+00
     vertex -3.051513e-01  4.420880e-01  9.256459e-01
   endloop
 endfacet
 facet normal -7.371710e-01  5.088324e-01  4.445993e-01
   outer loop
     vertex -4.427280e-01  2.323616e-01  1.000000e+00
     vertex -4.020828e-01  3.562143e-01  9.256459e-01
     vertex -4.756466e-01  2.496386e-01  9.256459e-01
   endloop
 endfacet
 facet normal -7.371710e-01  5.088324e-01  4.445993e-01
   outer loop
     vertex -4.427280e-01  2.323616e-01  1.000000e+00
     vertex -3.742554e-01  3.315613e-01  1.000000e+00
     vertex -4.020828e-01  3.562143e-01  9.256459e-01
   endloop
 endfacet
 facet normal -8.375217e-01  3.176301e-01  4.445993e-01
   outer loop
     vertex -4.854709e-01  1.196578e-01  1.000000e+00
     vertex -4.427280e-01  2.323616e-01  1.000000e+00
     vertex -4.756466e-01  2.496386e-01  9.256459e-01
   endloop
 endfacet
 facet normal -8.375217e-01  3.176301e-01  4.445993e-01
   outer loop
     vertex -4.854709e-01  1.196578e-01  1.000000e+00
     vertex -4.756466e-01  2.496386e-01  9.256459e-01
     vertex -5.215676e-01  1.285549e-01  9.256459e-01
   endloop
 endfacet
 facet normal -8.891987e-01  1.079683e-01  4.445993e-01
   outer loop
     vertex -5.000000e-01  5.053215e-16  1.000000e+00
     vertex -4.854709e-01  1.196578e-01  1.000000e+00
     vertex -5.215676e-01  1.285549e-01  9.256459e-01
   endloop
 endfacet
 facet normal -8.891987e-01  1.079683e-01  4.445993e-01
   outer loop
     vertex -5.000000e-01  5.053215e-16  1.000000e+00
     vertex -5.215676e-01  1.285549e-01  9.256459e-01
     vertex -5.371770e-01  1.052896e-15  9.256459e-01
   endloop
 endfacet
 facet normal -8.891987e-01 -1.079683e-01  4.445993e-01
   outer loop
     vertex -5.215676e-01 -1.285549e-01  9.256459e-01
     vertex -5.000000e-01  5.053215e-16  1.000000e+00
     vertex -5.371770e-01  1.052896e-15  9.256459e-01
   endloop
 endfacet
 facet normal -8.891987e-01 -1.079683e-01  4.445993e-01
   outer loop
     vertex -4.854709e-01 -1.196578e-01  1.000000e+00
     vertex -5.000000e-01  5.053215e-16  1.000000e+00
     vertex -5.215676e-01 -1.285549e-01  9.256459e-01
   endloop
 endfacet
 facet normal -8.375217e-01 -3.176301e-01  4.445993e-01
   outer loop
     vertex -4.427280e-01 -2.323616e-01  1.000000e+00
     vertex -4.854709e-01 -1.196578e-01  1.000000e+00
     vertex -5.215676e-01 -1.285549e-01  9.256459e-01
   endloop
 endfacet
 facet normal -8.375217e-01 -3.176301e-01  4.445993e-01
   outer loop
     vertex -4.427280e-01 -2.323616e-01  1.000000e+00
     vertex -5.215676e-01 -1.285549e-01  9.256459e-01
     vertex -4.756466e-01 -2.496386e-01  9.256459e-01
   endloop
 endfacet
 facet normal -7.371710e-01 -5.088324e-01  4.445993e-01
   outer loop
     vertex -4.020828e-01 -3.562143e-01  9.256459e-01
     vertex -4.427280e-01 -2.323616e-01  1.000000e+00
     vertex -4.756466e-01 -2.496386e-01  9.256459e-01
   endloop
 endfacet
 facet normal -7.371710e-01 -5.088324e-01  4.445993e-01
   outer loop
     vertex -3.742554e-01 -3.315613e-01  1.000000e+00
     vertex -4.427280e-01 -2.323616e-01  1.000000e+00
     vertex -4.020828e-01 -3.562143e-01  9.256459e-01
   endloop
 endfacet
 facet normal -5.939786e-01 -6.704632e-01  4.445993e-01
   outer loop
     vertex -2.840324e-01 -4.114919e-01  1.000000e+00
     vertex -3.742554e-01 -3.315613e-01  1.000000e+00
     vertex -4.020828e-01 -3.562143e-01  9.256459e-01
   endloop
 endfacet
 facet normal -5.939786e-01 -6.704632e-01  4.445993e-01
   outer loop
     vertex -2.840324e-01 -4.114919e-01  1.000000e+00
     vertex -4.020828e-01 -3.562143e-01  9.256459e-01
     vertex -3.051513e-01 -4.420880e-01  9.256459e-01
   endloop
 endfacet
 facet normal -4.162663e-01 -7.931291e-01  4.445993e-01
   outer loop
     vertex -1.773024e-01 -4.675081e-01  1.000000e+00
     vertex -2.840324e-01 -4.114919e-01  1.000000e+00
     vertex -3.051513e-01 -4.420880e-01  9.256459e-01
   endloop
 endfacet
 facet normal -4.162663e-01 -7.931291e-01  4.445993e-01
   outer loop
     vertex -1.773024e-01 -4.675081e-01  1.000000e+00
     vertex -3.051513e-01 -4.420880e-01  9.256459e-01
     vertex -1.904856e-01 -5.022693e-01  9.256459e-01
   endloop
 endfacet
 facet normal -2.143621e-01 -8.697013e-01  4.445993e-01
   outer loop
     vertex -6.026834e-02 -4.963544e-01  1.000000e+00
     vertex -1.773024e-01 -4.675081e-01  1.000000e+00
     vertex -1.904856e-01 -5.022693e-01  9.256459e-01
   endloop
 endfacet
 facet normal -2.143621e-01 -8.697013e-01  4.445993e-01
   outer loop
     vertex -6.026834e-02 -4.963544e-01  1.000000e+00
     vertex -1.904856e-01 -5.022693e-01  9.256459e-01
     vertex -6.474954e-02 -5.332604e-01  9.256459e-01
   endloop
 endfacet
 facet normal -2.062566e-15 -8.957296e-01  4.445993e-01
   outer loop
     vertex  6.026834e-02 -4.963544e-01  1.000000e+00
     vertex -6.026834e-02 -4.963544e-01  1.000000e+00
     vertex -6.474954e-02 -5.332604e-01  9.256459e-01
   endloop
 endfacet
 facet normal -3.066121e-15 -8.957296e-01  4.445993e-01
   outer loop
     vertex  6.026834e-02 -4.963544e-01  1.000000e+00
     vertex -6.474954e-02 -5.332604e-01  9.256459e-01
     vertex  6.474954e-02 -5.332604e-01  9.256459e-01
   endloop
 endfacet
 facet normal  2.143621e-01 -8.697013e-01  4.445993e-01
   outer loop
     vertex  1.773024e-01 -4.675081e-01  1.000000e+00
     vertex  6.026834e-02 -4.963544e-01  1.000000e+00
     vertex  6.474954e-02 -5.332604e-01  9.256459e-01
   endloop
 endfacet
 facet normal  2.143621e-01 -8.697013e-01  4.445993e-01
   outer loop
     vertex  1.773024e-01 -4.675081e-01  1.000000e+00
     vertex  6.474954e-02 -5.332604e-01  9.256459e-01
     vertex  1.904856e-01 -5.022693e-01  9.256459e-01
   endloop
 endfacet
 facet normal  4.162663e-01 -7.931291e-01  4.445993e-01
   outer loop
     vertex  2.840324e-01 -4.114919e-01  1.000000e+00
     vertex  1.773024e-01 -4.675081e-01  1.000000e+00
     vertex  1.904856e-01 -5.022693e-01  9.256459e-01
   endloop
 endfacet
 facet normal  4.162663e-01 -7.931291e-01  4.445993e-01
   outer loop
     vertex  2.840324e-01 -4.114919e-01  1.000000e+00
     vertex  1.904856e-01 -5.022693e-01  9.256459e-01
     vertex  3.051513e-01 -4.420880e-01  9.256459e-01
   endloop
 endfacet
 facet normal  5.939786e-01 -6.704632e-01  4.445993e-01
   outer loop
     vertex  3.742554e-01 -3.315613e-01  1.000000e+00
     vertex  2.840324e-01 -4.114919e-01  1.000000e+00
     vertex  3.051513e-01 -4.420880e-01  9.256459e-01
   endloop
 endfacet
 facet normal  5.939786e-01 -6.704632e-01  4.445993e-01
   outer loop
     vertex  3.742554e-01 -3.315613e-01  1.000000e+00
     vertex  3.051513e-01 -4.420880e-01  9.256459e-01
     vertex  4.020828e-01 -3.562143e-01  9.256459e-01
   endloop
 endfacet
 facet normal  7.371710e-01 -5.088324e-01  4.445993e-01
   outer loop
     vertex  4.756466e-01 -2.496386e-01  9.256459e-01
     vertex  3.742554e-01 -3.315613e-01  1.000000e+00
     vertex  4.020828e-01 -3.562143e-01  9.256459e-01
   endloop
 endfacet
 facet normal  7.371710e-01 -5.088324e-01  4.445993e-01
   outer loop
     vertex  4.427280e-01 -2.323616e-01  1.000000e+00
     vertex  3.742554e-01 -3.315613e-01  1.000000e+00
     vertex  4.756466e-01 -2.496386e-01  9.256459e-01
   endloop
 endfacet
 facet normal  8.375217e-01 -3.176301e-01  4.445993e-01
   outer loop
     vertex  4.854709e-01 -1.196578e-01  1.000000e+00
     vertex  4.756466e-01 -2.496386e-01  9.256459e-01
     vertex  5.215676e-01 -1.285549e-01  9.256459e-01
   endloop
 endfacet
 facet normal  8.375217e-01 -3.176301e-01  4.445993e-01
   outer loop
     vertex  4.854709e-01 -1.196578e-01  1.000000e+00
     vertex  4.427280e-01 -2.323616e-01  1.000000e+00
     vertex  4.756466e-01 -2.496386e-01  9.256459e-01
   endloop
 endfacet
 facet normal  8.891987e-01 -1.079683e-01  4.445993e-01
   outer loop
     vertex  5.000000e-01 -1.224647e-16  1.000000e+00
     vertex  5.215676e-01 -1.285549e-01  9.256459e-01
     vertex  5.371770e-01 -1.315704e-16  9.256459e-01
   endloop
 endfacet
 facet normal  8.891987e-01 -1.079683e-01  4.445993e-01
   outer loop
     vertex  5.000000e-01 -1.224647e-16  1.000000e+00
     vertex  4.854709e-01 -1.196578e-01  1.000000e+00
     vertex  5.215676e-01 -1.285549e-01  9.256459e-01
   endloop
 endfacet
 facet normal  9.906634e-01 -1.202883e-01 -6.416184e-02
   outer loop
     vertex  5.000000e-01 -1.224647e-16  7.364505e-01
     vertex  5.041772e-01 -1.234878e-16  8.009465e-01
     vertex  4.854709e-01 -1.196578e-01  7.364505e-01
   endloop
 endfacet
 facet normal  9.419445e-01  1.143728e-01 -3.156889e-01
   outer loop
     vertex  5.016263e-01  1.236398e-01  8.643649e-01
     vertex  5.371770e-01 -1.315704e-16  9.256459e-01
     vertex  5.166389e-01 -1.265400e-16  8.643649e-01
   endloop
 endfacet
 facet normal  9.419445e-01  1.143728e-01 -3.156889e-01
   outer loop
     vertex  5.016263e-01  1.236398e-01  8.643649e-01
     vertex  5.215676e-01  1.285549e-01  9.256459e-01
     vertex  5.371770e-01 -1.315704e-16  9.256459e-01
   endloop
 endfacet
 facet normal  9.906634e-01  1.202883e-01 -6.416184e-02
   outer loop
     vertex  4.895267e-01  1.206575e-01  8.009465e-01
     vertex  5.000000e-01 -1.224647e-16  7.364505e-01
     vertex  4.854709e-01  1.196578e-01  7.364505e-01
   endloop
 endfacet
 facet normal  9.743443e-01  1.183068e-01 -1.914594e-01
   outer loop
     vertex  4.895267e-01  1.206575e-01  8.009465e-01
     vertex  5.166389e-01 -1.265400e-16  8.643649e-01
     vertex  5.041772e-01 -1.234878e-16  8.009465e-01
   endloop
 endfacet
 facet normal  9.906634e-01  1.202883e-01 -6.416184e-02
   outer loop
     vertex  4.895267e-01  1.206575e-01  8.009465e-01
     vertex  5.041772e-01 -1.234878e-16  8.009465e-01
     vertex  5.000000e-01 -1.224647e-16  7.364505e-01
   endloop
 endfacet
 facet normal  9.743443e-01  1.183068e-01 -1.914594e-01
   outer loop
     vertex  4.895267e-01  1.206575e-01  8.009465e-01
     vertex  5.016263e-01  1.236398e-01  8.643649e-01
     vertex  5.166389e-01 -1.265400e-16  8.643649e-01
   endloop
 endfacet
 facet normal  8.872021e-01  3.364714e-01 -3.156889e-01
   outer loop
     vertex  4.574611e-01  2.400941e-01  8.643649e-01
     vertex  4.756466e-01  2.496386e-01  9.256459e-01
     vertex  5.215676e-01  1.285549e-01  9.256459e-01
   endloop
 endfacet
 facet normal  8.872021e-01  3.364714e-01 -3.156889e-01
   outer loop
     vertex  4.574611e-01  2.400941e-01  8.643649e-01
     vertex  5.215676e-01  1.285549e-01  9.256459e-01
     vertex  5.016263e-01  1.236398e-01  8.643649e-01
   endloop
 endfacet
 facet normal  9.330896e-01  3.538742e-01 -6.416184e-02
   outer loop
     vertex  4.464267e-01  2.343028e-01  8.009465e-01
     vertex  4.854709e-01  1.196578e-01  7.364505e-01
     vertex  4.427280e-01  2.323616e-01  7.364505e-01
   endloop
 endfacet
 facet normal  9.177189e-01  3.480449e-01 -1.914594e-01
   outer loop
     vertex  4.464267e-01  2.343028e-01  8.009465e-01
     vertex  5.016263e-01  1.236398e-01  8.643649e-01
     vertex  4.895267e-01  1.206575e-01  8.009465e-01
   endloop
 endfacet
 facet normal  9.177189e-01  3.480449e-01 -1.914594e-01
   outer loop
     vertex  4.464267e-01  2.343028e-01  8.009465e-01
     vertex  4.574611e-01  2.400941e-01  8.643649e-01
     vertex  5.016263e-01  1.236398e-01  8.643649e-01
   endloop
 endfacet
 facet normal  9.330896e-01  3.538742e-01 -6.416184e-02
   outer loop
     vertex  4.464267e-01  2.343028e-01  8.009465e-01
     vertex  4.895267e-01  1.206575e-01  8.009465e-01
     vertex  4.854709e-01  1.196578e-01  7.364505e-01
   endloop
 endfacet
 facet normal  7.808987e-01  5.390155e-01 -3.156889e-01
   outer loop
     vertex  3.867098e-01  3.425950e-01  8.643649e-01
     vertex  4.020828e-01  3.562143e-01  9.256459e-01
     vertex  4.756466e-01  2.496386e-01  9.256459e-01
   endloop
 endfacet
 facet normal  7.808987e-01  5.390155e-01 -3.156889e-01
   outer loop
     vertex  3.867098e-01  3.425950e-01  8.643649e-01
     vertex  4.756466e-01  2.496386e-01  9.256459e-01
     vertex  4.574611e-01  2.400941e-01  8.643649e-01
   endloop
 endfacet
 facet normal  8.212881e-01  5.668943e-01 -6.416184e-02
   outer loop
     vertex  3.773820e-01  3.343313e-01  8.009465e-01
     vertex  4.427280e-01  2.323616e-01  7.364505e-01
     vertex  3.742554e-01  3.315613e-01  7.364505e-01
   endloop
 endfacet
 facet normal  8.212881e-01  5.668943e-01 -6.416184e-02
   outer loop
     vertex  3.773820e-01  3.343313e-01  8.009465e-01
     vertex  4.464267e-01  2.343028e-01  8.009465e-01
     vertex  4.427280e-01  2.323616e-01  7.364505e-01
   endloop
 endfacet
 facet normal  8.077591e-01  5.575559e-01 -1.914594e-01
   outer loop
     vertex  3.773820e-01  3.343313e-01  8.009465e-01
     vertex  4.574611e-01  2.400941e-01  8.643649e-01
     vertex  4.464267e-01  2.343028e-01  8.009465e-01
   endloop
 endfacet
 facet normal  8.077591e-01  5.575559e-01 -1.914594e-01
   outer loop
     vertex  3.773820e-01  3.343313e-01  8.009465e-01
     vertex  3.867098e-01  3.425950e-01  8.643649e-01
     vertex  4.574611e-01  2.400941e-01  8.643649e-01
   endloop
 endfacet
 facet normal  6.292124e-01  7.102340e-01 -3.156889e-01
   outer loop
     vertex  2.934844e-01  4.251855e-01  8.643649e-01
     vertex  3.051513e-01  4.420880e-01  9.256459e-01
     vertex  4.020828e-01  3.562143e-01  9.256459e-01
   endloop
 endfacet
 facet normal  6.292124e-01  7.102340e-01 -3.156889e-01
   outer loop
     vertex  2.934844e-01  4.251855e-01  8.643649e-01
     vertex  4.020828e-01  3.562143e-01  9.256459e-01
     vertex  3.867098e-01  3.425950e-01  8.643649e-01
   endloop
 endfacet
 facet normal  6.617563e-01  7.469684e-01 -6.416184e-02
   outer loop
     vertex  2.864053e-01  4.149297e-01  8.009465e-01
     vertex  3.742554e-01  3.315613e-01  7.364505e-01
     vertex  2.840324e-01  4.114919e-01  7.364505e-01
   endloop
 endfacet
 facet normal  6.508552e-01  7.346637e-01 -1.914594e-01
   outer loop
     vertex  2.864053e-01  4.149297e-01  8.009465e-01
     vertex  2.934844e-01  4.251855e-01  8.643649e-01
     vertex  3.867098e-01  3.425950e-01  8.643649e-01
   endloop
 endfacet
 facet normal  6.617563e-01  7.469684e-01 -6.416184e-02
   outer loop
     vertex  2.864053e-01  4.149297e-01  8.009465e-01
     vertex  3.773820e-01  3.343313e-01  8.009465e-01
     vertex  3.742554e-01  3.315613e-01  7.364505e-01
   endloop
 endfacet
 facet normal  6.508552e-01  7.346637e-01 -1.914594e-01
   outer loop
     vertex  2.864053e-01  4.149297e-01  8.009465e-01
     vertex  3.867098e-01  3.425950e-01  8.643649e-01
     vertex  3.773820e-01  3.343313e-01  8.009465e-01
   endloop
 endfacet
 facet normal  4.409585e-01  8.401762e-01 -3.156889e-01
   outer loop
     vertex  1.832027e-01  4.830658e-01  8.643649e-01
     vertex  3.051513e-01  4.420880e-01  9.256459e-01
     vertex  2.934844e-01  4.251855e-01  8.643649e-01
   endloop
 endfacet
 facet normal  4.409585e-01  8.401762e-01 -3.156889e-01
   outer loop
     vertex  1.832027e-01  4.830658e-01  8.643649e-01
     vertex  1.904856e-01  5.022693e-01  9.256459e-01
     vertex  3.051513e-01  4.420880e-01  9.256459e-01
   endloop
 endfacet
 facet normal  4.637656e-01  8.836315e-01 -6.416184e-02
   outer loop
     vertex  1.787837e-01  4.714139e-01  8.009465e-01
     vertex  2.840324e-01  4.114919e-01  7.364505e-01
     vertex  1.773024e-01  4.675081e-01  7.364505e-01
   endloop
 endfacet
 facet normal  4.561260e-01  8.690756e-01 -1.914594e-01
   outer loop
     vertex  1.787837e-01  4.714139e-01  8.009465e-01
     vertex  2.934844e-01  4.251855e-01  8.643649e-01
     vertex  2.864053e-01  4.149297e-01  8.009465e-01
   endloop
 endfacet
 facet normal  4.637656e-01  8.836315e-01 -6.416184e-02
   outer loop
     vertex  1.787837e-01  4.714139e-01  8.009465e-01
     vertex  2.864053e-01  4.149297e-01  8.009465e-01
     vertex  2.840324e-01  4.114919e-01  7.364505e-01
   endloop
 endfacet
 facet normal  4.561260e-01  8.690756e-01 -1.914594e-01
   outer loop
     vertex  1.787837e-01  4.714139e-01  8.009465e-01
     vertex  1.832027e-01  4.830658e-01  8.643649e-01
     vertex  2.934844e-01  4.251855e-01  8.643649e-01
   endloop
 endfacet
 facet normal  2.270777e-01  9.212905e-01 -3.156889e-01
   outer loop
     vertex  6.227394e-02  5.128721e-01  8.643649e-01
     vertex  1.904856e-01  5.022693e-01  9.256459e-01
     vertex  1.832027e-01  4.830658e-01  8.643649e-01
   endloop
 endfacet
 facet normal  2.270777e-01  9.212905e-01 -3.156889e-01
   outer loop
     vertex  6.227394e-02  5.128721e-01  8.643649e-01
     vertex  6.474954e-02  5.332604e-01  9.256459e-01
     vertex  1.904856e-01  5.022693e-01  9.256459e-01
   endloop
 endfacet
 facet normal  2.388226e-01  9.689412e-01 -6.416184e-02
   outer loop
     vertex  6.077184e-02  5.005012e-01  8.009465e-01
     vertex  1.773024e-01  4.675081e-01  7.364505e-01
     vertex  6.026834e-02  4.963544e-01  7.364505e-01
   endloop
 endfacet
 facet normal  2.388226e-01  9.689412e-01 -6.416184e-02
   outer loop
     vertex  6.077184e-02  5.005012e-01  8.009465e-01
     vertex  1.787837e-01  4.714139e-01  8.009465e-01
     vertex  1.773024e-01  4.675081e-01  7.364505e-01
   endloop
 endfacet
 facet normal  2.348885e-01  9.529799e-01 -1.914594e-01
   outer loop
     vertex  6.077184e-02  5.005012e-01  8.009465e-01
     vertex  6.227394e-02  5.128721e-01  8.643649e-01
     vertex  1.832027e-01  4.830658e-01  8.643649e-01
   endloop
 endfacet
 facet normal  2.348885e-01  9.529799e-01 -1.914594e-01
   outer loop
     vertex  6.077184e-02  5.005012e-01  8.009465e-01
     vertex  1.832027e-01  4.830658e-01  8.643649e-01
     vertex  1.787837e-01  4.714139e-01  8.009465e-01
   endloop
 endfacet
 facet normal  8.037341e-16  9.488628e-01 -3.156889e-01
   outer loop
     vertex -6.227394e-02  5.128721e-01  8.643649e-01
     vertex -6.474954e-02  5.332604e-01  9.256459e-01
     vertex  6.474954e-02  5.332604e-01  9.256459e-01
   endloop
 endfacet
 facet normal  8.458187e-16  9.488628e-01 -3.156889e-01
   outer loop
     vertex -6.227394e-02  5.128721e-01  8.643649e-01
     vertex  6.474954e-02  5.332604e-01  9.256459e-01
     vertex  6.227394e-02  5.128721e-01  8.643649e-01
   endloop
 endfacet
 facet normal  8.965373e-16  9.815005e-01 -1.914594e-01
   outer loop
     vertex -6.077184e-02  5.005012e-01  8.009465e-01
     vertex  6.227394e-02  5.128721e-01  8.643649e-01
     vertex  6.077184e-02  5.005012e-01  8.009465e-01
   endloop
 endfacet
 facet normal  0.000000e+00  9.979395e-01 -6.416184e-02
   outer loop
     vertex -6.077184e-02  5.005012e-01  8.009465e-01
     vertex  6.026834e-02  4.963544e-01  7.364505e-01
     vertex -6.026834e-02  4.963544e-01  7.364505e-01
   endloop
 endfacet
 facet normal  8.757152e-16  9.815005e-01 -1.914594e-01
   outer loop
     vertex -6.077184e-02  5.005012e-01  8.009465e-01
     vertex -6.227394e-02  5.128721e-01  8.643649e-01
     vertex  6.227394e-02  5.128721e-01  8.643649e-01
   endloop
 endfacet
 facet normal  9.115532e-16  9.979395e-01 -6.416184e-02
   outer loop
     vertex -6.077184e-02  5.005012e-01  8.009465e-01
     vertex  6.077184e-02  5.005012e-01  8.009465e-01
     vertex  6.026834e-02  4.963544e-01  7.364505e-01
   endloop
 endfacet
 facet normal -2.270777e-01  9.212905e-01 -3.156889e-01
   outer loop
     vertex -1.832027e-01  4.830658e-01  8.643649e-01
     vertex -1.904856e-01  5.022693e-01  9.256459e-01
     vertex -6.474954e-02  5.332604e-01  9.256459e-01
   endloop
 endfacet
 facet normal -2.270777e-01  9.212905e-01 -3.156889e-01
   outer loop
     vertex -1.832027e-01  4.830658e-01  8.643649e-01
     vertex -6.474954e-02  5.332604e-01  9.256459e-01
     vertex -6.227394e-02  5.128721e-01  8.643649e-01
   endloop
 endfacet
 facet normal -2.388226e-01  9.689412e-01 -6.416184e-02
   outer loop
     vertex -1.787837e-01  4.714139e-01  8.009465e-01
     vertex -6.026834e-02  4.963544e-01  7.364505e-01
     vertex -1.773024e-01  4.675081e-01  7.364505e-01
   endloop
 endfacet
 facet normal -2.388226e-01  9.689412e-01 -6.416184e-02
   outer loop
     vertex -1.787837e-01  4.714139e-01  8.009465e-01
     vertex -6.077184e-02  5.005012e-01  8.009465e-01
     vertex -6.026834e-02  4.963544e-01  7.364505e-01
   endloop
 endfacet
 facet normal -2.348885e-01  9.529799e-01 -1.914594e-01
   outer loop
     vertex -1.787837e-01  4.714139e-01  8.009465e-01
     vertex -1.832027e-01  4.830658e-01  8.643649e-01
     vertex -6.227394e-02  5.128721e-01  8.643649e-01
   endloop
 endfacet
 facet normal -2.348885e-01  9.529799e-01 -1.914594e-01
   outer loop
     vertex -1.787837e-01  4.714139e-01  8.009465e-01
     vertex -6.227394e-02  5.128721e-01  8.643649e-01
     vertex -6.077184e-02  5.005012e-01  8.009465e-01
   endloop
 endfacet
 facet normal -4.409585e-01  8.401762e-01 -3.156889e-01
   outer loop
     vertex -2.934844e-01  4.251855e-01  8.643649e-01
     vertex -3.051513e-01  4.420880e-01  9.256459e-01
     vertex -1.904856e-01  5.022693e-01  9.256459e-01
   endloop
 endfacet
 facet normal -6.292124e-01  7.102340e-01 -3.156889e-01
   outer loop
     vertex -2.934844e-01  4.251855e-01  8.643649e-01
     vertex -4.020828e-01  3.562143e-01  9.256459e-01
     vertex -3.051513e-01  4.420880e-01  9.256459e-01
   endloop
 endfacet
 facet normal -4.409585e-01  8.401762e-01 -3.156889e-01
   outer loop
     vertex -2.934844e-01  4.251855e-01  8.643649e-01
     vertex -1.904856e-01  5.022693e-01  9.256459e-01
     vertex -1.832027e-01  4.830658e-01  8.643649e-01
   endloop
 endfacet
 facet normal -4.637656e-01  8.836315e-01 -6.416184e-02
   outer loop
     vertex -2.864053e-01  4.149297e-01  8.009465e-01
     vertex -1.773024e-01  4.675081e-01  7.364505e-01
     vertex -2.840324e-01  4.114919e-01  7.364505e-01
   endloop
 endfacet
 facet normal -4.561260e-01  8.690756e-01 -1.914594e-01
   outer loop
     vertex -2.864053e-01  4.149297e-01  8.009465e-01
     vertex -1.832027e-01  4.830658e-01  8.643649e-01
     vertex -1.787837e-01  4.714139e-01  8.009465e-01
   endloop
 endfacet
 facet normal -4.561260e-01  8.690756e-01 -1.914594e-01
   outer loop
     vertex -2.864053e-01  4.149297e-01  8.009465e-01
     vertex -2.934844e-01  4.251855e-01  8.643649e-01
     vertex -1.832027e-01  4.830658e-01  8.643649e-01
   endloop
 endfacet
 facet normal -4.637656e-01  8.836315e-01 -6.416184e-02
   outer loop
     vertex -2.864053e-01  4.149297e-01  8.009465e-01
     vertex -1.787837e-01  4.714139e-01  8.009465e-01
     vertex -1.773024e-01  4.675081e-01  7.364505e-01
   endloop
 endfacet
 facet normal -6.292124e-01  7.102340e-01 -3.156889e-01
   outer loop
     vertex -3.867098e-01  3.425950e-01  8.643649e-01
     vertex -4.020828e-01  3.562143e-01  9.256459e-01
     vertex -2.934844e-01  4.251855e-01  8.643649e-01
   endloop
 endfacet
 facet normal -6.508552e-01  7.346637e-01 -1.914594e-01
   outer loop
     vertex -3.773820e-01  3.343313e-01  8.009465e-01
     vertex -3.867098e-01  3.425950e-01  8.643649e-01
     vertex -2.934844e-01  4.251855e-01  8.643649e-01
   endloop
 endfacet
 facet normal -6.617563e-01  7.469684e-01 -6.416184e-02
   outer loop
     vertex -3.773820e-01  3.343313e-01  8.009465e-01
     vertex -2.840324e-01  4.114919e-01  7.364505e-01
     vertex -3.742554e-01  3.315613e-01  7.364505e-01
   endloop
 endfacet
 facet normal -6.617563e-01  7.469684e-01 -6.416184e-02
   outer loop
     vertex -3.773820e-01  3.343313e-01  8.009465e-01
     vertex -2.864053e-01  4.149297e-01  8.009465e-01
     vertex -2.840324e-01  4.114919e-01  7.364505e-01
   endloop
 endfacet
 facet normal -6.508552e-01  7.346637e-01 -1.914594e-01
   outer loop
     vertex -3.773820e-01  3.343313e-01  8.009465e-01
     vertex -2.934844e-01  4.251855e-01  8.643649e-01
     vertex -2.864053e-01  4.149297e-01  8.009465e-01
   endloop
 endfacet
 facet normal -7.808987e-01  5.390155e-01 -3.156889e-01
   outer loop
     vertex -4.574611e-01  2.400941e-01  8.643649e-01
     vertex -4.020828e-01  3.562143e-01  9.256459e-01
     vertex -3.867098e-01  3.425950e-01  8.643649e-01
   endloop
 endfacet
 facet normal -7.808987e-01  5.390155e-01 -3.156889e-01
   outer loop
     vertex -4.574611e-01  2.400941e-01  8.643649e-01
     vertex -4.756466e-01  2.496386e-01  9.256459e-01
     vertex -4.020828e-01  3.562143e-01  9.256459e-01
   endloop
 endfacet
 facet normal -8.077591e-01  5.575559e-01 -1.914594e-01
   outer loop
     vertex -4.464267e-01  2.343028e-01  8.009465e-01
     vertex -4.574611e-01  2.400941e-01  8.643649e-01
     vertex -3.867098e-01  3.425950e-01  8.643649e-01
   endloop
 endfacet
 facet normal -8.212881e-01  5.668943e-01 -6.416184e-02
   outer loop
     vertex -4.464267e-01  2.343028e-01  8.009465e-01
     vertex -3.742554e-01  3.315613e-01  7.364505e-01
     vertex -4.427280e-01  2.323616e-01  7.364505e-01
   endloop
 endfacet
 facet normal -8.212881e-01  5.668943e-01 -6.416184e-02
   outer loop
     vertex -4.464267e-01  2.343028e-01  8.009465e-01
     vertex -3.773820e-01  3.343313e-01  8.009465e-01
     vertex -3.742554e-01  3.315613e-01  7.364505e-01
   endloop
 endfacet
 facet normal -8.077591e-01  5.575559e-01 -1.914594e-01
   outer loop
     vertex -4.464267e-01  2.343028e-01  8.009465e-01
     vertex -3.867098e-01  3.425950e-01  8.643649e-01
     vertex -3.773820e-01  3.343313e-01  8.009465e-01
   endloop
 endfacet
 facet normal -8.872021e-01  3.364714e-01 -3.156889e-01
   outer loop
     vertex -5.016263e-01  1.236398e-01  8.643649e-01
     vertex -4.756466e-01  2.496386e-01  9.256459e-01
     vertex -4.574611e-01  2.400941e-01  8.643649e-01
   endloop
 endfacet
 facet normal -8.872021e-01  3.364714e-01 -3.156889e-01
   outer loop
     vertex -5.016263e-01  1.236398e-01  8.643649e-01
     vertex -5.215676e-01  1.285549e-01  9.256459e-01
     vertex -4.756466e-01  2.496386e-01  9.256459e-01
   endloop
 endfacet
 facet normal -9.419445e-01  1.143728e-01 -3.156889e-01
   outer loop
     vertex -5.016263e-01  1.236398e-01  8.643649e-01
     vertex -5.371770e-01  1.052896e-15  9.256459e-01
     vertex -5.215676e-01  1.285549e-01  9.256459e-01
   endloop
 endfacet
 facet normal -9.177189e-01  3.480449e-01 -1.914594e-01
   outer loop
     vertex -4.895267e-01  1.206575e-01  8.009465e-01
     vertex -4.574611e-01  2.400941e-01  8.643649e-01
     vertex -4.464267e-01  2.343028e-01  8.009465e-01
   endloop
 endfacet
 facet normal -9.330896e-01  3.538742e-01 -6.416184e-02
   outer loop
     vertex -4.895267e-01  1.206575e-01  8.009465e-01
     vertex -4.427280e-01  2.323616e-01  7.364505e-01
     vertex -4.854709e-01  1.196578e-01  7.364505e-01
   endloop
 endfacet
 facet normal -9.330896e-01  3.538742e-01 -6.416184e-02
   outer loop
     vertex -4.895267e-01  1.206575e-01  8.009465e-01
     vertex -4.464267e-01  2.343028e-01  8.009465e-01
     vertex -4.427280e-01  2.323616e-01  7.364505e-01
   endloop
 endfacet
 facet normal -9.177189e-01  3.480449e-01 -1.914594e-01
   outer loop
     vertex -4.895267e-01  1.206575e-01  8.009465e-01
     vertex -5.016263e-01  1.236398e-01  8.643649e-01
     vertex -4.574611e-01  2.400941e-01  8.643649e-01
   endloop
 endfacet
 facet normal -9.419445e-01  1.143728e-01 -3.156889e-01
   outer loop
     vertex -5.166389e-01  0.000000e+00  8.643649e-01
     vertex -5.371770e-01  1.052896e-15  9.256459e-01
     vertex -5.016263e-01  1.236398e-01  8.643649e-01
   endloop
 endfacet
 facet normal -9.906634e-01  1.202883e-01 -6.416184e-02
   outer loop
     vertex -5.041772e-01  0.000000e+00  8.009465e-01
     vertex -4.854709e-01  1.196578e-01  7.364505e-01
     vertex -5.000000e-01  5.053215e-16  7.364505e-01
   endloop
 endfacet
 facet normal -9.906634e-01  1.202883e-01 -6.416184e-02
   outer loop
     vertex -5.041772e-01  0.000000e+00  8.009465e-01
     vertex -4.895267e-01  1.206575e-01  8.009465e-01
     vertex -4.854709e-01  1.196578e-01  7.364505e-01
   endloop
 endfacet
 facet normal -9.743443e-01  1.183068e-01 -1.914594e-01
   outer loop
     vertex -5.041772e-01  0.000000e+00  8.009465e-01
     vertex -5.016263e-01  1.236398e-01  8.643649e-01
     vertex -4.895267e-01  1.206575e-01  8.009465e-01
   endloop
 endfacet
 facet normal -9.743443e-01  1.183068e-01 -1.914594e-01
   outer loop
     vertex -5.041772e-01  0.000000e+00  8.009465e-01
     vertex -5.166389e-01  0.000000e+00  8.643649e-01
     vertex -5.016263e-01  1.236398e-01  8.643649e-01
   endloop
 endfacet
 facet normal -9.419445e-01 -1.143728e-01 -3.156889e-01
   outer loop
     vertex -5.016263e-01 -1.236398e-01  8.643649e-01
     vertex -5.215676e-01 -1.285549e-01  9.256459e-01
     vertex -5.371770e-01  1.052896e-15  9.256459e-01
   endloop
 endfacet
 facet normal -9.419445e-01 -1.143728e-01 -3.156889e-01
   outer loop
     vertex -5.016263e-01 -1.236398e-01  8.643649e-01
     vertex -5.371770e-01  1.052896e-15  9.256459e-01
     vertex -5.166389e-01  0.000000e+00  8.643649e-01
   endloop
 endfacet
 facet normal -9.906634e-01 -1.202883e-01 -6.416184e-02
   outer loop
     vertex -4.895267e-01 -1.206575e-01  8.009465e-01
     vertex -5.000000e-01  5.053215e-16  7.364505e-01
     vertex -4.854709e-01 -1.196578e-01  7.364505e-01
   endloop
 endfacet
 facet normal -9.906634e-01 -1.202883e-01 -6.416184e-02
   outer loop
     vertex -4.895267e-01 -1.206575e-01  8.009465e-01
     vertex -5.041772e-01  0.000000e+00  8.009465e-01
     vertex -5.000000e-01  5.053215e-16  7.364505e-01
   endloop
 endfacet
 facet normal -9.743443e-01 -1.183068e-01 -1.914594e-01
   outer loop
     vertex -4.895267e-01 -1.206575e-01  8.009465e-01
     vertex -5.166389e-01  0.000000e+00  8.643649e-01
     vertex -5.041772e-01  0.000000e+00  8.009465e-01
   endloop
 endfacet
 facet normal -9.743443e-01 -1.183068e-01 -1.914594e-01
   outer loop
     vertex -4.895267e-01 -1.206575e-01  8.009465e-01
     vertex -5.016263e-01 -1.236398e-01  8.643649e-01
     vertex -5.166389e-01  0.000000e+00  8.643649e-01
   endloop
 endfacet
 facet normal -8.872021e-01 -3.364714e-01 -3.156889e-01
   outer loop
     vertex -4.574611e-01 -2.400941e-01  8.643649e-01
     vertex -4.756466e-01 -2.496386e-01  9.256459e-01
     vertex -5.215676e-01 -1.285549e-01  9.256459e-01
   endloop
 endfacet
 facet normal -7.808987e-01 -5.390155e-01 -3.156889e-01
   outer loop
     vertex -4.574611e-01 -2.400941e-01  8.643649e-01
     vertex -4.020828e-01 -3.562143e-01  9.256459e-01
     vertex -4.756466e-01 -2.496386e-01  9.256459e-01
   endloop
 endfacet
 facet normal -8.872021e-01 -3.364714e-01 -3.156889e-01
   outer loop
     vertex -4.574611e-01 -2.400941e-01  8.643649e-01
     vertex -5.215676e-01 -1.285549e-01  9.256459e-01
     vertex -5.016263e-01 -1.236398e-01  8.643649e-01
   endloop
 endfacet
 facet normal -9.330896e-01 -3.538742e-01 -6.416184e-02
   outer loop
     vertex -4.464267e-01 -2.343028e-01  8.009465e-01
     vertex -4.854709e-01 -1.196578e-01  7.364505e-01
     vertex -4.427280e-01 -2.323616e-01  7.364505e-01
   endloop
 endfacet
 facet normal -9.177189e-01 -3.480449e-01 -1.914594e-01
   outer loop
     vertex -4.464267e-01 -2.343028e-01  8.009465e-01
     vertex -5.016263e-01 -1.236398e-01  8.643649e-01
     vertex -4.895267e-01 -1.206575e-01  8.009465e-01
   endloop
 endfacet
 facet normal -9.330896e-01 -3.538742e-01 -6.416184e-02
   outer loop
     vertex -4.464267e-01 -2.343028e-01  8.009465e-01
     vertex -4.895267e-01 -1.206575e-01  8.009465e-01
     vertex -4.854709e-01 -1.196578e-01  7.364505e-01
   endloop
 endfacet
 facet normal -9.177189e-01 -3.480449e-01 -1.914594e-01
   outer loop
     vertex -4.464267e-01 -2.343028e-01  8.009465e-01
     vertex -4.574611e-01 -2.400941e-01  8.643649e-01
     vertex -5.016263e-01 -1.236398e-01  8.643649e-01
   endloop
 endfacet
 facet normal -7.808987e-01 -5.390155e-01 -3.156889e-01
   outer loop
     vertex -3.867098e-01 -3.425950e-01  8.643649e-01
     vertex -4.020828e-01 -3.562143e-01  9.256459e-01
     vertex -4.574611e-01 -2.400941e-01  8.643649e-01
   endloop
 endfacet
 facet normal -8.212881e-01 -5.668943e-01 -6.416184e-02
   outer loop
     vertex -3.773820e-01 -3.343313e-01  8.009465e-01
     vertex -4.427280e-01 -2.323616e-01  7.364505e-01
     vertex -3.742554e-01 -3.315613e-01  7.364505e-01
   endloop
 endfacet
 facet normal -8.077591e-01 -5.575559e-01 -1.914594e-01
   outer loop
     vertex -3.773820e-01 -3.343313e-01  8.009465e-01
     vertex -3.867098e-01 -3.425950e-01  8.643649e-01
     vertex -4.574611e-01 -2.400941e-01  8.643649e-01
   endloop
 endfacet
 facet normal -8.077591e-01 -5.575559e-01 -1.914594e-01
   outer loop
     vertex -3.773820e-01 -3.343313e-01  8.009465e-01
     vertex -4.574611e-01 -2.400941e-01  8.643649e-01
     vertex -4.464267e-01 -2.343028e-01  8.009465e-01
   endloop
 endfacet
 facet normal -8.212881e-01 -5.668943e-01 -6.416184e-02
   outer loop
     vertex -3.773820e-01 -3.343313e-01  8.009465e-01
     vertex -4.464267e-01 -2.343028e-01  8.009465e-01
     vertex -4.427280e-01 -2.323616e-01  7.364505e-01
   endloop
 endfacet
 facet normal -6.292124e-01 -7.102340e-01 -3.156889e-01
   outer loop
     vertex -2.934844e-01 -4.251855e-01  8.643649e-01
     vertex -4.020828e-01 -3.562143e-01  9.256459e-01
     vertex -3.867098e-01 -3.425950e-01  8.643649e-01
   endloop
 endfacet
 facet normal -6.292124e-01 -7.102340e-01 -3.156889e-01
   outer loop
     vertex -2.934844e-01 -4.251855e-01  8.643649e-01
     vertex -3.051513e-01 -4.420880e-01  9.256459e-01
     vertex -4.020828e-01 -3.562143e-01  9.256459e-01
   endloop
 endfacet
 facet normal -6.617563e-01 -7.469684e-01 -6.416184e-02
   outer loop
     vertex -2.864053e-01 -4.149297e-01  8.009465e-01
     vertex -3.773820e-01 -3.343313e-01  8.009465e-01
     vertex -3.742554e-01 -3.315613e-01  7.364505e-01
   endloop
 endfacet
 facet normal -6.508552e-01 -7.346637e-01 -1.914594e-01
   outer loop
     vertex -2.864053e-01 -4.149297e-01  8.009465e-01
     vertex -3.867098e-01 -3.425950e-01  8.643649e-01
     vertex -3.773820e-01 -3.343313e-01  8.009465e-01
   endloop
 endfacet
 facet normal -6.617563e-01 -7.469684e-01 -6.416184e-02
   outer loop
     vertex -2.864053e-01 -4.149297e-01  8.009465e-01
     vertex -3.742554e-01 -3.315613e-01  7.364505e-01
     vertex -2.840324e-01 -4.114919e-01  7.364505e-01
   endloop
 endfacet
 facet normal -6.508552e-01 -7.346637e-01 -1.914594e-01
   outer loop
     vertex -2.864053e-01 -4.149297e-01  8.009465e-01
     vertex -2.934844e-01 -4.251855e-01  8.643649e-01
     vertex -3.867098e-01 -3.425950e-01  8.643649e-01
   endloop
 endfacet
 facet normal -4.409585e-01 -8.401762e-01 -3.156889e-01
   outer loop
     vertex -1.832027e-01 -4.830658e-01  8.643649e-01
     vertex -3.051513e-01 -4.420880e-01  9.256459e-01
     vertex -2.934844e-01 -4.251855e-01  8.643649e-01
   endloop
 endfacet
 facet normal -4.409585e-01 -8.401762e-01 -3.156889e-01
   outer loop
     vertex -1.832027e-01 -4.830658e-01  8.643649e-01
     vertex -1.904856e-01 -5.022693e-01  9.256459e-01
     vertex -3.051513e-01 -4.420880e-01  9.256459e-01
   endloop
 endfacet
 facet normal -4.561260e-01 -8.690756e-01 -1.914594e-01
   outer loop
     vertex -1.787837e-01 -4.714139e-01  8.009465e-01
     vertex -1.832027e-01 -4.830658e-01  8.643649e-01
     vertex -2.934844e-01 -4.251855e-01  8.643649e-01
   endloop
 endfacet
 facet normal -4.637656e-01 -8.836315e-01 -6.416184e-02
   outer loop
     vertex -1.787837e-01 -4.714139e-01  8.009465e-01
     vertex -2.864053e-01 -4.149297e-01  8.009465e-01
     vertex -2.840324e-01 -4.114919e-01  7.364505e-01
   endloop
 endfacet
 facet normal -4.637656e-01 -8.836315e-01 -6.416184e-02
   outer loop
     vertex -1.787837e-01 -4.714139e-01  8.009465e-01
     vertex -2.840324e-01 -4.114919e-01  7.364505e-01
     vertex -1.773024e-01 -4.675081e-01  7.364505e-01
   endloop
 endfacet
 facet normal -2.388226e-01 -9.689412e-01 -6.416184e-02
   outer loop
     vertex -1.787837e-01 -4.714139e-01  8.009465e-01
     vertex -1.773024e-01 -4.675081e-01  7.364505e-01
     vertex -6.026834e-02 -4.963544e-01  7.364505e-01
   endloop
 endfacet
 facet normal -4.561260e-01 -8.690756e-01 -1.914594e-01
   outer loop
     vertex -1.787837e-01 -4.714139e-01  8.009465e-01
     vertex -2.934844e-01 -4.251855e-01  8.643649e-01
     vertex -2.864053e-01 -4.149297e-01  8.009465e-01
   endloop
 endfacet
 facet normal -2.270777e-01 -9.212905e-01 -3.156889e-01
   outer loop
     vertex -6.227394e-02 -5.128721e-01  8.643649e-01
     vertex -1.904856e-01 -5.022693e-01  9.256459e-01
     vertex -1.832027e-01 -4.830658e-01  8.643649e-01
   endloop
 endfacet
 facet normal -2.270777e-01 -9.212905e-01 -3.156889e-01
   outer loop
     vertex -6.227394e-02 -5.128721e-01  8.643649e-01
     vertex -6.474954e-02 -5.332604e-01  9.256459e-01
     vertex -1.904856e-01 -5.022693e-01  9.256459e-01
   endloop
 endfacet
 facet normal -2.348885e-01 -9.529799e-01 -1.914594e-01
   outer loop
     vertex -6.077184e-02 -5.005012e-01  8.009465e-01
     vertex -6.227394e-02 -5.128721e-01  8.643649e-01
     vertex -1.832027e-01 -4.830658e-01  8.643649e-01
   endloop
 endfacet
 facet normal -2.388226e-01 -9.689412e-01 -6.416184e-02
   outer loop
     vertex -6.077184e-02 -5.005012e-01  8.009465e-01
     vertex -1.787837e-01 -4.714139e-01  8.009465e-01
     vertex -6.026834e-02 -4.963544e-01  7.364505e-01
   endloop
 endfacet
 facet normal -2.348885e-01 -9.529799e-01 -1.914594e-01
   outer loop
     vertex -6.077184e-02 -5.005012e-01  8.009465e-01
     vertex -1.832027e-01 -4.830658e-01  8.643649e-01
     vertex -1.787837e-01 -4.714139e-01  8.009465e-01
   endloop
 endfacet
 facet normal -2.537456e-15 -9.488628e-01 -3.156889e-01
   outer loop
     vertex  6.227394e-02 -5.128721e-01  8.643649e-01
     vertex -6.474954e-02 -5.332604e-01  9.256459e-01
     vertex -6.227394e-02 -5.128721e-01  8.643649e-01
   endloop
 endfacet
 facet normal -3.266790e-15 -9.488628e-01 -3.156889e-01
   outer loop
     vertex  6.227394e-02 -5.128721e-01  8.643649e-01
     vertex  6.474954e-02 -5.332604e-01  9.256459e-01
     vertex -6.474954e-02 -5.332604e-01  9.256459e-01
   endloop
 endfacet
 facet normal -2.734660e-15 -9.979395e-01 -6.416184e-02
   outer loop
     vertex  6.077184e-02 -5.005012e-01  8.009465e-01
     vertex -6.077184e-02 -5.005012e-01  8.009465e-01
     vertex -6.026834e-02 -4.963544e-01  7.364505e-01
   endloop
 endfacet
 facet normal -2.303353e-15 -9.979395e-01 -6.416184e-02
   outer loop
     vertex  6.077184e-02 -5.005012e-01  8.009465e-01
     vertex -6.026834e-02 -4.963544e-01  7.364505e-01
     vertex  6.026834e-02 -4.963544e-01  7.364505e-01
   endloop
 endfacet
 facet normal -2.627146e-15 -9.815005e-01 -1.914594e-01
   outer loop
     vertex  6.077184e-02 -5.005012e-01  8.009465e-01
     vertex  6.227394e-02 -5.128721e-01  8.643649e-01
     vertex -6.227394e-02 -5.128721e-01  8.643649e-01
   endloop
 endfacet
 facet normal -2.689612e-15 -9.815005e-01 -1.914594e-01
   outer loop
     vertex  6.077184e-02 -5.005012e-01  8.009465e-01
     vertex -6.227394e-02 -5.128721e-01  8.643649e-01
     vertex -6.077184e-02 -5.005012e-01  8.009465e-01
   endloop
 endfacet
 facet normal  2.270777e-01 -9.212905e-01 -3.156889e-01
   outer loop
     vertex  1.832027e-01 -4.830658e-01  8.643649e-01
     vertex  6.474954e-02 -5.332604e-01  9.256459e-01
     vertex  6.227394e-02 -5.128721e-01  8.643649e-01
   endloop
 endfacet
 facet normal  2.270777e-01 -9.212905e-01 -3.156889e-01
   outer loop
     vertex  1.832027e-01 -4.830658e-01  8.643649e-01
     vertex  1.904856e-01 -5.022693e-01  9.256459e-01
     vertex  6.474954e-02 -5.332604e-01  9.256459e-01
   endloop
 endfacet
 facet normal  2.388226e-01 -9.689412e-01 -6.416184e-02
   outer loop
     vertex  1.787837e-01 -4.714139e-01  8.009465e-01
     vertex  6.026834e-02 -4.963544e-01  7.364505e-01
     vertex  1.773024e-01 -4.675081e-01  7.364505e-01
   endloop
 endfacet
 facet normal  2.348885e-01 -9.529799e-01 -1.914594e-01
   outer loop
     vertex  1.787837e-01 -4.714139e-01  8.009465e-01
     vertex  6.227394e-02 -5.128721e-01  8.643649e-01
     vertex  6.077184e-02 -5.005012e-01  8.009465e-01
   endloop
 endfacet
 facet normal  2.388226e-01 -9.689412e-01 -6.416184e-02
   outer loop
     vertex  1.787837e-01 -4.714139e-01  8.009465e-01
     vertex  6.077184e-02 -5.005012e-01  8.009465e-01
     vertex  6.026834e-02 -4.963544e-01  7.364505e-01
   endloop
 endfacet
 facet normal  2.348885e-01 -9.529799e-01 -1.914594e-01
   outer loop
     vertex  1.787837e-01 -4.714139e-01  8.009465e-01
     vertex  1.832027e-01 -4.830658e-01  8.643649e-01
     vertex  6.227394e-02 -5.128721e-01  8.643649e-01
   endloop
 endfacet
 facet normal  4.409585e-01 -8.401762e-01 -3.156889e-01
   outer loop
     vertex  2.934844e-01 -4.251855e-01  8.643649e-01
     vertex  1.904856e-01 -5.022693e-01  9.256459e-01
     vertex  1.832027e-01 -4.830658e-01  8.643649e-01
   endloop
 endfacet
 facet normal  4.409585e-01 -8.401762e-01 -3.156889e-01
   outer loop
     vertex  2.934844e-01 -4.251855e-01  8.643649e-01
     vertex  3.051513e-01 -4.420880e-01  9.256459e-01
     vertex  1.904856e-01 -5.022693e-01  9.256459e-01
   endloop
 endfacet
 facet normal  4.637656e-01 -8.836315e-01 -6.416184e-02
   outer loop
     vertex  2.864053e-01 -4.149297e-01  8.009465e-01
     vertex  1.773024e-01 -4.675081e-01  7.364505e-01
     vertex  2.840324e-01 -4.114919e-01  7.364505e-01
   endloop
 endfacet
 facet normal  4.561260e-01 -8.690756e-01 -1.914594e-01
   outer loop
     vertex  2.864053e-01 -4.149297e-01  8.009465e-01
     vertex  1.832027e-01 -4.830658e-01  8.643649e-01
     vertex  1.787837e-01 -4.714139e-01  8.009465e-01
   endloop
 endfacet
 facet normal  4.637656e-01 -8.836315e-01 -6.416184e-02
   outer loop
     vertex  2.864053e-01 -4.149297e-01  8.009465e-01
     vertex  1.787837e-01 -4.714139e-01  8.009465e-01
     vertex  1.773024e-01 -4.675081e-01  7.364505e-01
   endloop
 endfacet
 facet normal  4.561260e-01 -8.690756e-01 -1.914594e-01
   outer loop
     vertex  2.864053e-01 -4.149297e-01  8.009465e-01
     vertex  2.934844e-01 -4.251855e-01  8.643649e-01
     vertex  1.832027e-01 -4.830658e-01  8.643649e-01
   endloop
 endfacet
 facet normal  6.292124e-01 -7.102340e-01 -3.156889e-01
   outer loop
     vertex  3.867098e-01 -3.425950e-01  8.643649e-01
     vertex  3.051513e-01 -4.420880e-01  9.256459e-01
     vertex  2.934844e-01 -4.251855e-01  8.643649e-01
   endloop
 endfacet
 facet normal  6.292124e-01 -7.102340e-01 -3.156889e-01
   outer loop
     vertex  3.867098e-01 -3.425950e-01  8.643649e-01
     vertex  4.020828e-01 -3.562143e-01  9.256459e-01
     vertex  3.051513e-01 -4.420880e-01  9.256459e-01
   endloop
 endfacet
 facet normal  6.617563e-01 -7.469684e-01 -6.416184e-02
   outer loop
     vertex  3.773820e-01 -3.343313e-01  8.009465e-01
     vertex  2.840324e-01 -4.114919e-01  7.364505e-01
     vertex  3.742554e-01 -3.315613e-01  7.364505e-01
   endloop
 endfacet
 facet normal  6.508552e-01 -7.346637e-01 -1.914594e-01
   outer loop
     vertex  3.773820e-01 -3.343313e-01  8.009465e-01
     vertex  2.934844e-01 -4.251855e-01  8.643649e-01
     vertex  2.864053e-01 -4.149297e-01  8.009465e-01
   endloop
 endfacet
 facet normal  6.617563e-01 -7.469684e-01 -6.416184e-02
   outer loop
     vertex  3.773820e-01 -3.343313e-01  8.009465e-01
     vertex  2.864053e-01 -4.149297e-01  8.009465e-01
     vertex  2.840324e-01 -4.114919e-01  7.364505e-01
   endloop
 endfacet
 facet normal  6.508552e-01 -7.346637e-01 -1.914594e-01
   outer loop
     vertex  3.773820e-01 -3.343313e-01  8.009465e-01
     vertex  3.867098e-01 -3.425950e-01  8.643649e-01
     vertex  2.934844e-01 -4.251855e-01  8.643649e-01
   endloop
 endfacet
 facet normal  7.808987e-01 -5.390155e-01 -3.156889e-01
   outer loop
     vertex  4.574611e-01 -2.400941e-01  8.643649e-01
     vertex  4.020828e-01 -3.562143e-01  9.256459e-01
     vertex  3.867098e-01 -3.425950e-01  8.643649e-01
   endloop
 endfacet
 facet normal  7.808987e-01 -5.390155e-01 -3.156889e-01
   outer loop
     vertex  4.574611e-01 -2.400941e-01  8.643649e-01
     vertex  4.756466e-01 -2.496386e-01  9.256459e-01
     vertex  4.020828e-01 -3.562143e-01  9.256459e-01
   endloop
 endfacet
 facet normal  8.872021e-01 -3.364714e-01 -3.156889e-01
   outer loop
     vertex  4.574611e-01 -2.400941e-01  8.643649e-01
     vertex  5.215676e-01 -1.285549e-01  9.256459e-01
     vertex  4.756466e-01 -2.496386e-01  9.256459e-01
   endloop
 endfacet
 facet normal  8.212881e-01 -5.668943e-01 -6.416184e-02
   outer loop
     vertex  4.464267e-01 -2.343028e-01  8.009465e-01
     vertex  3.742554e-01 -3.315613e-01  7.364505e-01
     vertex  4.427280e-01 -2.323616e-01  7.364505e-01
   endloop
 endfacet
 facet normal  8.077591e-01 -5.575559e-01 -1.914594e-01
   outer loop
     vertex  4.464267e-01 -2.343028e-01  8.009465e-01
     vertex  3.867098e-01 -3.425950e-01  8.643649e-01
     vertex  3.773820e-01 -3.343313e-01  8.009465e-01
   endloop
 endfacet
 facet normal  8.212881e-01 -5.668943e-01 -6.416184e-02
   outer loop
     vertex  4.464267e-01 -2.343028e-01  8.009465e-01
     vertex  3.773820e-01 -3.343313e-01  8.009465e-01
     vertex  3.742554e-01 -3.315613e-01  7.364505e-01
   endloop
 endfacet
 facet normal  8.077591e-01 -5.575559e-01 -1.914594e-01
   outer loop
     vertex  4.464267e-01 -2.343028e-01  8.009465e-01
     vertex  4.574611e-01 -2.400941e-01  8.643649e-01
     vertex  3.867098e-01 -3.425950e-01  8.643649e-01
   endloop
 endfacet
 facet normal  9.419445e-01 -1.143728e-01 -3.156889e-01
   outer loop
     vertex  5.016263e-01 -1.236398e-01  8.643649e-01
     vertex  5.166389e-01 -1.265400e-16  8.643649e-01
     vertex  5.371770e-01 -1.315704e-16  9.256459e-01
   endloop
 endfacet
 facet normal  9.743443e-01 -1.183068e-01 -1.914594e-01
   outer loop
     vertex  5.016263e-01 -1.236398e-01  8.643649e-01
     vertex  5.041772e-01 -1.234878e-16  8.009465e-01
     vertex  5.166389e-01 -1.265400e-16  8.643649e-01
   endloop
 endfacet
 facet normal  8.872021e-01 -3.364714e-01 -3.156889e-01
   outer loop
     vertex  5.016263e-01 -1.236398e-01  8.643649e-01
     vertex  5.215676e-01 -1.285549e-01  9.256459e-01
     vertex  4.574611e-01 -2.400941e-01  8.643649e-01
   endloop
 endfacet
 facet normal  9.419445e-01 -1.143728e-01 -3.156889e-01
   outer loop
     vertex  5.016263e-01 -1.236398e-01  8.643649e-01
     vertex  5.371770e-01 -1.315704e-16  9.256459e-01
     vertex  5.215676e-01 -1.285549e-01  9.256459e-01
   endloop
 endfacet
 facet normal  9.330896e-01 -3.538742e-01 -6.416184e-02
   outer loop
     vertex  4.895267e-01 -1.206575e-01  8.009465e-01
     vertex  4.427280e-01 -2.323616e-01  7.364505e-01
     vertex  4.854709e-01 -1.196578e-01  7.364505e-01
   endloop
 endfacet
 facet normal  9.177189e-01 -3.480449e-01 -1.914594e-01
   outer loop
     vertex  4.895267e-01 -1.206575e-01  8.009465e-01
     vertex  4.574611e-01 -2.400941e-01  8.643649e-01
     vertex  4.464267e-01 -2.343028e-01  8.009465e-01
   endloop
 endfacet
 facet normal  9.177189e-01 -3.480449e-01 -1.914594e-01
   outer loop
     vertex  4.895267e-01 -1.206575e-01  8.009465e-01
     vertex  5.016263e-01 -1.236398e-01  8.643649e-01
     vertex  4.574611e-01 -2.400941e-01  8.643649e-01
   endloop
 endfacet
 facet normal  9.330896e-01 -3.538742e-01 -6.416184e-02
   outer loop
     vertex  4.895267e-01 -1.206575e-01  8.009465e-01
     vertex  4.464267e-01 -2.343028e-01  8.009465e-01
     vertex  4.427280e-01 -2.323616e-01  7.364505e-01
   endloop
 endfacet
 facet normal  9.743443e-01 -1.183068e-01 -1.914594e-01
   outer loop
     vertex  4.895267e-01 -1.206575e-01  8.009465e-01
     vertex  5.041772e-01 -1.234878e-16  8.009465e-01
     vertex  5.016263e-01 -1.236398e-01  8.643649e-01
   endloop
 endfacet
 facet normal  9.906634e-01 -1.202883e-01 -6.416184e-02
   outer loop
     vertex  4.895267e-01 -1.206575e-01  8.009465e-01
     vertex  4.854709e-01 -1.196578e-01  7.364505e-01
     vertex  5.041772e-01 -1.234878e-16  8.009465e-01
   endloop
 endfacet
 facet normal  3.566672e-01 -4.330724e-02  9.332272e-01
   outer loop
     vertex  8.736626e-01 -2.139856e-16  2.526749e-01
     vertex  7.714778e-01 -1.889576e-16  2.917286e-01
     vertex  8.482755e-01 -2.090811e-01  2.526749e-01
   endloop
 endfacet
 facet normal  9.868370e-01  1.198237e-01  1.086052e-01
   outer loop
     vertex  4.970901e-01  1.225217e-01  6.277137e-01
     vertex  5.000000e-01 -1.224647e-16  7.364505e-01
     vertex  5.119669e-01 -1.253957e-16  6.277137e-01
   endloop
 endfacet
 facet normal  9.868370e-01  1.198237e-01  1.086052e-01
   outer loop
     vertex  4.970901e-01  1.225217e-01  6.277137e-01
     vertex  4.854709e-01  1.196578e-01  7.364505e-01
     vertex  5.000000e-01 -1.224647e-16  7.364505e-01
   endloop
 endfacet
 facet normal  9.402304e-01  1.141646e-01  3.208322e-01
   outer loop
     vertex  5.313914e-01  1.309762e-01  5.241819e-01
     vertex  5.119669e-01 -1.253957e-16  6.277137e-01
     vertex  5.472948e-01 -1.340486e-16  5.241819e-01
   endloop
 endfacet
 facet normal  9.402304e-01  1.141646e-01  3.208322e-01
   outer loop
     vertex  5.313914e-01  1.309762e-01  5.241819e-01
     vertex  4.970901e-01  1.225217e-01  6.277137e-01
     vertex  5.119669e-01 -1.253957e-16  6.277137e-01
   endloop
 endfacet
 facet normal  9.294856e-01  3.525074e-01  1.086052e-01
   outer loop
     vertex  4.533242e-01  2.379229e-01  6.277137e-01
     vertex  4.427280e-01  2.323616e-01  7.364505e-01
     vertex  4.854709e-01  1.196578e-01  7.364505e-01
   endloop
 endfacet
 facet normal  9.294856e-01  3.525074e-01  1.086052e-01
   outer loop
     vertex  4.533242e-01  2.379229e-01  6.277137e-01
     vertex  4.854709e-01  1.196578e-01  7.364505e-01
     vertex  4.970901e-01  1.225217e-01  6.277137e-01
   endloop
 endfacet
 facet normal  8.489879e-01  1.030858e-01  5.182595e-01
   outer loop
     vertex  5.867329e-01  1.446167e-01  4.308108e-01
     vertex  5.472948e-01 -1.340486e-16  5.241819e-01
     vertex  6.042926e-01 -1.480090e-16  4.308108e-01
   endloop
 endfacet
 facet normal  8.489879e-01  1.030858e-01  5.182595e-01
   outer loop
     vertex  5.867329e-01  1.446167e-01  4.308108e-01
     vertex  5.313914e-01  1.309762e-01  5.241819e-01
     vertex  5.472948e-01 -1.340486e-16  5.241819e-01
   endloop
 endfacet
 facet normal  8.855876e-01  3.358591e-01  3.208322e-01
   outer loop
     vertex  4.846055e-01  2.543406e-01  5.241819e-01
     vertex  4.970901e-01  1.225217e-01  6.277137e-01
     vertex  5.313914e-01  1.309762e-01  5.241819e-01
   endloop
 endfacet
 facet normal  8.855876e-01  3.358591e-01  3.208322e-01
   outer loop
     vertex  4.846055e-01  2.543406e-01  5.241819e-01
     vertex  4.533242e-01  2.379229e-01  6.277137e-01
     vertex  4.970901e-01  1.225217e-01  6.277137e-01
   endloop
 endfacet
 facet normal  8.181159e-01  5.647046e-01  1.086052e-01
   outer loop
     vertex  3.832127e-01  3.394969e-01  6.277137e-01
     vertex  3.742554e-01  3.315613e-01  7.364505e-01
     vertex  4.427280e-01  2.323616e-01  7.364505e-01
   endloop
 endfacet
 facet normal  8.181159e-01  5.647046e-01  1.086052e-01
   outer loop
     vertex  3.832127e-01  3.394969e-01  6.277137e-01
     vertex  4.427280e-01  2.323616e-01  7.364505e-01
     vertex  4.533242e-01  2.379229e-01  6.277137e-01
   endloop
 endfacet
 facet normal  7.170618e-01  8.706707e-02  6.915502e-01
   outer loop
     vertex  6.604656e-01  1.627902e-01  3.520700e-01
     vertex  6.042926e-01 -1.480090e-16  4.308108e-01
     vertex  6.802319e-01 -1.666088e-16  3.520700e-01
   endloop
 endfacet
 facet normal  7.170618e-01  8.706707e-02  6.915502e-01
   outer loop
     vertex  6.604656e-01  1.627902e-01  3.520700e-01
     vertex  5.867329e-01  1.446167e-01  4.308108e-01
     vertex  6.042926e-01 -1.480090e-16  4.308108e-01
   endloop
 endfacet
 facet normal  7.996478e-01  3.032664e-01  5.182595e-01
   outer loop
     vertex  5.350745e-01  2.808288e-01  4.308108e-01
     vertex  4.846055e-01  2.543406e-01  5.241819e-01
     vertex  5.313914e-01  1.309762e-01  5.241819e-01
   endloop
 endfacet
 facet normal  7.996478e-01  3.032664e-01  5.182595e-01
   outer loop
     vertex  5.350745e-01  2.808288e-01  4.308108e-01
     vertex  5.313914e-01  1.309762e-01  5.241819e-01
     vertex  5.867329e-01  1.446167e-01  4.308108e-01
   endloop
 endfacet
 facet normal  7.794777e-01  5.380346e-01  3.208322e-01
   outer loop
     vertex  4.096560e-01  3.629236e-01  5.241819e-01
     vertex  4.533242e-01  2.379229e-01  6.277137e-01
     vertex  4.846055e-01  2.543406e-01  5.241819e-01
   endloop
 endfacet
 facet normal  7.794777e-01  5.380346e-01  3.208322e-01
   outer loop
     vertex  4.096560e-01  3.629236e-01  5.241819e-01
     vertex  3.832127e-01  3.394969e-01  6.277137e-01
     vertex  4.533242e-01  2.379229e-01  6.277137e-01
   endloop
 endfacet
 facet normal  5.503676e-01  6.682672e-02  8.322438e-01
   outer loop
     vertex  7.490601e-01  1.846267e-01  2.917286e-01
     vertex  6.802319e-01 -1.666088e-16  3.520700e-01
     vertex  7.714778e-01 -1.889576e-16  2.917286e-01
   endloop
 endfacet
 facet normal  3.566672e-01  4.330724e-02  9.332272e-01
   outer loop
     vertex  7.490601e-01  1.846267e-01  2.917286e-01
     vertex  7.714778e-01 -1.889576e-16  2.917286e-01
     vertex  8.736626e-01 -2.139856e-16  2.526749e-01
   endloop
 endfacet
 facet normal  3.566672e-01  4.330724e-02  9.332272e-01
   outer loop
     vertex  7.490601e-01  1.846267e-01  2.917286e-01
     vertex  8.736626e-01 -2.139856e-16  2.526749e-01
     vertex  8.482755e-01  2.090811e-01  2.526749e-01
   endloop
 endfacet
 facet normal  5.503676e-01  6.682672e-02  8.322438e-01
   outer loop
     vertex  7.490601e-01  1.846267e-01  2.917286e-01
     vertex  6.604656e-01  1.627902e-01  3.520700e-01
     vertex  6.802319e-01 -1.666088e-16  3.520700e-01
   endloop
 endfacet
 facet normal  6.592003e-01  7.440833e-01  1.086052e-01
   outer loop
     vertex  2.908303e-01  4.213405e-01  6.277137e-01
     vertex  2.840324e-01  4.114919e-01  7.364505e-01
     vertex  3.742554e-01  3.315613e-01  7.364505e-01
   endloop
 endfacet
 facet normal  6.592003e-01  7.440833e-01  1.086052e-01
   outer loop
     vertex  2.908303e-01  4.213405e-01  6.277137e-01
     vertex  3.742554e-01  3.315613e-01  7.364505e-01
     vertex  3.832127e-01  3.394969e-01  6.277137e-01
   endloop
 endfacet
 facet normal  6.753888e-01  2.561412e-01  6.915502e-01
   outer loop
     vertex  6.023155e-01  3.161195e-01  3.520700e-01
     vertex  5.867329e-01  1.446167e-01  4.308108e-01
     vertex  6.604656e-01  1.627902e-01  3.520700e-01
   endloop
 endfacet
 facet normal  6.753888e-01  2.561412e-01  6.915502e-01
   outer loop
     vertex  6.023155e-01  3.161195e-01  3.520700e-01
     vertex  5.350745e-01  2.808288e-01  4.308108e-01
     vertex  5.867329e-01  1.446167e-01  4.308108e-01
   endloop
 endfacet
 facet normal  7.038351e-01  4.858223e-01  5.182595e-01
   outer loop
     vertex  4.523195e-01  4.007201e-01  4.308108e-01
     vertex  4.846055e-01  2.543406e-01  5.241819e-01
     vertex  5.350745e-01  2.808288e-01  4.308108e-01
   endloop
 endfacet
 facet normal  7.038351e-01  4.858223e-01  5.182595e-01
   outer loop
     vertex  4.523195e-01  4.007201e-01  4.308108e-01
     vertex  4.096560e-01  3.629236e-01  5.241819e-01
     vertex  4.846055e-01  2.543406e-01  5.241819e-01
   endloop
 endfacet
 facet normal  6.280674e-01  7.089415e-01  3.208322e-01
   outer loop
     vertex  3.108989e-01  4.504148e-01  5.241819e-01
     vertex  3.832127e-01  3.394969e-01  6.277137e-01
     vertex  4.096560e-01  3.629236e-01  5.241819e-01
   endloop
 endfacet
 facet normal  6.280674e-01  7.089415e-01  3.208322e-01
   outer loop
     vertex  3.108989e-01  4.504148e-01  5.241819e-01
     vertex  2.908303e-01  4.213405e-01  6.277137e-01
     vertex  3.832127e-01  3.394969e-01  6.277137e-01
   endloop
 endfacet
 facet normal  5.183822e-01  1.965964e-01  8.322438e-01
   outer loop
     vertex  6.831097e-01  3.585236e-01  2.917286e-01
     vertex  6.604656e-01  1.627902e-01  3.520700e-01
     vertex  7.490601e-01  1.846267e-01  2.917286e-01
   endloop
 endfacet
 facet normal  3.359390e-01  1.274049e-01  9.332272e-01
   outer loop
     vertex  6.831097e-01  3.585236e-01  2.917286e-01
     vertex  8.482755e-01  2.090811e-01  2.526749e-01
     vertex  7.735898e-01  4.060112e-01  2.526749e-01
   endloop
 endfacet
 facet normal  5.183822e-01  1.965964e-01  8.322438e-01
   outer loop
     vertex  6.831097e-01  3.585236e-01  2.917286e-01
     vertex  6.023155e-01  3.161195e-01  3.520700e-01
     vertex  6.604656e-01  1.627902e-01  3.520700e-01
   endloop
 endfacet
 facet normal  3.359390e-01  1.274049e-01  9.332272e-01
   outer loop
     vertex  6.831097e-01  3.585236e-01  2.917286e-01
     vertex  7.490601e-01  1.846267e-01  2.917286e-01
     vertex  8.482755e-01  2.090811e-01  2.526749e-01
   endloop
 endfacet
 facet normal  4.619743e-01  8.802185e-01  1.086052e-01
   outer loop
     vertex  1.815460e-01  4.786974e-01  6.277137e-01
     vertex  2.840324e-01  4.114919e-01  7.364505e-01
     vertex  2.908303e-01  4.213405e-01  6.277137e-01
   endloop
 endfacet
 facet normal  4.619743e-01  8.802185e-01  1.086052e-01
   outer loop
     vertex  1.815460e-01  4.786974e-01  6.277137e-01
     vertex  1.773024e-01  4.675081e-01  7.364505e-01
     vertex  2.840324e-01  4.114919e-01  7.364505e-01
   endloop
 endfacet
 facet normal  5.944646e-01  4.103293e-01  6.915502e-01
   outer loop
     vertex  5.091609e-01  4.510772e-01  3.520700e-01
     vertex  4.523195e-01  4.007201e-01  4.308108e-01
     vertex  5.350745e-01  2.808288e-01  4.308108e-01
   endloop
 endfacet
 facet normal  5.944646e-01  4.103293e-01  6.915502e-01
   outer loop
     vertex  5.091609e-01  4.510772e-01  3.520700e-01
     vertex  5.350745e-01  2.808288e-01  4.308108e-01
     vertex  6.023155e-01  3.161195e-01  3.520700e-01
   endloop
 endfacet
 facet normal  5.671180e-01  6.401439e-01  5.182595e-01
   outer loop
     vertex  3.432773e-01  4.973230e-01  4.308108e-01
     vertex  3.108989e-01  4.504148e-01  5.241819e-01
     vertex  4.096560e-01  3.629236e-01  5.241819e-01
   endloop
 endfacet
 facet normal  5.671180e-01  6.401439e-01  5.182595e-01
   outer loop
     vertex  3.432773e-01  4.973230e-01  4.308108e-01
     vertex  4.096560e-01  3.629236e-01  5.241819e-01
     vertex  4.523195e-01  4.007201e-01  4.308108e-01
   endloop
 endfacet
 facet normal  4.401561e-01  8.386473e-01  3.208322e-01
   outer loop
     vertex  1.940734e-01  5.117295e-01  5.241819e-01
     vertex  2.908303e-01  4.213405e-01  6.277137e-01
     vertex  3.108989e-01  4.504148e-01  5.241819e-01
   endloop
 endfacet
 facet normal  4.401561e-01  8.386473e-01  3.208322e-01
   outer loop
     vertex  1.940734e-01  5.117295e-01  5.241819e-01
     vertex  1.815460e-01  4.786974e-01  6.277137e-01
     vertex  2.908303e-01  4.213405e-01  6.277137e-01
   endloop
 endfacet
 facet normal  2.956872e-01  2.040982e-01  9.332272e-01
   outer loop
     vertex  5.774595e-01  5.115844e-01  2.917286e-01
     vertex  7.735898e-01  4.060112e-01  2.526749e-01
     vertex  6.539458e-01  5.793454e-01  2.526749e-01
   endloop
 endfacet
 facet normal  4.562704e-01  3.149407e-01  8.322438e-01
   outer loop
     vertex  5.774595e-01  5.115844e-01  2.917286e-01
     vertex  5.091609e-01  4.510772e-01  3.520700e-01
     vertex  6.023155e-01  3.161195e-01  3.520700e-01
   endloop
 endfacet
 facet normal  4.562704e-01  3.149407e-01  8.322438e-01
   outer loop
     vertex  5.774595e-01  5.115844e-01  2.917286e-01
     vertex  6.023155e-01  3.161195e-01  3.520700e-01
     vertex  6.831097e-01  3.585236e-01  2.917286e-01
   endloop
 endfacet
 facet normal  2.956872e-01  2.040982e-01  9.332272e-01
   outer loop
     vertex  5.774595e-01  5.115844e-01  2.917286e-01
     vertex  6.831097e-01  3.585236e-01  2.917286e-01
     vertex  7.735898e-01  4.060112e-01  2.526749e-01
   endloop
 endfacet
 facet normal  2.379001e-01  9.651987e-01  1.086052e-01
   outer loop
     vertex  6.171079e-02  5.082341e-01  6.277137e-01
     vertex  6.026834e-02  4.963544e-01  7.364505e-01
     vertex  1.773024e-01  4.675081e-01  7.364505e-01
   endloop
 endfacet
 facet normal  2.379001e-01  9.651987e-01  1.086052e-01
   outer loop
     vertex  6.171079e-02  5.082341e-01  6.277137e-01
     vertex  1.773024e-01  4.675081e-01  7.364505e-01
     vertex  1.815460e-01  4.786974e-01  6.277137e-01
   endloop
 endfacet
 facet normal  4.789923e-01  5.406706e-01  6.915502e-01
   outer loop
     vertex  3.864158e-01  5.598199e-01  3.520700e-01
     vertex  3.432773e-01  4.973230e-01  4.308108e-01
     vertex  4.523195e-01  4.007201e-01  4.308108e-01
   endloop
 endfacet
 facet normal  4.789923e-01  5.406706e-01  6.915502e-01
   outer loop
     vertex  3.864158e-01  5.598199e-01  3.520700e-01
     vertex  4.523195e-01  4.007201e-01  4.308108e-01
     vertex  5.091609e-01  4.510772e-01  3.520700e-01
   endloop
 endfacet
 facet normal  3.974421e-01  7.572627e-01  5.182595e-01
   outer loop
     vertex  2.142851e-01  5.650234e-01  4.308108e-01
     vertex  3.108989e-01  4.504148e-01  5.241819e-01
     vertex  3.432773e-01  4.973230e-01  4.308108e-01
   endloop
 endfacet
 facet normal  3.974421e-01  7.572627e-01  5.182595e-01
   outer loop
     vertex  2.142851e-01  5.650234e-01  4.308108e-01
     vertex  1.940734e-01  5.117295e-01  5.241819e-01
     vertex  3.108989e-01  4.504148e-01  5.241819e-01
   endloop
 endfacet
 facet normal  2.266645e-01  9.196140e-01  3.208322e-01
   outer loop
     vertex  6.596910e-02  5.433044e-01  5.241819e-01
     vertex  6.171079e-02  5.082341e-01  6.277137e-01
     vertex  1.815460e-01  4.786974e-01  6.277137e-01
   endloop
 endfacet
 facet normal  2.266645e-01  9.196140e-01  3.208322e-01
   outer loop
     vertex  6.596910e-02  5.433044e-01  5.241819e-01
     vertex  1.815460e-01  4.786974e-01  6.277137e-01
     vertex  1.940734e-01  5.117295e-01  5.241819e-01
   endloop
 endfacet
 facet normal  3.676417e-01  4.149817e-01  8.322438e-01
   outer loop
     vertex  4.382494e-01  6.349138e-01  2.917286e-01
     vertex  3.864158e-01  5.598199e-01  3.520700e-01
     vertex  5.091609e-01  4.510772e-01  3.520700e-01
   endloop
 endfacet
 facet normal  3.676417e-01  4.149817e-01  8.322438e-01
   outer loop
     vertex  4.382494e-01  6.349138e-01  2.917286e-01
     vertex  5.091609e-01  4.510772e-01  3.520700e-01
     vertex  5.774595e-01  5.115844e-01  2.917286e-01
   endloop
 endfacet
 facet normal  2.382512e-01  2.689300e-01  9.332272e-01
   outer loop
     vertex  4.382494e-01  6.349138e-01  2.917286e-01
     vertex  6.539458e-01  5.793454e-01  2.526749e-01
     vertex  4.962969e-01  7.190102e-01  2.526749e-01
   endloop
 endfacet
 facet normal  2.382512e-01  2.689300e-01  9.332272e-01
   outer loop
     vertex  4.382494e-01  6.349138e-01  2.917286e-01
     vertex  5.774595e-01  5.115844e-01  2.917286e-01
     vertex  6.539458e-01  5.793454e-01  2.526749e-01
   endloop
 endfacet
 facet normal  0.000000e+00  9.940850e-01  1.086052e-01
   outer loop
     vertex -6.171079e-02  5.082341e-01  6.277137e-01
     vertex -6.026834e-02  4.963544e-01  7.364505e-01
     vertex  6.026834e-02  4.963544e-01  7.364505e-01
   endloop
 endfacet
 facet normal  8.942164e-16  9.940850e-01  1.086052e-01
   outer loop
     vertex -6.171079e-02  5.082341e-01  6.277137e-01
     vertex  6.026834e-02  4.963544e-01  7.364505e-01
     vertex  6.171079e-02  5.082341e-01  6.277137e-01
   endloop
 endfacet
 facet normal  3.356828e-01  6.395901e-01  6.915502e-01
   outer loop
     vertex  2.412136e-01  6.360279e-01  3.520700e-01
     vertex  3.432773e-01  4.973230e-01  4.308108e-01
     vertex  3.864158e-01  5.598199e-01  3.520700e-01
   endloop
 endfacet
 facet normal  3.356828e-01  6.395901e-01  6.915502e-01
   outer loop
     vertex  2.412136e-01  6.360279e-01  3.520700e-01
     vertex  2.142851e-01  5.650234e-01  4.308108e-01
     vertex  3.432773e-01  4.973230e-01  4.308108e-01
   endloop
 endfacet
 facet normal  2.046684e-01  8.303722e-01  5.182595e-01
   outer loop
     vertex  7.283942e-02  5.998866e-01  4.308108e-01
     vertex  1.940734e-01  5.117295e-01  5.241819e-01
     vertex  2.142851e-01  5.650234e-01  4.308108e-01
   endloop
 endfacet
 facet normal  2.046684e-01  8.303722e-01  5.182595e-01
   outer loop
     vertex  7.283942e-02  5.998866e-01  4.308108e-01
     vertex  6.596910e-02  5.433044e-01  5.241819e-01
     vertex  1.940734e-01  5.117295e-01  5.241819e-01
   endloop
 endfacet
 facet normal  8.357780e-16  9.471361e-01  3.208322e-01
   outer loop
     vertex -6.596910e-02  5.433044e-01  5.241819e-01
     vertex -6.171079e-02  5.082341e-01  6.277137e-01
     vertex  6.171079e-02  5.082341e-01  6.277137e-01
   endloop
 endfacet
 facet normal  7.969885e-16  9.471361e-01  3.208322e-01
   outer loop
     vertex -6.596910e-02  5.433044e-01  5.241819e-01
     vertex  6.171079e-02  5.082341e-01  6.277137e-01
     vertex  6.596910e-02  5.433044e-01  5.241819e-01
   endloop
 endfacet
 facet normal  1.669689e-01  3.181327e-01  9.332272e-01
   outer loop
     vertex  2.735698e-01  7.213443e-01  2.917286e-01
     vertex  4.962969e-01  7.190102e-01  2.526749e-01
     vertex  3.098050e-01  8.168887e-01  2.526749e-01
   endloop
 endfacet
 facet normal  1.669689e-01  3.181327e-01  9.332272e-01
   outer loop
     vertex  2.735698e-01  7.213443e-01  2.917286e-01
     vertex  4.382494e-01  6.349138e-01  2.917286e-01
     vertex  4.962969e-01  7.190102e-01  2.526749e-01
   endloop
 endfacet
 facet normal  2.576471e-01  4.909055e-01  8.322438e-01
   outer loop
     vertex  2.735698e-01  7.213443e-01  2.917286e-01
     vertex  3.864158e-01  5.598199e-01  3.520700e-01
     vertex  4.382494e-01  6.349138e-01  2.917286e-01
   endloop
 endfacet
 facet normal  2.576471e-01  4.909055e-01  8.322438e-01
   outer loop
     vertex  2.735698e-01  7.213443e-01  2.917286e-01
     vertex  2.412136e-01  6.360279e-01  3.520700e-01
     vertex  3.864158e-01  5.598199e-01  3.520700e-01
   endloop
 endfacet
 facet normal -2.379001e-01  9.651987e-01  1.086052e-01
   outer loop
     vertex -1.815460e-01  4.786974e-01  6.277137e-01
     vertex -6.026834e-02  4.963544e-01  7.364505e-01
     vertex -6.171079e-02  5.082341e-01  6.277137e-01
   endloop
 endfacet
 facet normal -2.379001e-01  9.651987e-01  1.086052e-01
   outer loop
     vertex -1.815460e-01  4.786974e-01  6.277137e-01
     vertex -1.773024e-01  4.675081e-01  7.364505e-01
     vertex -6.026834e-02  4.963544e-01  7.364505e-01
   endloop
 endfacet
 facet normal  1.728645e-01  7.013389e-01  6.915502e-01
   outer loop
     vertex  8.199290e-02  6.752723e-01  3.520700e-01
     vertex  2.142851e-01  5.650234e-01  4.308108e-01
     vertex  2.412136e-01  6.360279e-01  3.520700e-01
   endloop
 endfacet
 facet normal  1.728645e-01  7.013389e-01  6.915502e-01
   outer loop
     vertex  8.199290e-02  6.752723e-01  3.520700e-01
     vertex  7.283942e-02  5.998866e-01  4.308108e-01
     vertex  2.142851e-01  5.650234e-01  4.308108e-01
   endloop
 endfacet
 facet normal  7.225673e-16  8.552234e-01  5.182595e-01
   outer loop
     vertex -7.283942e-02  5.998866e-01  4.308108e-01
     vertex -6.596910e-02  5.433044e-01  5.241819e-01
     vertex  6.596910e-02  5.433044e-01  5.241819e-01
   endloop
 endfacet
 facet normal  6.517684e-16  8.552234e-01  5.182595e-01
   outer loop
     vertex -7.283942e-02  5.998866e-01  4.308108e-01
     vertex  6.596910e-02  5.433044e-01  5.241819e-01
     vertex  7.283942e-02  5.998866e-01  4.308108e-01
   endloop
 endfacet
 facet normal -2.266645e-01  9.196140e-01  3.208322e-01
   outer loop
     vertex -1.940734e-01  5.117295e-01  5.241819e-01
     vertex -1.815460e-01  4.786974e-01  6.277137e-01
     vertex -6.171079e-02  5.082341e-01  6.277137e-01
   endloop
 endfacet
 facet normal -2.266645e-01  9.196140e-01  3.208322e-01
   outer loop
     vertex -1.940734e-01  5.117295e-01  5.241819e-01
     vertex -6.171079e-02  5.082341e-01  6.277137e-01
     vertex -6.596910e-02  5.433044e-01  5.241819e-01
   endloop
 endfacet
 facet normal  1.326790e-01  5.382997e-01  8.322438e-01
   outer loop
     vertex  9.299138e-02  7.658529e-01  2.917286e-01
     vertex  8.199290e-02  6.752723e-01  3.520700e-01
     vertex  2.412136e-01  6.360279e-01  3.520700e-01
   endloop
 endfacet
 facet normal  8.598296e-02  3.488466e-01  9.332272e-01
   outer loop
     vertex  9.299138e-02  7.658529e-01  2.917286e-01
     vertex  3.098050e-01  8.168887e-01  2.526749e-01
     vertex  1.053084e-01  8.672926e-01  2.526749e-01
   endloop
 endfacet
 facet normal  1.326790e-01  5.382997e-01  8.322438e-01
   outer loop
     vertex  9.299138e-02  7.658529e-01  2.917286e-01
     vertex  2.412136e-01  6.360279e-01  3.520700e-01
     vertex  2.735698e-01  7.213443e-01  2.917286e-01
   endloop
 endfacet
 facet normal  8.598296e-02  3.488466e-01  9.332272e-01
   outer loop
     vertex  9.299138e-02  7.658529e-01  2.917286e-01
     vertex  2.735698e-01  7.213443e-01  2.917286e-01
     vertex  3.098050e-01  8.168887e-01  2.526749e-01
   endloop
 endfacet
 facet normal -4.619743e-01  8.802185e-01  1.086052e-01
   outer loop
     vertex -2.908303e-01  4.213405e-01  6.277137e-01
     vertex -1.773024e-01  4.675081e-01  7.364505e-01
     vertex -1.815460e-01  4.786974e-01  6.277137e-01
   endloop
 endfacet
 facet normal -4.619743e-01  8.802185e-01  1.086052e-01
   outer loop
     vertex -2.908303e-01  4.213405e-01  6.277137e-01
     vertex -2.840324e-01  4.114919e-01  7.364505e-01
     vertex -1.773024e-01  4.675081e-01  7.364505e-01
   endloop
 endfacet
 facet normal -4.401561e-01  8.386473e-01  3.208322e-01
   outer loop
     vertex -2.908303e-01  4.213405e-01  6.277137e-01
     vertex -1.815460e-01  4.786974e-01  6.277137e-01
     vertex -1.940734e-01  5.117295e-01  5.241819e-01
   endloop
 endfacet
 facet normal  4.890336e-16  7.223284e-01  6.915502e-01
   outer loop
     vertex -8.199290e-02  6.752723e-01  3.520700e-01
     vertex  7.283942e-02  5.998866e-01  4.308108e-01
     vertex  8.199290e-02  6.752723e-01  3.520700e-01
   endloop
 endfacet
 facet normal  5.461835e-16  7.223284e-01  6.915502e-01
   outer loop
     vertex -8.199290e-02  6.752723e-01  3.520700e-01
     vertex -7.283942e-02  5.998866e-01  4.308108e-01
     vertex  7.283942e-02  5.998866e-01  4.308108e-01
   endloop
 endfacet
 facet normal -2.046684e-01  8.303722e-01  5.182595e-01
   outer loop
     vertex -2.142851e-01  5.650234e-01  4.308108e-01
     vertex -6.596910e-02  5.433044e-01  5.241819e-01
     vertex -7.283942e-02  5.998866e-01  4.308108e-01
   endloop
 endfacet
 facet normal -2.046684e-01  8.303722e-01  5.182595e-01
   outer loop
     vertex -2.142851e-01  5.650234e-01  4.308108e-01
     vertex -1.940734e-01  5.117295e-01  5.241819e-01
     vertex -6.596910e-02  5.433044e-01  5.241819e-01
   endloop
 endfacet
 facet normal -4.401561e-01  8.386473e-01  3.208322e-01
   outer loop
     vertex -3.108989e-01  4.504148e-01  5.241819e-01
     vertex -2.908303e-01  4.213405e-01  6.277137e-01
     vertex -1.940734e-01  5.117295e-01  5.241819e-01
   endloop
 endfacet
 facet normal  6.619093e-16  5.544098e-01  8.322438e-01
   outer loop
     vertex -9.299138e-02  7.658529e-01  2.917286e-01
     vertex  8.199290e-02  6.752723e-01  3.520700e-01
     vertex  9.299138e-02  7.658529e-01  2.917286e-01
   endloop
 endfacet
 facet normal  3.401789e-16  5.544098e-01  8.322438e-01
   outer loop
     vertex -9.299138e-02  7.658529e-01  2.917286e-01
     vertex -8.199290e-02  6.752723e-01  3.520700e-01
     vertex  8.199290e-02  6.752723e-01  3.520700e-01
   endloop
 endfacet
 facet normal  4.289521e-16  3.592868e-01  9.332272e-01
   outer loop
     vertex -9.299138e-02  7.658529e-01  2.917286e-01
     vertex  9.299138e-02  7.658529e-01  2.917286e-01
     vertex  1.053084e-01  8.672926e-01  2.526749e-01
   endloop
 endfacet
 facet normal  3.788671e-16  3.592868e-01  9.332272e-01
   outer loop
     vertex -9.299138e-02  7.658529e-01  2.917286e-01
     vertex  1.053084e-01  8.672926e-01  2.526749e-01
     vertex -1.053084e-01  8.672926e-01  2.526749e-01
   endloop
 endfacet
 facet normal -6.592003e-01  7.440833e-01  1.086052e-01
   outer loop
     vertex -3.832127e-01  3.394969e-01  6.277137e-01
     vertex -3.742554e-01  3.315613e-01  7.364505e-01
     vertex -2.840324e-01  4.114919e-01  7.364505e-01
   endloop
 endfacet
 facet normal -6.592003e-01  7.440833e-01  1.086052e-01
   outer loop
     vertex -3.832127e-01  3.394969e-01  6.277137e-01
     vertex -2.840324e-01  4.114919e-01  7.364505e-01
     vertex -2.908303e-01  4.213405e-01  6.277137e-01
   endloop
 endfacet
 facet normal -1.728645e-01  7.013389e-01  6.915502e-01
   outer loop
     vertex -2.412136e-01  6.360279e-01  3.520700e-01
     vertex -7.283942e-02  5.998866e-01  4.308108e-01
     vertex -8.199290e-02  6.752723e-01  3.520700e-01
   endloop
 endfacet
 facet normal -1.728645e-01  7.013389e-01  6.915502e-01
   outer loop
     vertex -2.412136e-01  6.360279e-01  3.520700e-01
     vertex -2.142851e-01  5.650234e-01  4.308108e-01
     vertex -7.283942e-02  5.998866e-01  4.308108e-01
   endloop
 endfacet
 facet normal -3.974421e-01  7.572627e-01  5.182595e-01
   outer loop
     vertex -3.432773e-01  4.973230e-01  4.308108e-01
     vertex -3.108989e-01  4.504148e-01  5.241819e-01
     vertex -1.940734e-01  5.117295e-01  5.241819e-01
   endloop
 endfacet
 facet normal -3.974421e-01  7.572627e-01  5.182595e-01
   outer loop
     vertex -3.432773e-01  4.973230e-01  4.308108e-01
     vertex -1.940734e-01  5.117295e-01  5.241819e-01
     vertex -2.142851e-01  5.650234e-01  4.308108e-01
   endloop
 endfacet
 facet normal -6.280674e-01  7.089415e-01  3.208322e-01
   outer loop
     vertex -4.096560e-01  3.629236e-01  5.241819e-01
     vertex -3.832127e-01  3.394969e-01  6.277137e-01
     vertex -2.908303e-01  4.213405e-01  6.277137e-01
   endloop
 endfacet
 facet normal -6.280674e-01  7.089415e-01  3.208322e-01
   outer loop
     vertex -4.096560e-01  3.629236e-01  5.241819e-01
     vertex -2.908303e-01  4.213405e-01  6.277137e-01
     vertex -3.108989e-01  4.504148e-01  5.241819e-01
   endloop
 endfacet
 facet normal -5.671180e-01  6.401439e-01  5.182595e-01
   outer loop
     vertex -4.096560e-01  3.629236e-01  5.241819e-01
     vertex -3.108989e-01  4.504148e-01  5.241819e-01
     vertex -3.432773e-01  4.973230e-01  4.308108e-01
   endloop
 endfacet
 facet normal -1.326790e-01  5.382997e-01  8.322438e-01
   outer loop
     vertex -2.735698e-01  7.213443e-01  2.917286e-01
     vertex -8.199290e-02  6.752723e-01  3.520700e-01
     vertex -9.299138e-02  7.658529e-01  2.917286e-01
   endloop
 endfacet
 facet normal -1.326790e-01  5.382997e-01  8.322438e-01
   outer loop
     vertex -2.735698e-01  7.213443e-01  2.917286e-01
     vertex -2.412136e-01  6.360279e-01  3.520700e-01
     vertex -8.199290e-02  6.752723e-01  3.520700e-01
   endloop
 endfacet
 facet normal -8.598296e-02  3.488466e-01  9.332272e-01
   outer loop
     vertex -2.735698e-01  7.213443e-01  2.917286e-01
     vertex -9.299138e-02  7.658529e-01  2.917286e-01
     vertex -1.053084e-01  8.672926e-01  2.526749e-01
   endloop
 endfacet
 facet normal -8.598296e-02  3.488466e-01  9.332272e-01
   outer loop
     vertex -2.735698e-01  7.213443e-01  2.917286e-01
     vertex -1.053084e-01  8.672926e-01  2.526749e-01
     vertex -3.098050e-01  8.168887e-01  2.526749e-01
   endloop
 endfacet
 facet normal -8.181159e-01  5.647046e-01  1.086052e-01
   outer loop
     vertex -4.533242e-01  2.379229e-01  6.277137e-01
     vertex -4.427280e-01  2.323616e-01  7.364505e-01
     vertex -3.742554e-01  3.315613e-01  7.364505e-01
   endloop
 endfacet
 facet normal -8.181159e-01  5.647046e-01  1.086052e-01
   outer loop
     vertex -4.533242e-01  2.379229e-01  6.277137e-01
     vertex -3.742554e-01  3.315613e-01  7.364505e-01
     vertex -3.832127e-01  3.394969e-01  6.277137e-01
   endloop
 endfacet
 facet normal -3.356828e-01  6.395901e-01  6.915502e-01
   outer loop
     vertex -3.864158e-01  5.598199e-01  3.520700e-01
     vertex -2.142851e-01  5.650234e-01  4.308108e-01
     vertex -2.412136e-01  6.360279e-01  3.520700e-01
   endloop
 endfacet
 facet normal -3.356828e-01  6.395901e-01  6.915502e-01
   outer loop
     vertex -3.864158e-01  5.598199e-01  3.520700e-01
     vertex -3.432773e-01  4.973230e-01  4.308108e-01
     vertex -2.142851e-01  5.650234e-01  4.308108e-01
   endloop
 endfacet
 facet normal -5.671180e-01  6.401439e-01  5.182595e-01
   outer loop
     vertex -4.523195e-01  4.007201e-01  4.308108e-01
     vertex -4.096560e-01  3.629236e-01  5.241819e-01
     vertex -3.432773e-01  4.973230e-01  4.308108e-01
   endloop
 endfacet
 facet normal -7.794777e-01  5.380346e-01  3.208322e-01
   outer loop
     vertex -4.846055e-01  2.543406e-01  5.241819e-01
     vertex -4.533242e-01  2.379229e-01  6.277137e-01
     vertex -3.832127e-01  3.394969e-01  6.277137e-01
   endloop
 endfacet
 facet normal -7.794777e-01  5.380346e-01  3.208322e-01
   outer loop
     vertex -4.846055e-01  2.543406e-01  5.241819e-01
     vertex -3.832127e-01  3.394969e-01  6.277137e-01
     vertex -4.096560e-01  3.629236e-01  5.241819e-01
   endloop
 endfacet
 facet normal -2.576471e-01  4.909055e-01  8.322438e-01
   outer loop
     vertex -4.382494e-01  6.349138e-01  2.917286e-01
     vertex -2.412136e-01  6.360279e-01  3.520700e-01
     vertex -2.735698e-01  7.213443e-01  2.917286e-01
   endloop
 endfacet
 facet normal -1.669689e-01  3.181327e-01  9.332272e-01
   outer loop
     vertex -4.382494e-01  6.349138e-01  2.917286e-01
     vertex -3.098050e-01  8.168887e-01  2.526749e-01
     vertex -4.962969e-01  7.190102e-01  2.526749e-01
   endloop
 endfacet
 facet normal -2.576471e-01  4.909055e-01  8.322438e-01
   outer loop
     vertex -4.382494e-01  6.349138e-01  2.917286e-01
     vertex -3.864158e-01  5.598199e-01  3.520700e-01
     vertex -2.412136e-01  6.360279e-01  3.520700e-01
   endloop
 endfacet
 facet normal -1.669689e-01  3.181327e-01  9.332272e-01
   outer loop
     vertex -4.382494e-01  6.349138e-01  2.917286e-01
     vertex -2.735698e-01  7.213443e-01  2.917286e-01
     vertex -3.098050e-01  8.168887e-01  2.526749e-01
   endloop
 endfacet
 facet normal -9.294856e-01  3.525074e-01  1.086052e-01
   outer loop
     vertex -4.970901e-01  1.225217e-01  6.277137e-01
     vertex -4.854709e-01  1.196578e-01  7.364505e-01
     vertex -4.427280e-01  2.323616e-01  7.364505e-01
   endloop
 endfacet
 facet normal -9.294856e-01  3.525074e-01  1.086052e-01
   outer loop
     vertex -4.970901e-01  1.225217e-01  6.277137e-01
     vertex -4.427280e-01  2.323616e-01  7.364505e-01
     vertex -4.533242e-01  2.379229e-01  6.277137e-01
   endloop
 endfacet
 facet normal -4.789923e-01  5.406706e-01  6.915502e-01
   outer loop
     vertex -5.091609e-01  4.510772e-01  3.520700e-01
     vertex -3.432773e-01  4.973230e-01  4.308108e-01
     vertex -3.864158e-01  5.598199e-01  3.520700e-01
   endloop
 endfacet
 facet normal -4.789923e-01  5.406706e-01  6.915502e-01
   outer loop
     vertex -5.091609e-01  4.510772e-01  3.520700e-01
     vertex -4.523195e-01  4.007201e-01  4.308108e-01
     vertex -3.432773e-01  4.973230e-01  4.308108e-01
   endloop
 endfacet
 facet normal -3.676417e-01  4.149817e-01  8.322438e-01
   outer loop
     vertex -5.091609e-01  4.510772e-01  3.520700e-01
     vertex -3.864158e-01  5.598199e-01  3.520700e-01
     vertex -4.382494e-01  6.349138e-01  2.917286e-01
   endloop
 endfacet
 facet normal -7.038351e-01  4.858223e-01  5.182595e-01
   outer loop
     vertex -5.350745e-01  2.808288e-01  4.308108e-01
     vertex -4.846055e-01  2.543406e-01  5.241819e-01
     vertex -4.096560e-01  3.629236e-01  5.241819e-01
   endloop
 endfacet
 facet normal -7.038351e-01  4.858223e-01  5.182595e-01
   outer loop
     vertex -5.350745e-01  2.808288e-01  4.308108e-01
     vertex -4.096560e-01  3.629236e-01  5.241819e-01
     vertex -4.523195e-01  4.007201e-01  4.308108e-01
   endloop
 endfacet
 facet normal -8.855876e-01  3.358591e-01  3.208322e-01
   outer loop
     vertex -5.313914e-01  1.309762e-01  5.241819e-01
     vertex -4.970901e-01  1.225217e-01  6.277137e-01
     vertex -4.533242e-01  2.379229e-01  6.277137e-01
   endloop
 endfacet
 facet normal -8.855876e-01  3.358591e-01  3.208322e-01
   outer loop
     vertex -5.313914e-01  1.309762e-01  5.241819e-01
     vertex -4.533242e-01  2.379229e-01  6.277137e-01
     vertex -4.846055e-01  2.543406e-01  5.241819e-01
   endloop
 endfacet
 facet normal -2.382512e-01  2.689300e-01  9.332272e-01
   outer loop
     vertex -5.774595e-01  5.115844e-01  2.917286e-01
     vertex -4.382494e-01  6.349138e-01  2.917286e-01
     vertex -4.962969e-01  7.190102e-01  2.526749e-01
   endloop
 endfacet
 facet normal -2.382512e-01  2.689300e-01  9.332272e-01
   outer loop
     vertex -5.774595e-01  5.115844e-01  2.917286e-01
     vertex -4.962969e-01  7.190102e-01  2.526749e-01
     vertex -6.539458e-01  5.793454e-01  2.526749e-01
   endloop
 endfacet
 facet normal -3.676417e-01  4.149817e-01  8.322438e-01
   outer loop
     vertex -5.774595e-01  5.115844e-01  2.917286e-01
     vertex -5.091609e-01  4.510772e-01  3.520700e-01
     vertex -4.382494e-01  6.349138e-01  2.917286e-01
   endloop
 endfacet
 facet normal -9.868370e-01  1.198237e-01  1.086052e-01
   outer loop
     vertex -5.119669e-01  0.000000e+00  6.277137e-01
     vertex -5.000000e-01  5.053215e-16  7.364505e-01
     vertex -4.854709e-01  1.196578e-01  7.364505e-01
   endloop
 endfacet
 facet normal -9.868370e-01 -1.198237e-01  1.086052e-01
   outer loop
     vertex -5.119669e-01  0.000000e+00  6.277137e-01
     vertex -4.854709e-01 -1.196578e-01  7.364505e-01
     vertex -5.000000e-01  5.053215e-16  7.364505e-01
   endloop
 endfacet
 facet normal -9.868370e-01  1.198237e-01  1.086052e-01
   outer loop
     vertex -5.119669e-01  0.000000e+00  6.277137e-01
     vertex -4.854709e-01  1.196578e-01  7.364505e-01
     vertex -4.970901e-01  1.225217e-01  6.277137e-01
   endloop
 endfacet
 facet normal -5.944646e-01  4.103293e-01  6.915502e-01
   outer loop
     vertex -6.023155e-01  3.161195e-01  3.520700e-01
     vertex -4.523195e-01  4.007201e-01  4.308108e-01
     vertex -5.091609e-01  4.510772e-01  3.520700e-01
   endloop
 endfacet
 facet normal -5.944646e-01  4.103293e-01  6.915502e-01
   outer loop
     vertex -6.023155e-01  3.161195e-01  3.520700e-01
     vertex -5.350745e-01  2.808288e-01  4.308108e-01
     vertex -4.523195e-01  4.007201e-01  4.308108e-01
   endloop
 endfacet
 facet normal -7.996478e-01  3.032664e-01  5.182595e-01
   outer loop
     vertex -5.867329e-01  1.446167e-01  4.308108e-01
     vertex -4.846055e-01  2.543406e-01  5.241819e-01
     vertex -5.350745e-01  2.808288e-01  4.308108e-01
   endloop
 endfacet
 facet normal -7.996478e-01  3.032664e-01  5.182595e-01
   outer loop
     vertex -5.867329e-01  1.446167e-01  4.308108e-01
     vertex -5.313914e-01  1.309762e-01  5.241819e-01
     vertex -4.846055e-01  2.543406e-01  5.241819e-01
   endloop
 endfacet
 facet normal -9.402304e-01  1.141646e-01  3.208322e-01
   outer loop
     vertex -5.472948e-01  0.000000e+00  5.241819e-01
     vertex -4.970901e-01  1.225217e-01  6.277137e-01
     vertex -5.313914e-01  1.309762e-01  5.241819e-01
   endloop
 endfacet
 facet normal -9.402304e-01  1.141646e-01  3.208322e-01
   outer loop
     vertex -5.472948e-01  0.000000e+00  5.241819e-01
     vertex -5.119669e-01  0.000000e+00  6.277137e-01
     vertex -4.970901e-01  1.225217e-01  6.277137e-01
   endloop
 endfacet
 facet normal -2.956872e-01  2.040982e-01  9.332272e-01
   outer loop
     vertex -6.831097e-01  3.585236e-01  2.917286e-01
     vertex -6.539458e-01  5.793454e-01  2.526749e-01
     vertex -7.735898e-01  4.060112e-01  2.526749e-01
   endloop
 endfacet
 facet normal -4.562704e-01  3.149407e-01  8.322438e-01
   outer loop
     vertex -6.831097e-01  3.585236e-01  2.917286e-01
     vertex -6.023155e-01  3.161195e-01  3.520700e-01
     vertex -5.091609e-01  4.510772e-01  3.520700e-01
   endloop
 endfacet
 facet normal -2.956872e-01  2.040982e-01  9.332272e-01
   outer loop
     vertex -6.831097e-01  3.585236e-01  2.917286e-01
     vertex -5.774595e-01  5.115844e-01  2.917286e-01
     vertex -6.539458e-01  5.793454e-01  2.526749e-01
   endloop
 endfacet
 facet normal -4.562704e-01  3.149407e-01  8.322438e-01
   outer loop
     vertex -6.831097e-01  3.585236e-01  2.917286e-01
     vertex -5.091609e-01  4.510772e-01  3.520700e-01
     vertex -5.774595e-01  5.115844e-01  2.917286e-01
   endloop
 endfacet
 facet normal -9.868370e-01 -1.198237e-01  1.086052e-01
   outer loop
     vertex -4.970901e-01 -1.225217e-01  6.277137e-01
     vertex -4.854709e-01 -1.196578e-01  7.364505e-01
     vertex -5.119669e-01  0.000000e+00  6.277137e-01
   endloop
 endfacet
 facet normal -5.183822e-01  1.965964e-01  8.322438e-01
   outer loop
     vertex -6.604656e-01  1.627902e-01  3.520700e-01
     vertex -6.023155e-01  3.161195e-01  3.520700e-01
     vertex -6.831097e-01  3.585236e-01  2.917286e-01
   endloop
 endfacet
 facet normal -6.753888e-01  2.561412e-01  6.915502e-01
   outer loop
     vertex -6.604656e-01  1.627902e-01  3.520700e-01
     vertex -5.350745e-01  2.808288e-01  4.308108e-01
     vertex -6.023155e-01  3.161195e-01  3.520700e-01
   endloop
 endfacet
 facet normal -6.753888e-01  2.561412e-01  6.915502e-01
   outer loop
     vertex -6.604656e-01  1.627902e-01  3.520700e-01
     vertex -5.867329e-01  1.446167e-01  4.308108e-01
     vertex -5.350745e-01  2.808288e-01  4.308108e-01
   endloop
 endfacet
 facet normal -8.489879e-01  1.030858e-01  5.182595e-01
   outer loop
     vertex -6.042926e-01  0.000000e+00  4.308108e-01
     vertex -5.313914e-01  1.309762e-01  5.241819e-01
     vertex -5.867329e-01  1.446167e-01  4.308108e-01
   endloop
 endfacet
 facet normal -8.489879e-01  1.030858e-01  5.182595e-01
   outer loop
     vertex -6.042926e-01  0.000000e+00  4.308108e-01
     vertex -5.472948e-01  0.000000e+00  5.241819e-01
     vertex -5.313914e-01  1.309762e-01  5.241819e-01
   endloop
 endfacet
 facet normal -8.489879e-01 -1.030858e-01  5.182595e-01
   outer loop
     vertex -5.313914e-01 -1.309762e-01  5.241819e-01
     vertex -5.472948e-01  0.000000e+00  5.241819e-01
     vertex -6.042926e-01  0.000000e+00  4.308108e-01
   endloop
 endfacet
 facet normal -9.402304e-01 -1.141646e-01  3.208322e-01
   outer loop
     vertex -5.313914e-01 -1.309762e-01  5.241819e-01
     vertex -4.970901e-01 -1.225217e-01  6.277137e-01
     vertex -5.119669e-01  0.000000e+00  6.277137e-01
   endloop
 endfacet
 facet normal -9.402304e-01 -1.141646e-01  3.208322e-01
   outer loop
     vertex -5.313914e-01 -1.309762e-01  5.241819e-01
     vertex -5.119669e-01  0.000000e+00  6.277137e-01
     vertex -5.472948e-01  0.000000e+00  5.241819e-01
   endloop
 endfacet
 facet normal -3.359390e-01  1.274049e-01  9.332272e-01
   outer loop
     vertex -7.490601e-01  1.846267e-01  2.917286e-01
     vertex -7.735898e-01  4.060112e-01  2.526749e-01
     vertex -8.482755e-01  2.090811e-01  2.526749e-01
   endloop
 endfacet
 facet normal -3.359390e-01  1.274049e-01  9.332272e-01
   outer loop
     vertex -7.490601e-01  1.846267e-01  2.917286e-01
     vertex -6.831097e-01  3.585236e-01  2.917286e-01
     vertex -7.735898e-01  4.060112e-01  2.526749e-01
   endloop
 endfacet
 facet normal -5.183822e-01  1.965964e-01  8.322438e-01
   outer loop
     vertex -7.490601e-01  1.846267e-01  2.917286e-01
     vertex -6.604656e-01  1.627902e-01  3.520700e-01
     vertex -6.831097e-01  3.585236e-01  2.917286e-01
   endloop
 endfacet
 facet normal -9.294856e-01 -3.525074e-01  1.086052e-01
   outer loop
     vertex -4.533242e-01 -2.379229e-01  6.277137e-01
     vertex -4.427280e-01 -2.323616e-01  7.364505e-01
     vertex -4.854709e-01 -1.196578e-01  7.364505e-01
   endloop
 endfacet
 facet normal -9.294856e-01 -3.525074e-01  1.086052e-01
   outer loop
     vertex -4.533242e-01 -2.379229e-01  6.277137e-01
     vertex -4.854709e-01 -1.196578e-01  7.364505e-01
     vertex -4.970901e-01 -1.225217e-01  6.277137e-01
   endloop
 endfacet
 facet normal -7.170618e-01  8.706707e-02  6.915502e-01
   outer loop
     vertex -6.802319e-01  0.000000e+00  3.520700e-01
     vertex -5.867329e-01  1.446167e-01  4.308108e-01
     vertex -6.604656e-01  1.627902e-01  3.520700e-01
   endloop
 endfacet
 facet normal -7.170618e-01  8.706707e-02  6.915502e-01
   outer loop
     vertex -6.802319e-01  0.000000e+00  3.520700e-01
     vertex -6.042926e-01  0.000000e+00  4.308108e-01
     vertex -5.867329e-01  1.446167e-01  4.308108e-01
   endloop
 endfacet
 facet normal -8.489879e-01 -1.030858e-01  5.182595e-01
   outer loop
     vertex -5.867329e-01 -1.446167e-01  4.308108e-01
     vertex -5.313914e-01 -1.309762e-01  5.241819e-01
     vertex -6.042926e-01  0.000000e+00  4.308108e-01
   endloop
 endfacet
 facet normal -8.855876e-01 -3.358591e-01  3.208322e-01
   outer loop
     vertex -4.846055e-01 -2.543406e-01  5.241819e-01
     vertex -4.970901e-01 -1.225217e-01  6.277137e-01
     vertex -5.313914e-01 -1.309762e-01  5.241819e-01
   endloop
 endfacet
 facet normal -8.855876e-01 -3.358591e-01  3.208322e-01
   outer loop
     vertex -4.846055e-01 -2.543406e-01  5.241819e-01
     vertex -4.533242e-01 -2.379229e-01  6.277137e-01
     vertex -4.970901e-01 -1.225217e-01  6.277137e-01
   endloop
 endfacet
 facet normal -7.996478e-01 -3.032664e-01  5.182595e-01
   outer loop
     vertex -4.846055e-01 -2.543406e-01  5.241819e-01
     vertex -5.313914e-01 -1.309762e-01  5.241819e-01
     vertex -5.867329e-01 -1.446167e-01  4.308108e-01
   endloop
 endfacet
 facet normal -5.503676e-01  6.682672e-02  8.322438e-01
   outer loop
     vertex -7.714778e-01  0.000000e+00  2.917286e-01
     vertex -6.802319e-01  0.000000e+00  3.520700e-01
     vertex -6.604656e-01  1.627902e-01  3.520700e-01
   endloop
 endfacet
 facet normal -5.503676e-01  6.682672e-02  8.322438e-01
   outer loop
     vertex -7.714778e-01  0.000000e+00  2.917286e-01
     vertex -6.604656e-01  1.627902e-01  3.520700e-01
     vertex -7.490601e-01  1.846267e-01  2.917286e-01
   endloop
 endfacet
 facet normal -3.566672e-01  4.330724e-02  9.332272e-01
   outer loop
     vertex -7.714778e-01  0.000000e+00  2.917286e-01
     vertex -8.482755e-01  2.090811e-01  2.526749e-01
     vertex -8.736626e-01  1.712426e-15  2.526749e-01
   endloop
 endfacet
 facet normal -3.566672e-01  4.330724e-02  9.332272e-01
   outer loop
     vertex -7.714778e-01  0.000000e+00  2.917286e-01
     vertex -7.490601e-01  1.846267e-01  2.917286e-01
     vertex -8.482755e-01  2.090811e-01  2.526749e-01
   endloop
 endfacet
 facet normal -8.181159e-01 -5.647046e-01  1.086052e-01
   outer loop
     vertex -3.832127e-01 -3.394969e-01  6.277137e-01
     vertex -3.742554e-01 -3.315613e-01  7.364505e-01
     vertex -4.427280e-01 -2.323616e-01  7.364505e-01
   endloop
 endfacet
 facet normal -8.181159e-01 -5.647046e-01  1.086052e-01
   outer loop
     vertex -3.832127e-01 -3.394969e-01  6.277137e-01
     vertex -4.427280e-01 -2.323616e-01  7.364505e-01
     vertex -4.533242e-01 -2.379229e-01  6.277137e-01
   endloop
 endfacet
 facet normal -7.170618e-01 -8.706707e-02  6.915502e-01
   outer loop
     vertex -6.604656e-01 -1.627902e-01  3.520700e-01
     vertex -6.042926e-01  0.000000e+00  4.308108e-01
     vertex -6.802319e-01  0.000000e+00  3.520700e-01
   endloop
 endfacet
 facet normal -7.170618e-01 -8.706707e-02  6.915502e-01
   outer loop
     vertex -6.604656e-01 -1.627902e-01  3.520700e-01
     vertex -5.867329e-01 -1.446167e-01  4.308108e-01
     vertex -6.042926e-01  0.000000e+00  4.308108e-01
   endloop
 endfacet
 facet normal -7.996478e-01 -3.032664e-01  5.182595e-01
   outer loop
     vertex -5.350745e-01 -2.808288e-01  4.308108e-01
     vertex -4.846055e-01 -2.543406e-01  5.241819e-01
     vertex -5.867329e-01 -1.446167e-01  4.308108e-01
   endloop
 endfacet
 facet normal -6.753888e-01 -2.561412e-01  6.915502e-01
   outer loop
     vertex -5.350745e-01 -2.808288e-01  4.308108e-01
     vertex -5.867329e-01 -1.446167e-01  4.308108e-01
     vertex -6.604656e-01 -1.627902e-01  3.520700e-01
   endloop
 endfacet
 facet normal -7.794777e-01 -5.380346e-01  3.208322e-01
   outer loop
     vertex -4.096560e-01 -3.629236e-01  5.241819e-01
     vertex -3.832127e-01 -3.394969e-01  6.277137e-01
     vertex -4.533242e-01 -2.379229e-01  6.277137e-01
   endloop
 endfacet
 facet normal -7.794777e-01 -5.380346e-01  3.208322e-01
   outer loop
     vertex -4.096560e-01 -3.629236e-01  5.241819e-01
     vertex -4.533242e-01 -2.379229e-01  6.277137e-01
     vertex -4.846055e-01 -2.543406e-01  5.241819e-01
   endloop
 endfacet
 facet normal -5.503676e-01 -6.682672e-02  8.322438e-01
   outer loop
     vertex -7.490601e-01 -1.846267e-01  2.917286e-01
     vertex -6.604656e-01 -1.627902e-01  3.520700e-01
     vertex -6.802319e-01  0.000000e+00  3.520700e-01
   endloop
 endfacet
 facet normal -5.503676e-01 -6.682672e-02  8.322438e-01
   outer loop
     vertex -7.490601e-01 -1.846267e-01  2.917286e-01
     vertex -6.802319e-01  0.000000e+00  3.520700e-01
     vertex -7.714778e-01  0.000000e+00  2.917286e-01
   endloop
 endfacet
 facet normal -3.566672e-01 -4.330724e-02  9.332272e-01
   outer loop
     vertex -7.490601e-01 -1.846267e-01  2.917286e-01
     vertex -7.714778e-01  0.000000e+00  2.917286e-01
     vertex -8.736626e-01  1.712426e-15  2.526749e-01
   endloop
 endfacet
 facet normal -3.566672e-01 -4.330724e-02  9.332272e-01
   outer loop
     vertex -7.490601e-01 -1.846267e-01  2.917286e-01
     vertex -8.736626e-01  1.712426e-15  2.526749e-01
     vertex -8.482755e-01 -2.090811e-01  2.526749e-01
   endloop
 endfacet
 facet normal -6.592003e-01 -7.440833e-01  1.086052e-01
   outer loop
     vertex -2.908303e-01 -4.213405e-01  6.277137e-01
     vertex -2.840324e-01 -4.114919e-01  7.364505e-01
     vertex -3.742554e-01 -3.315613e-01  7.364505e-01
   endloop
 endfacet
 facet normal -6.592003e-01 -7.440833e-01  1.086052e-01
   outer loop
     vertex -2.908303e-01 -4.213405e-01  6.277137e-01
     vertex -3.742554e-01 -3.315613e-01  7.364505e-01
     vertex -3.832127e-01 -3.394969e-01  6.277137e-01
   endloop
 endfacet
 facet normal -6.753888e-01 -2.561412e-01  6.915502e-01
   outer loop
     vertex -6.023155e-01 -3.161195e-01  3.520700e-01
     vertex -5.350745e-01 -2.808288e-01  4.308108e-01
     vertex -6.604656e-01 -1.627902e-01  3.520700e-01
   endloop
 endfacet
 facet normal -7.038351e-01 -4.858223e-01  5.182595e-01
   outer loop
     vertex -4.523195e-01 -4.007201e-01  4.308108e-01
     vertex -4.846055e-01 -2.543406e-01  5.241819e-01
     vertex -5.350745e-01 -2.808288e-01  4.308108e-01
   endloop
 endfacet
 facet normal -7.038351e-01 -4.858223e-01  5.182595e-01
   outer loop
     vertex -4.523195e-01 -4.007201e-01  4.308108e-01
     vertex -4.096560e-01 -3.629236e-01  5.241819e-01
     vertex -4.846055e-01 -2.543406e-01  5.241819e-01
   endloop
 endfacet
 facet normal -6.280674e-01 -7.089415e-01  3.208322e-01
   outer loop
     vertex -3.108989e-01 -4.504148e-01  5.241819e-01
     vertex -3.832127e-01 -3.394969e-01  6.277137e-01
     vertex -4.096560e-01 -3.629236e-01  5.241819e-01
   endloop
 endfacet
 facet normal -5.671180e-01 -6.401439e-01  5.182595e-01
   outer loop
     vertex -3.108989e-01 -4.504148e-01  5.241819e-01
     vertex -4.096560e-01 -3.629236e-01  5.241819e-01
     vertex -4.523195e-01 -4.007201e-01  4.308108e-01
   endloop
 endfacet
 facet normal -6.280674e-01 -7.089415e-01  3.208322e-01
   outer loop
     vertex -3.108989e-01 -4.504148e-01  5.241819e-01
     vertex -2.908303e-01 -4.213405e-01  6.277137e-01
     vertex -3.832127e-01 -3.394969e-01  6.277137e-01
   endloop
 endfacet
 facet normal -5.183822e-01 -1.965964e-01  8.322438e-01
   outer loop
     vertex -6.831097e-01 -3.585236e-01  2.917286e-01
     vertex -6.604656e-01 -1.627902e-01  3.520700e-01
     vertex -7.490601e-01 -1.846267e-01  2.917286e-01
   endloop
 endfacet
 facet normal -5.183822e-01 -1.965964e-01  8.322438e-01
   outer loop
     vertex -6.831097e-01 -3.585236e-01  2.917286e-01
     vertex -6.023155e-01 -3.161195e-01  3.520700e-01
     vertex -6.604656e-01 -1.627902e-01  3.520700e-01
   endloop
 endfacet
 facet normal -3.359390e-01 -1.274049e-01  9.332272e-01
   outer loop
     vertex -6.831097e-01 -3.585236e-01  2.917286e-01
     vertex -7.490601e-01 -1.846267e-01  2.917286e-01
     vertex -8.482755e-01 -2.090811e-01  2.526749e-01
   endloop
 endfacet
 facet normal -3.359390e-01 -1.274049e-01  9.332272e-01
   outer loop
     vertex -6.831097e-01 -3.585236e-01  2.917286e-01
     vertex -8.482755e-01 -2.090811e-01  2.526749e-01
     vertex -7.735898e-01 -4.060112e-01  2.526749e-01
   endloop
 endfacet
 facet normal -4.619743e-01 -8.802185e-01  1.086052e-01
   outer loop
     vertex -1.815460e-01 -4.786974e-01  6.277137e-01
     vertex -1.773024e-01 -4.675081e-01  7.364505e-01
     vertex -2.840324e-01 -4.114919e-01  7.364505e-01
   endloop
 endfacet
 facet normal -4.619743e-01 -8.802185e-01  1.086052e-01
   outer loop
     vertex -1.815460e-01 -4.786974e-01  6.277137e-01
     vertex -2.840324e-01 -4.114919e-01  7.364505e-01
     vertex -2.908303e-01 -4.213405e-01  6.277137e-01
   endloop
 endfacet
 facet normal -5.944646e-01 -4.103293e-01  6.915502e-01
   outer loop
     vertex -5.091609e-01 -4.510772e-01  3.520700e-01
     vertex -5.350745e-01 -2.808288e-01  4.308108e-01
     vertex -6.023155e-01 -3.161195e-01  3.520700e-01
   endloop
 endfacet
 facet normal -5.944646e-01 -4.103293e-01  6.915502e-01
   outer loop
     vertex -5.091609e-01 -4.510772e-01  3.520700e-01
     vertex -4.523195e-01 -4.007201e-01  4.308108e-01
     vertex -5.350745e-01 -2.808288e-01  4.308108e-01
   endloop
 endfacet
 facet normal -5.671180e-01 -6.401439e-01  5.182595e-01
   outer loop
     vertex -3.432773e-01 -4.973230e-01  4.308108e-01
     vertex -3.108989e-01 -4.504148e-01  5.241819e-01
     vertex -4.523195e-01 -4.007201e-01  4.308108e-01
   endloop
 endfacet
 facet normal -4.789923e-01 -5.406706e-01  6.915502e-01
   outer loop
     vertex -3.432773e-01 -4.973230e-01  4.308108e-01
     vertex -4.523195e-01 -4.007201e-01  4.308108e-01
     vertex -5.091609e-01 -4.510772e-01  3.520700e-01
   endloop
 endfacet
 facet normal -4.401561e-01 -8.386473e-01  3.208322e-01
   outer loop
     vertex -1.940734e-01 -5.117295e-01  5.241819e-01
     vertex -2.908303e-01 -4.213405e-01  6.277137e-01
     vertex -3.108989e-01 -4.504148e-01  5.241819e-01
   endloop
 endfacet
 facet normal -4.401561e-01 -8.386473e-01  3.208322e-01
   outer loop
     vertex -1.940734e-01 -5.117295e-01  5.241819e-01
     vertex -1.815460e-01 -4.786974e-01  6.277137e-01
     vertex -2.908303e-01 -4.213405e-01  6.277137e-01
   endloop
 endfacet
 facet normal -4.562704e-01 -3.149407e-01  8.322438e-01
   outer loop
     vertex -5.774595e-01 -5.115844e-01  2.917286e-01
     vertex -5.091609e-01 -4.510772e-01  3.520700e-01
     vertex -6.023155e-01 -3.161195e-01  3.520700e-01
   endloop
 endfacet
 facet normal -4.562704e-01 -3.149407e-01  8.322438e-01
   outer loop
     vertex -5.774595e-01 -5.115844e-01  2.917286e-01
     vertex -6.023155e-01 -3.161195e-01  3.520700e-01
     vertex -6.831097e-01 -3.585236e-01  2.917286e-01
   endloop
 endfacet
 facet normal -2.956872e-01 -2.040982e-01  9.332272e-01
   outer loop
     vertex -5.774595e-01 -5.115844e-01  2.917286e-01
     vertex -7.735898e-01 -4.060112e-01  2.526749e-01
     vertex -6.539458e-01 -5.793454e-01  2.526749e-01
   endloop
 endfacet
 facet normal -2.382512e-01 -2.689300e-01  9.332272e-01
   outer loop
     vertex -5.774595e-01 -5.115844e-01  2.917286e-01
     vertex -6.539458e-01 -5.793454e-01  2.526749e-01
     vertex -4.962969e-01 -7.190102e-01  2.526749e-01
   endloop
 endfacet
 facet normal -2.956872e-01 -2.040982e-01  9.332272e-01
   outer loop
     vertex -5.774595e-01 -5.115844e-01  2.917286e-01
     vertex -6.831097e-01 -3.585236e-01  2.917286e-01
     vertex -7.735898e-01 -4.060112e-01  2.526749e-01
   endloop
 endfacet
 facet normal -2.379001e-01 -9.651987e-01  1.086052e-01
   outer loop
     vertex -6.171079e-02 -5.082341e-01  6.277137e-01
     vertex -6.026834e-02 -4.963544e-01  7.364505e-01
     vertex -1.773024e-01 -4.675081e-01  7.364505e-01
   endloop
 endfacet
 facet normal -2.379001e-01 -9.651987e-01  1.086052e-01
   outer loop
     vertex -6.171079e-02 -5.082341e-01  6.277137e-01
     vertex -1.773024e-01 -4.675081e-01  7.364505e-01
     vertex -1.815460e-01 -4.786974e-01  6.277137e-01
   endloop
 endfacet
 facet normal -2.266645e-01 -9.196140e-01  3.208322e-01
   outer loop
     vertex -6.171079e-02 -5.082341e-01  6.277137e-01
     vertex -1.815460e-01 -4.786974e-01  6.277137e-01
     vertex -1.940734e-01 -5.117295e-01  5.241819e-01
   endloop
 endfacet
 facet normal -4.789923e-01 -5.406706e-01  6.915502e-01
   outer loop
     vertex -3.864158e-01 -5.598199e-01  3.520700e-01
     vertex -3.432773e-01 -4.973230e-01  4.308108e-01
     vertex -5.091609e-01 -4.510772e-01  3.520700e-01
   endloop
 endfacet
 facet normal -3.974421e-01 -7.572627e-01  5.182595e-01
   outer loop
     vertex -2.142851e-01 -5.650234e-01  4.308108e-01
     vertex -3.108989e-01 -4.504148e-01  5.241819e-01
     vertex -3.432773e-01 -4.973230e-01  4.308108e-01
   endloop
 endfacet
 facet normal -3.974421e-01 -7.572627e-01  5.182595e-01
   outer loop
     vertex -2.142851e-01 -5.650234e-01  4.308108e-01
     vertex -1.940734e-01 -5.117295e-01  5.241819e-01
     vertex -3.108989e-01 -4.504148e-01  5.241819e-01
   endloop
 endfacet
 facet normal -2.266645e-01 -9.196140e-01  3.208322e-01
   outer loop
     vertex -6.596910e-02 -5.433044e-01  5.241819e-01
     vertex -6.171079e-02 -5.082341e-01  6.277137e-01
     vertex -1.940734e-01 -5.117295e-01  5.241819e-01
   endloop
 endfacet
 facet normal -3.676417e-01 -4.149817e-01  8.322438e-01
   outer loop
     vertex -4.382494e-01 -6.349138e-01  2.917286e-01
     vertex -5.091609e-01 -4.510772e-01  3.520700e-01
     vertex -5.774595e-01 -5.115844e-01  2.917286e-01
   endloop
 endfacet
 facet normal -2.382512e-01 -2.689300e-01  9.332272e-01
   outer loop
     vertex -4.382494e-01 -6.349138e-01  2.917286e-01
     vertex -5.774595e-01 -5.115844e-01  2.917286e-01
     vertex -4.962969e-01 -7.190102e-01  2.526749e-01
   endloop
 endfacet
 facet normal -3.676417e-01 -4.149817e-01  8.322438e-01
   outer loop
     vertex -4.382494e-01 -6.349138e-01  2.917286e-01
     vertex -3.864158e-01 -5.598199e-01  3.520700e-01
     vertex -5.091609e-01 -4.510772e-01  3.520700e-01
   endloop
 endfacet
 facet normal -2.302481e-15 -9.940850e-01  1.086052e-01
   outer loop
     vertex  6.171079e-02 -5.082341e-01  6.277137e-01
     vertex  6.026834e-02 -4.963544e-01  7.364505e-01
     vertex -6.026834e-02 -4.963544e-01  7.364505e-01
   endloop
 endfacet
 facet normal -2.682649e-15 -9.940850e-01  1.086052e-01
   outer loop
     vertex  6.171079e-02 -5.082341e-01  6.277137e-01
     vertex -6.026834e-02 -4.963544e-01  7.364505e-01
     vertex -6.171079e-02 -5.082341e-01  6.277137e-01
   endloop
 endfacet
 facet normal -3.356828e-01 -6.395901e-01  6.915502e-01
   outer loop
     vertex -2.412136e-01 -6.360279e-01  3.520700e-01
     vertex -2.142851e-01 -5.650234e-01  4.308108e-01
     vertex -3.432773e-01 -4.973230e-01  4.308108e-01
   endloop
 endfacet
 facet normal -3.356828e-01 -6.395901e-01  6.915502e-01
   outer loop
     vertex -2.412136e-01 -6.360279e-01  3.520700e-01
     vertex -3.432773e-01 -4.973230e-01  4.308108e-01
     vertex -3.864158e-01 -5.598199e-01  3.520700e-01
   endloop
 endfacet
 facet normal -2.046684e-01 -8.303722e-01  5.182595e-01
   outer loop
     vertex -7.283942e-02 -5.998866e-01  4.308108e-01
     vertex -1.940734e-01 -5.117295e-01  5.241819e-01
     vertex -2.142851e-01 -5.650234e-01  4.308108e-01
   endloop
 endfacet
 facet normal -2.046684e-01 -8.303722e-01  5.182595e-01
   outer loop
     vertex -7.283942e-02 -5.998866e-01  4.308108e-01
     vertex -6.596910e-02 -5.433044e-01  5.241819e-01
     vertex -1.940734e-01 -5.117295e-01  5.241819e-01
   endloop
 endfacet
 facet normal -2.390966e-15 -9.471361e-01  3.208322e-01
   outer loop
     vertex  6.596910e-02 -5.433044e-01  5.241819e-01
     vertex -6.171079e-02 -5.082341e-01  6.277137e-01
     vertex -6.596910e-02 -5.433044e-01  5.241819e-01
   endloop
 endfacet
 facet normal -2.539479e-15 -9.471361e-01  3.208322e-01
   outer loop
     vertex  6.596910e-02 -5.433044e-01  5.241819e-01
     vertex  6.171079e-02 -5.082341e-01  6.277137e-01
     vertex -6.171079e-02 -5.082341e-01  6.277137e-01
   endloop
 endfacet
 facet normal -1.669689e-01 -3.181327e-01  9.332272e-01
   outer loop
     vertex -2.735698e-01 -7.213443e-01  2.917286e-01
     vertex -4.962969e-01 -7.190102e-01  2.526749e-01
     vertex -3.098050e-01 -8.168887e-01  2.526749e-01
   endloop
 endfacet
 facet normal -1.669689e-01 -3.181327e-01  9.332272e-01
   outer loop
     vertex -2.735698e-01 -7.213443e-01  2.917286e-01
     vertex -4.382494e-01 -6.349138e-01  2.917286e-01
     vertex -4.962969e-01 -7.190102e-01  2.526749e-01
   endloop
 endfacet
 facet normal -2.576471e-01 -4.909055e-01  8.322438e-01
   outer loop
     vertex -2.735698e-01 -7.213443e-01  2.917286e-01
     vertex -3.864158e-01 -5.598199e-01  3.520700e-01
     vertex -4.382494e-01 -6.349138e-01  2.917286e-01
   endloop
 endfacet
 facet normal -2.576471e-01 -4.909055e-01  8.322438e-01
   outer loop
     vertex -2.735698e-01 -7.213443e-01  2.917286e-01
     vertex -2.412136e-01 -6.360279e-01  3.520700e-01
     vertex -3.864158e-01 -5.598199e-01  3.520700e-01
   endloop
 endfacet
 facet normal  2.379001e-01 -9.651987e-01  1.086052e-01
   outer loop
     vertex  1.815460e-01 -4.786974e-01  6.277137e-01
     vertex  1.773024e-01 -4.675081e-01  7.364505e-01
     vertex  6.026834e-02 -4.963544e-01  7.364505e-01
   endloop
 endfacet
 facet normal  2.379001e-01 -9.651987e-01  1.086052e-01
   outer loop
     vertex  1.815460e-01 -4.786974e-01  6.277137e-01
     vertex  6.026834e-02 -4.963544e-01  7.364505e-01
     vertex  6.171079e-02 -5.082341e-01  6.277137e-01
   endloop
 endfacet
 facet normal -1.326790e-01 -5.382997e-01  8.322438e-01
   outer loop
     vertex -8.199290e-02 -6.752723e-01  3.520700e-01
     vertex -2.412136e-01 -6.360279e-01  3.520700e-01
     vertex -2.735698e-01 -7.213443e-01  2.917286e-01
   endloop
 endfacet
 facet normal -1.728645e-01 -7.013389e-01  6.915502e-01
   outer loop
     vertex -8.199290e-02 -6.752723e-01  3.520700e-01
     vertex -7.283942e-02 -5.998866e-01  4.308108e-01
     vertex -2.142851e-01 -5.650234e-01  4.308108e-01
   endloop
 endfacet
 facet normal -1.728645e-01 -7.013389e-01  6.915502e-01
   outer loop
     vertex -8.199290e-02 -6.752723e-01  3.520700e-01
     vertex -2.142851e-01 -5.650234e-01  4.308108e-01
     vertex -2.412136e-01 -6.360279e-01  3.520700e-01
   endloop
 endfacet
 facet normal -3.258842e-15 -8.552234e-01  5.182595e-01
   outer loop
     vertex  7.283942e-02 -5.998866e-01  4.308108e-01
     vertex -6.596910e-02 -5.433044e-01  5.241819e-01
     vertex -7.283942e-02 -5.998866e-01  4.308108e-01
   endloop
 endfacet
 facet normal -2.107488e-15 -8.552234e-01  5.182595e-01
   outer loop
     vertex  7.283942e-02 -5.998866e-01  4.308108e-01
     vertex  6.596910e-02 -5.433044e-01  5.241819e-01
     vertex -6.596910e-02 -5.433044e-01  5.241819e-01
   endloop
 endfacet
 facet normal  2.266645e-01 -9.196140e-01  3.208322e-01
   outer loop
     vertex  1.940734e-01 -5.117295e-01  5.241819e-01
     vertex  1.815460e-01 -4.786974e-01  6.277137e-01
     vertex  6.171079e-02 -5.082341e-01  6.277137e-01
   endloop
 endfacet
 facet normal  2.266645e-01 -9.196140e-01  3.208322e-01
   outer loop
     vertex  1.940734e-01 -5.117295e-01  5.241819e-01
     vertex  6.171079e-02 -5.082341e-01  6.277137e-01
     vertex  6.596910e-02 -5.433044e-01  5.241819e-01
   endloop
 endfacet
 facet normal -8.598296e-02 -3.488466e-01  9.332272e-01
   outer loop
     vertex -9.299138e-02 -7.658529e-01  2.917286e-01
     vertex -3.098050e-01 -8.168887e-01  2.526749e-01
     vertex -1.053084e-01 -8.672926e-01  2.526749e-01
   endloop
 endfacet
 facet normal -1.326790e-01 -5.382997e-01  8.322438e-01
   outer loop
     vertex -9.299138e-02 -7.658529e-01  2.917286e-01
     vertex -8.199290e-02 -6.752723e-01  3.520700e-01
     vertex -2.735698e-01 -7.213443e-01  2.917286e-01
   endloop
 endfacet
 facet normal -8.598296e-02 -3.488466e-01  9.332272e-01
   outer loop
     vertex -9.299138e-02 -7.658529e-01  2.917286e-01
     vertex -2.735698e-01 -7.213443e-01  2.917286e-01
     vertex -3.098050e-01 -8.168887e-01  2.526749e-01
   endloop
 endfacet
 facet normal  4.619743e-01 -8.802185e-01  1.086052e-01
   outer loop
     vertex  2.908303e-01 -4.213405e-01  6.277137e-01
     vertex  1.773024e-01 -4.675081e-01  7.364505e-01
     vertex  1.815460e-01 -4.786974e-01  6.277137e-01
   endloop
 endfacet
 facet normal  4.401561e-01 -8.386473e-01  3.208322e-01
   outer loop
     vertex  2.908303e-01 -4.213405e-01  6.277137e-01
     vertex  1.815460e-01 -4.786974e-01  6.277137e-01
     vertex  1.940734e-01 -5.117295e-01  5.241819e-01
   endloop
 endfacet
 facet normal  4.619743e-01 -8.802185e-01  1.086052e-01
   outer loop
     vertex  2.908303e-01 -4.213405e-01  6.277137e-01
     vertex  2.840324e-01 -4.114919e-01  7.364505e-01
     vertex  1.773024e-01 -4.675081e-01  7.364505e-01
   endloop
 endfacet
 facet normal -2.730918e-15 -7.223284e-01  6.915502e-01
   outer loop
     vertex  8.199290e-02 -6.752723e-01  3.520700e-01
     vertex  7.283942e-02 -5.998866e-01  4.308108e-01
     vertex -7.283942e-02 -5.998866e-01  4.308108e-01
   endloop
 endfacet
 facet normal -2.445168e-15 -7.223284e-01  6.915502e-01
   outer loop
     vertex  8.199290e-02 -6.752723e-01  3.520700e-01
     vertex -7.283942e-02 -5.998866e-01  4.308108e-01
     vertex -8.199290e-02 -6.752723e-01  3.520700e-01
   endloop
 endfacet
 facet normal  2.046684e-01 -8.303722e-01  5.182595e-01
   outer loop
     vertex  2.142851e-01 -5.650234e-01  4.308108e-01
     vertex  1.940734e-01 -5.117295e-01  5.241819e-01
     vertex  6.596910e-02 -5.433044e-01  5.241819e-01
   endloop
 endfacet
 facet normal  2.046684e-01 -8.303722e-01  5.182595e-01
   outer loop
     vertex  2.142851e-01 -5.650234e-01  4.308108e-01
     vertex  6.596910e-02 -5.433044e-01  5.241819e-01
     vertex  7.283942e-02 -5.998866e-01  4.308108e-01
   endloop
 endfacet
 facet normal  3.974421e-01 -7.572627e-01  5.182595e-01
   outer loop
     vertex  3.108989e-01 -4.504148e-01  5.241819e-01
     vertex  1.940734e-01 -5.117295e-01  5.241819e-01
     vertex  2.142851e-01 -5.650234e-01  4.308108e-01
   endloop
 endfacet
 facet normal  4.401561e-01 -8.386473e-01  3.208322e-01
   outer loop
     vertex  3.108989e-01 -4.504148e-01  5.241819e-01
     vertex  2.908303e-01 -4.213405e-01  6.277137e-01
     vertex  1.940734e-01 -5.117295e-01  5.241819e-01
   endloop
 endfacet
 facet normal -1.654773e-15 -5.544098e-01  8.322438e-01
   outer loop
     vertex  9.299138e-02 -7.658529e-01  2.917286e-01
     vertex -8.199290e-02 -6.752723e-01  3.520700e-01
     vertex -9.299138e-02 -7.658529e-01  2.917286e-01
   endloop
 endfacet
 facet normal -1.846685e-15 -5.544098e-01  8.322438e-01
   outer loop
     vertex  9.299138e-02 -7.658529e-01  2.917286e-01
     vertex  8.199290e-02 -6.752723e-01  3.520700e-01
     vertex -8.199290e-02 -6.752723e-01  3.520700e-01
   endloop
 endfacet
 facet normal -1.136601e-15 -3.592868e-01  9.332272e-01
   outer loop
     vertex  9.299138e-02 -7.658529e-01  2.917286e-01
     vertex -1.053084e-01 -8.672926e-01  2.526749e-01
     vertex  1.053084e-01 -8.672926e-01  2.526749e-01
   endloop
 endfacet
 facet normal  8.598296e-02 -3.488466e-01  9.332272e-01
   outer loop
     vertex  9.299138e-02 -7.658529e-01  2.917286e-01
     vertex  1.053084e-01 -8.672926e-01  2.526749e-01
     vertex  3.098050e-01 -8.168887e-01  2.526749e-01
   endloop
 endfacet
 facet normal -1.072380e-15 -3.592868e-01  9.332272e-01
   outer loop
     vertex  9.299138e-02 -7.658529e-01  2.917286e-01
     vertex -9.299138e-02 -7.658529e-01  2.917286e-01
     vertex -1.053084e-01 -8.672926e-01  2.526749e-01
   endloop
 endfacet
 facet normal  6.592003e-01 -7.440833e-01  1.086052e-01
   outer loop
     vertex  3.832127e-01 -3.394969e-01  6.277137e-01
     vertex  3.742554e-01 -3.315613e-01  7.364505e-01
     vertex  2.840324e-01 -4.114919e-01  7.364505e-01
   endloop
 endfacet
 facet normal  6.592003e-01 -7.440833e-01  1.086052e-01
   outer loop
     vertex  3.832127e-01 -3.394969e-01  6.277137e-01
     vertex  2.840324e-01 -4.114919e-01  7.364505e-01
     vertex  2.908303e-01 -4.213405e-01  6.277137e-01
   endloop
 endfacet
 facet normal  1.728645e-01 -7.013389e-01  6.915502e-01
   outer loop
     vertex  2.412136e-01 -6.360279e-01  3.520700e-01
     vertex  7.283942e-02 -5.998866e-01  4.308108e-01
     vertex  8.199290e-02 -6.752723e-01  3.520700e-01
   endloop
 endfacet
 facet normal  1.728645e-01 -7.013389e-01  6.915502e-01
   outer loop
     vertex  2.412136e-01 -6.360279e-01  3.520700e-01
     vertex  2.142851e-01 -5.650234e-01  4.308108e-01
     vertex  7.283942e-02 -5.998866e-01  4.308108e-01
   endloop
 endfacet
 facet normal  3.974421e-01 -7.572627e-01  5.182595e-01
   outer loop
     vertex  3.432773e-01 -4.973230e-01  4.308108e-01
     vertex  3.108989e-01 -4.504148e-01  5.241819e-01
     vertex  2.142851e-01 -5.650234e-01  4.308108e-01
   endloop
 endfacet
 facet normal  6.280674e-01 -7.089415e-01  3.208322e-01
   outer loop
     vertex  4.096560e-01 -3.629236e-01  5.241819e-01
     vertex  2.908303e-01 -4.213405e-01  6.277137e-01
     vertex  3.108989e-01 -4.504148e-01  5.241819e-01
   endloop
 endfacet
 facet normal  6.280674e-01 -7.089415e-01  3.208322e-01
   outer loop
     vertex  4.096560e-01 -3.629236e-01  5.241819e-01
     vertex  3.832127e-01 -3.394969e-01  6.277137e-01
     vertex  2.908303e-01 -4.213405e-01  6.277137e-01
   endloop
 endfacet
 facet normal  1.326790e-01 -5.382997e-01  8.322438e-01
   outer loop
     vertex  2.735698e-01 -7.213443e-01  2.917286e-01
     vertex  8.199290e-02 -6.752723e-01  3.520700e-01
     vertex  9.299138e-02 -7.658529e-01  2.917286e-01
   endloop
 endfacet
 facet normal  8.598296e-02 -3.488466e-01  9.332272e-01
   outer loop
     vertex  2.735698e-01 -7.213443e-01  2.917286e-01
     vertex  9.299138e-02 -7.658529e-01  2.917286e-01
     vertex  3.098050e-01 -8.168887e-01  2.526749e-01
   endloop
 endfacet
 facet normal  1.326790e-01 -5.382997e-01  8.322438e-01
   outer loop
     vertex  2.735698e-01 -7.213443e-01  2.917286e-01
     vertex  2.412136e-01 -6.360279e-01  3.520700e-01
     vertex  8.199290e-02 -6.752723e-01  3.520700e-01
   endloop
 endfacet
 facet normal  8.181159e-01 -5.647046e-01  1.086052e-01
   outer loop
     vertex  4.533242e-01 -2.379229e-01  6.277137e-01
     vertex  4.427280e-01 -2.323616e-01  7.364505e-01
     vertex  3.742554e-01 -3.315613e-01  7.364505e-01
   endloop
 endfacet
 facet normal  8.181159e-01 -5.647046e-01  1.086052e-01
   outer loop
     vertex  4.533242e-01 -2.379229e-01  6.277137e-01
     vertex  3.742554e-01 -3.315613e-01  7.364505e-01
     vertex  3.832127e-01 -3.394969e-01  6.277137e-01
   endloop
 endfacet
 facet normal  7.794777e-01 -5.380346e-01  3.208322e-01
   outer loop
     vertex  4.533242e-01 -2.379229e-01  6.277137e-01
     vertex  3.832127e-01 -3.394969e-01  6.277137e-01
     vertex  4.096560e-01 -3.629236e-01  5.241819e-01
   endloop
 endfacet
 facet normal  2.576471e-01 -4.909055e-01  8.322438e-01
   outer loop
     vertex  3.864158e-01 -5.598199e-01  3.520700e-01
     vertex  2.412136e-01 -6.360279e-01  3.520700e-01
     vertex  2.735698e-01 -7.213443e-01  2.917286e-01
   endloop
 endfacet
 facet normal  3.356828e-01 -6.395901e-01  6.915502e-01
   outer loop
     vertex  3.864158e-01 -5.598199e-01  3.520700e-01
     vertex  2.142851e-01 -5.650234e-01  4.308108e-01
     vertex  2.412136e-01 -6.360279e-01  3.520700e-01
   endloop
 endfacet
 facet normal  3.356828e-01 -6.395901e-01  6.915502e-01
   outer loop
     vertex  3.864158e-01 -5.598199e-01  3.520700e-01
     vertex  3.432773e-01 -4.973230e-01  4.308108e-01
     vertex  2.142851e-01 -5.650234e-01  4.308108e-01
   endloop
 endfacet
 facet normal  5.671180e-01 -6.401439e-01  5.182595e-01
   outer loop
     vertex  4.523195e-01 -4.007201e-01  4.308108e-01
     vertex  3.108989e-01 -4.504148e-01  5.241819e-01
     vertex  3.432773e-01 -4.973230e-01  4.308108e-01
   endloop
 endfacet
 facet normal  5.671180e-01 -6.401439e-01  5.182595e-01
   outer loop
     vertex  4.523195e-01 -4.007201e-01  4.308108e-01
     vertex  4.096560e-01 -3.629236e-01  5.241819e-01
     vertex  3.108989e-01 -4.504148e-01  5.241819e-01
   endloop
 endfacet
 facet normal  7.794777e-01 -5.380346e-01  3.208322e-01
   outer loop
     vertex  4.846055e-01 -2.543406e-01  5.241819e-01
     vertex  4.533242e-01 -2.379229e-01  6.277137e-01
     vertex  4.096560e-01 -3.629236e-01  5.241819e-01
   endloop
 endfacet
 facet normal  2.576471e-01 -4.909055e-01  8.322438e-01
   outer loop
     vertex  4.382494e-01 -6.349138e-01  2.917286e-01
     vertex  3.864158e-01 -5.598199e-01  3.520700e-01
     vertex  2.735698e-01 -7.213443e-01  2.917286e-01
   endloop
 endfacet
 facet normal  1.669689e-01 -3.181327e-01  9.332272e-01
   outer loop
     vertex  4.382494e-01 -6.349138e-01  2.917286e-01
     vertex  2.735698e-01 -7.213443e-01  2.917286e-01
     vertex  3.098050e-01 -8.168887e-01  2.526749e-01
   endloop
 endfacet
 facet normal  1.669689e-01 -3.181327e-01  9.332272e-01
   outer loop
     vertex  4.382494e-01 -6.349138e-01  2.917286e-01
     vertex  3.098050e-01 -8.168887e-01  2.526749e-01
     vertex  4.962969e-01 -7.190102e-01  2.526749e-01
   endloop
 endfacet
 facet normal  9.294856e-01 -3.525074e-01  1.086052e-01
   outer loop
     vertex  4.970901e-01 -1.225217e-01  6.277137e-01
     vertex  4.854709e-01 -1.196578e-01  7.364505e-01
     vertex  4.427280e-01 -2.323616e-01  7.364505e-01
   endloop
 endfacet
 facet normal  9.868370e-01 -1.198237e-01  1.086052e-01
   outer loop
     vertex  4.970901e-01 -1.225217e-01  6.277137e-01
     vertex  5.000000e-01 -1.224647e-16  7.364505e-01
     vertex  4.854709e-01 -1.196578e-01  7.364505e-01
   endloop
 endfacet
 facet normal  9.868370e-01 -1.198237e-01  1.086052e-01
   outer loop
     vertex  4.970901e-01 -1.225217e-01  6.277137e-01
     vertex  5.119669e-01 -1.253957e-16  6.277137e-01
     vertex  5.000000e-01 -1.224647e-16  7.364505e-01
   endloop
 endfacet
 facet normal  9.294856e-01 -3.525074e-01  1.086052e-01
   outer loop
     vertex  4.970901e-01 -1.225217e-01  6.277137e-01
     vertex  4.427280e-01 -2.323616e-01  7.364505e-01
     vertex  4.533242e-01 -2.379229e-01  6.277137e-01
   endloop
 endfacet
 facet normal  4.789923e-01 -5.406706e-01  6.915502e-01
   outer loop
     vertex  5.091609e-01 -4.510772e-01  3.520700e-01
     vertex  4.523195e-01 -4.007201e-01  4.308108e-01
     vertex  3.432773e-01 -4.973230e-01  4.308108e-01
   endloop
 endfacet
 facet normal  4.789923e-01 -5.406706e-01  6.915502e-01
   outer loop
     vertex  5.091609e-01 -4.510772e-01  3.520700e-01
     vertex  3.432773e-01 -4.973230e-01  4.308108e-01
     vertex  3.864158e-01 -5.598199e-01  3.520700e-01
   endloop
 endfacet
 facet normal  7.038351e-01 -4.858223e-01  5.182595e-01
   outer loop
     vertex  5.350745e-01 -2.808288e-01  4.308108e-01
     vertex  4.096560e-01 -3.629236e-01  5.241819e-01
     vertex  4.523195e-01 -4.007201e-01  4.308108e-01
   endloop
 endfacet
 facet normal  7.038351e-01 -4.858223e-01  5.182595e-01
   outer loop
     vertex  5.350745e-01 -2.808288e-01  4.308108e-01
     vertex  4.846055e-01 -2.543406e-01  5.241819e-01
     vertex  4.096560e-01 -3.629236e-01  5.241819e-01
   endloop
 endfacet
 facet normal  9.402304e-01 -1.141646e-01  3.208322e-01
   outer loop
     vertex  5.313914e-01 -1.309762e-01  5.241819e-01
     vertex  5.472948e-01 -1.340486e-16  5.241819e-01
     vertex  5.119669e-01 -1.253957e-16  6.277137e-01
   endloop
 endfacet
 facet normal  8.855876e-01 -3.358591e-01  3.208322e-01
   outer loop
     vertex  5.313914e-01 -1.309762e-01  5.241819e-01
     vertex  4.970901e-01 -1.225217e-01  6.277137e-01
     vertex  4.533242e-01 -2.379229e-01  6.277137e-01
   endloop
 endfacet
 facet normal  9.402304e-01 -1.141646e-01  3.208322e-01
   outer loop
     vertex  5.313914e-01 -1.309762e-01  5.241819e-01
     vertex  5.119669e-01 -1.253957e-16  6.277137e-01
     vertex  4.970901e-01 -1.225217e-01  6.277137e-01
   endloop
 endfacet
 facet normal  8.855876e-01 -3.358591e-01  3.208322e-01
   outer loop
     vertex  5.313914e-01 -1.309762e-01  5.241819e-01
     vertex  4.533242e-01 -2.379229e-01  6.277137e-01
     vertex  4.846055e-01 -2.543406e-01  5.241819e-01
   endloop
 endfacet
 facet normal  3.676417e-01 -4.149817e-01  8.322438e-01
   outer loop
     vertex  5.774595e-01 -5.115844e-01  2.917286e-01
     vertex  3.864158e-01 -5.598199e-01  3.520700e-01
     vertex  4.382494e-01 -6.349138e-01  2.917286e-01
   endloop
 endfacet
 facet normal  3.676417e-01 -4.149817e-01  8.322438e-01
   outer loop
     vertex  5.774595e-01 -5.115844e-01  2.917286e-01
     vertex  5.091609e-01 -4.510772e-01  3.520700e-01
     vertex  3.864158e-01 -5.598199e-01  3.520700e-01
   endloop
 endfacet
 facet normal  2.382512e-01 -2.689300e-01  9.332272e-01
   outer loop
     vertex  5.774595e-01 -5.115844e-01  2.917286e-01
     vertex  4.962969e-01 -7.190102e-01  2.526749e-01
     vertex  6.539458e-01 -5.793454e-01  2.526749e-01
   endloop
 endfacet
 facet normal  2.956872e-01 -2.040982e-01  9.332272e-01
   outer loop
     vertex  5.774595e-01 -5.115844e-01  2.917286e-01
     vertex  6.539458e-01 -5.793454e-01  2.526749e-01
     vertex  7.735898e-01 -4.060112e-01  2.526749e-01
   endloop
 endfacet
 facet normal  2.382512e-01 -2.689300e-01  9.332272e-01
   outer loop
     vertex  5.774595e-01 -5.115844e-01  2.917286e-01
     vertex  4.382494e-01 -6.349138e-01  2.917286e-01
     vertex  4.962969e-01 -7.190102e-01  2.526749e-01
   endloop
 endfacet
 facet normal  5.944646e-01 -4.103293e-01  6.915502e-01
   outer loop
     vertex  6.023155e-01 -3.161195e-01  3.520700e-01
     vertex  4.523195e-01 -4.007201e-01  4.308108e-01
     vertex  5.091609e-01 -4.510772e-01  3.520700e-01
   endloop
 endfacet
 facet normal  5.944646e-01 -4.103293e-01  6.915502e-01
   outer loop
     vertex  6.023155e-01 -3.161195e-01  3.520700e-01
     vertex  5.350745e-01 -2.808288e-01  4.308108e-01
     vertex  4.523195e-01 -4.007201e-01  4.308108e-01
   endloop
 endfacet
 facet normal  4.562704e-01 -3.149407e-01  8.322438e-01
   outer loop
     vertex  6.023155e-01 -3.161195e-01  3.520700e-01
     vertex  5.091609e-01 -4.510772e-01  3.520700e-01
     vertex  5.774595e-01 -5.115844e-01  2.917286e-01
   endloop
 endfacet
 facet normal  7.996478e-01 -3.032664e-01  5.182595e-01
   outer loop
     vertex  5.867329e-01 -1.446167e-01  4.308108e-01
     vertex  4.846055e-01 -2.543406e-01  5.241819e-01
     vertex  5.350745e-01 -2.808288e-01  4.308108e-01
   endloop
 endfacet
 facet normal  8.489879e-01 -1.030858e-01  5.182595e-01
   outer loop
     vertex  5.867329e-01 -1.446167e-01  4.308108e-01
     vertex  6.042926e-01 -1.480090e-16  4.308108e-01
     vertex  5.472948e-01 -1.340486e-16  5.241819e-01
   endloop
 endfacet
 facet normal  7.996478e-01 -3.032664e-01  5.182595e-01
   outer loop
     vertex  5.867329e-01 -1.446167e-01  4.308108e-01
     vertex  5.313914e-01 -1.309762e-01  5.241819e-01
     vertex  4.846055e-01 -2.543406e-01  5.241819e-01
   endloop
 endfacet
 facet normal  8.489879e-01 -1.030858e-01  5.182595e-01
   outer loop
     vertex  5.867329e-01 -1.446167e-01  4.308108e-01
     vertex  5.472948e-01 -1.340486e-16  5.241819e-01
     vertex  5.313914e-01 -1.309762e-01  5.241819e-01
   endloop
 endfacet
 facet normal  2.956872e-01 -2.040982e-01  9.332272e-01
   outer loop
     vertex  6.831097e-01 -3.585236e-01  2.917286e-01
     vertex  5.774595e-01 -5.115844e-01  2.917286e-01
     vertex  7.735898e-01 -4.060112e-01  2.526749e-01
   endloop
 endfacet
 facet normal  4.562704e-01 -3.149407e-01  8.322438e-01
   outer loop
     vertex  6.831097e-01 -3.585236e-01  2.917286e-01
     vertex  6.023155e-01 -3.161195e-01  3.520700e-01
     vertex  5.774595e-01 -5.115844e-01  2.917286e-01
   endloop
 endfacet
 facet normal  7.170618e-01 -8.706707e-02  6.915502e-01
   outer loop
     vertex  6.604656e-01 -1.627902e-01  3.520700e-01
     vertex  6.042926e-01 -1.480090e-16  4.308108e-01
     vertex  5.867329e-01 -1.446167e-01  4.308108e-01
   endloop
 endfacet
 facet normal  7.170618e-01 -8.706707e-02  6.915502e-01
   outer loop
     vertex  6.604656e-01 -1.627902e-01  3.520700e-01
     vertex  6.802319e-01 -1.666088e-16  3.520700e-01
     vertex  6.042926e-01 -1.480090e-16  4.308108e-01
   endloop
 endfacet
 facet normal  6.753888e-01 -2.561412e-01  6.915502e-01
   outer loop
     vertex  6.604656e-01 -1.627902e-01  3.520700e-01
     vertex  5.350745e-01 -2.808288e-01  4.308108e-01
     vertex  6.023155e-01 -3.161195e-01  3.520700e-01
   endloop
 endfacet
 facet normal  6.753888e-01 -2.561412e-01  6.915502e-01
   outer loop
     vertex  6.604656e-01 -1.627902e-01  3.520700e-01
     vertex  5.867329e-01 -1.446167e-01  4.308108e-01
     vertex  5.350745e-01 -2.808288e-01  4.308108e-01
   endloop
 endfacet
 facet normal  5.503676e-01 -6.682672e-02  8.322438e-01
   outer loop
     vertex  7.490601e-01 -1.846267e-01  2.917286e-01
     vertex  7.714778e-01 -1.889576e-16  2.917286e-01
     vertex  6.802319e-01 -1.666088e-16  3.520700e-01
   endloop
 endfacet
 facet normal  3.359390e-01 -1.274049e-01  9.332272e-01
   outer loop
     vertex  7.490601e-01 -1.846267e-01  2.917286e-01
     vertex  6.831097e-01 -3.585236e-01  2.917286e-01
     vertex  7.735898e-01 -4.060112e-01  2.526749e-01
   endloop
 endfacet
 facet normal  3.359390e-01 -1.274049e-01  9.332272e-01
   outer loop
     vertex  7.490601e-01 -1.846267e-01  2.917286e-01
     vertex  7.735898e-01 -4.060112e-01  2.526749e-01
     vertex  8.482755e-01 -2.090811e-01  2.526749e-01
   endloop
 endfacet
 facet normal  5.503676e-01 -6.682672e-02  8.322438e-01
   outer loop
     vertex  7.490601e-01 -1.846267e-01  2.917286e-01
     vertex  6.802319e-01 -1.666088e-16  3.520700e-01
     vertex  6.604656e-01 -1.627902e-01  3.520700e-01
   endloop
 endfacet
 facet normal  5.183822e-01 -1.965964e-01  8.322438e-01
   outer loop
     vertex  7.490601e-01 -1.846267e-01  2.917286e-01
     vertex  6.023155e-01 -3.161195e-01  3.520700e-01
     vertex  6.831097e-01 -3.585236e-01  2.917286e-01
   endloop
 endfacet
 facet normal  5.183822e-01 -1.965964e-01  8.322438e-01
   outer loop
     vertex  7.490601e-01 -1.846267e-01  2.917286e-01
     vertex  6.604656e-01 -1.627902e-01  3.520700e-01
     vertex  6.023155e-01 -3.161195e-01  3.520700e-01
   endloop
 endfacet
 facet normal  3.566672e-01 -4.330724e-02  9.332272e-01
   outer loop
     vertex  7.490601e-01 -1.846267e-01  2.917286e-01
     vertex  8.482755e-01 -2.090811e-01  2.526749e-01
     vertex  7.714778e-01 -1.889576e-16  2.917286e-01
   endloop
 endfacet
 facet normal  8.891987e-01  1.079683e-01  4.445993e-01
   outer loop
     vertex  8.482755e-01  2.090811e-01  2.526749e-01
     vertex  8.736626e-01 -2.139856e-16  2.526749e-01
     vertex  1.000000e+00 -2.449294e-16  0.000000e+00
   endloop
 endfacet
 facet normal  8.891987e-01  1.079683e-01  4.445993e-01
   outer loop
     vertex  8.482755e-01  2.090811e-01  2.526749e-01
     vertex  1.000000e+00 -2.449294e-16  0.000000e+00
     vertex  9.709418e-01  2.393157e-01  0.000000e+00
   endloop
 endfacet
 facet normal  8.375217e-01  3.176301e-01  4.445993e-01
   outer loop
     vertex  7.735898e-01  4.060112e-01  2.526749e-01
     vertex  9.709418e-01  2.393157e-01  0.000000e+00
     vertex  8.854560e-01  4.647232e-01  0.000000e+00
   endloop
 endfacet
 facet normal  8.375217e-01  3.176301e-01  4.445993e-01
   outer loop
     vertex  7.735898e-01  4.060112e-01  2.526749e-01
     vertex  8.482755e-01  2.090811e-01  2.526749e-01
     vertex  9.709418e-01  2.393157e-01  0.000000e+00
   endloop
 endfacet
 facet normal  7.371710e-01  5.088324e-01  4.445993e-01
   outer loop
     vertex  6.539458e-01  5.793454e-01  2.526749e-01
     vertex  8.854560e-01  4.647232e-01  0.000000e+00
     vertex  7.485107e-01  6.631227e-01  0.000000e+00
   endloop
 endfacet
 facet normal  7.371710e-01  5.088324e-01  4.445993e-01
   outer loop
     vertex  6.539458e-01  5.793454e-01  2.526749e-01
     vertex  7.735898e-01  4.060112e-01  2.526749e-01
     vertex  8.854560e-01  4.647232e-01  0.000000e+00
   endloop
 endfacet
 facet normal  5.939786e-01  6.704632e-01  4.445993e-01
   outer loop
     vertex  4.962969e-01  7.190102e-01  2.526749e-01
     vertex  7.485107e-01  6.631227e-01  0.000000e+00
     vertex  5.680647e-01  8.229839e-01  0.000000e+00
   endloop
 endfacet
 facet normal  5.939786e-01  6.704632e-01  4.445993e-01
   outer loop
     vertex  4.962969e-01  7.190102e-01  2.526749e-01
     vertex  6.539458e-01  5.793454e-01  2.526749e-01
     vertex  7.485107e-01  6.631227e-01  0.000000e+00
   endloop
 endfacet
 facet normal  4.162663e-01  7.931291e-01  4.445993e-01
   outer loop
     vertex  3.098050e-01  8.168887e-01  2.526749e-01
     vertex  5.680647e-01  8.229839e-01  0.000000e+00
     vertex  3.546049e-01  9.350162e-01  0.000000e+00
   endloop
 endfacet
 facet normal  4.162663e-01  7.931291e-01  4.445993e-01
   outer loop
     vertex  3.098050e-01  8.168887e-01  2.526749e-01
     vertex  4.962969e-01  7.190102e-01  2.526749e-01
     vertex  5.680647e-01  8.229839e-01  0.000000e+00
   endloop
 endfacet
 facet normal  2.143621e-01  8.697013e-01  4.445993e-01
   outer loop
     vertex  1.053084e-01  8.672926e-01  2.526749e-01
     vertex  3.546049e-01  9.350162e-01  0.000000e+00
     vertex  1.205367e-01  9.927089e-01  0.000000e+00
   endloop
 endfacet
 facet normal  2.143621e-01  8.697013e-01  4.445993e-01
   outer loop
     vertex  1.053084e-01  8.672926e-01  2.526749e-01
     vertex  3.098050e-01  8.168887e-01  2.526749e-01
     vertex  3.546049e-01  9.350162e-01  0.000000e+00
   endloop
 endfacet
 facet normal  0.000000e+00  8.957296e-01  4.445993e-01
   outer loop
     vertex -1.053084e-01  8.672926e-01  2.526749e-01
     vertex  1.205367e-01  9.927089e-01  0.000000e+00
     vertex -1.205367e-01  9.927089e-01  0.000000e+00
   endloop
 endfacet
 facet normal  9.443309e-16  8.957296e-01  4.445993e-01
   outer loop
     vertex -1.053084e-01  8.672926e-01  2.526749e-01
     vertex  1.053084e-01  8.672926e-01  2.526749e-01
     vertex  1.205367e-01  9.927089e-01  0.000000e+00
   endloop
 endfacet
 facet normal -2.143621e-01  8.697013e-01  4.445993e-01
   outer loop
     vertex -3.098050e-01  8.168887e-01  2.526749e-01
     vertex -1.205367e-01  9.927089e-01  0.000000e+00
     vertex -3.546049e-01  9.350162e-01  0.000000e+00
   endloop
 endfacet
 facet normal -2.143621e-01  8.697013e-01  4.445993e-01
   outer loop
     vertex -3.098050e-01  8.168887e-01  2.526749e-01
     vertex -1.053084e-01  8.672926e-01  2.526749e-01
     vertex -1.205367e-01  9.927089e-01  0.000000e+00
   endloop
 endfacet
 facet normal -4.162663e-01  7.931291e-01  4.445993e-01
   outer loop
     vertex -4.962969e-01  7.190102e-01  2.526749e-01
     vertex -3.546049e-01  9.350162e-01  0.000000e+00
     vertex -5.680647e-01  8.229839e-01  0.000000e+00
   endloop
 endfacet
 facet normal -4.162663e-01  7.931291e-01  4.445993e-01
   outer loop
     vertex -4.962969e-01  7.190102e-01  2.526749e-01
     vertex -3.098050e-01  8.168887e-01  2.526749e-01
     vertex -3.546049e-01  9.350162e-01  0.000000e+00
   endloop
 endfacet
 facet normal -5.939786e-01  6.704632e-01  4.445993e-01
   outer loop
     vertex -6.539458e-01  5.793454e-01  2.526749e-01
     vertex -5.680647e-01  8.229839e-01  0.000000e+00
     vertex -7.485107e-01  6.631227e-01  0.000000e+00
   endloop
 endfacet
 facet normal -5.939786e-01  6.704632e-01  4.445993e-01
   outer loop
     vertex -6.539458e-01  5.793454e-01  2.526749e-01
     vertex -4.962969e-01  7.190102e-01  2.526749e-01
     vertex -5.680647e-01  8.229839e-01  0.000000e+00
   endloop
 endfacet
 facet normal -7.371710e-01  5.088324e-01  4.445993e-01
   outer loop
     vertex -7.735898e-01  4.060112e-01  2.526749e-01
     vertex -6.539458e-01  5.793454e-01  2.526749e-01
     vertex -7.485107e-01  6.631227e-01  0.000000e+00
   endloop
 endfacet
 facet normal -7.371710e-01  5.088324e-01  4.445993e-01
   outer loop
     vertex -7.735898e-01  4.060112e-01  2.526749e-01
     vertex -7.485107e-01  6.631227e-01  0.000000e+00
     vertex -8.854560e-01  4.647232e-01  0.000000e+00
   endloop
 endfacet
 facet normal -8.375217e-01  3.176301e-01  4.445993e-01
   outer loop
     vertex -8.482755e-01  2.090811e-01  2.526749e-01
     vertex -7.735898e-01  4.060112e-01  2.526749e-01
     vertex -8.854560e-01  4.647232e-01  0.000000e+00
   endloop
 endfacet
 facet normal -8.375217e-01  3.176301e-01  4.445993e-01
   outer loop
     vertex -8.482755e-01  2.090811e-01  2.526749e-01
     vertex -8.854560e-01  4.647232e-01  0.000000e+00
     vertex -9.709418e-01  2.393157e-01  0.000000e+00
   endloop
 endfacet
 facet normal -8.891987e-01  1.079683e-01  4.445993e-01
   outer loop
     vertex -8.736626e-01  1.712426e-15  2.526749e-01
     vertex -8.482755e-01  2.090811e-01  2.526749e-01
     vertex -9.709418e-01  2.393157e-01  0.000000e+00
   endloop
 endfacet
 facet normal -8.891987e-01  1.079683e-01  4.445993e-01
   outer loop
     vertex -8.736626e-01  1.712426e-15  2.526749e-01
     vertex -9.709418e-01  2.393157e-01  0.000000e+00
     vertex -1.000000e+00  1.010643e-15  0.000000e+00
   endloop
 endfacet
 facet normal -8.891987e-01 -1.079683e-01  4.445993e-01
   outer loop
     vertex -8.482755e-01 -2.090811e-01  2.526749e-01
     vertex -8.736626e-01  1.712426e-15  2.526749e-01
     vertex -1.000000e+00  1.010643e-15  0.000000e+00
   endloop
 endfacet
 facet normal -8.891987e-01 -1.079683e-01  4.445993e-01
   outer loop
     vertex -8.482755e-01 -2.090811e-01  2.526749e-01
     vertex -1.000000e+00  1.010643e-15  0.000000e+00
     vertex -9.709418e-01 -2.393157e-01  0.000000e+00
   endloop
 endfacet
 facet normal -8.375217e-01 -3.176301e-01  4.445993e-01
   outer loop
     vertex -7.735898e-01 -4.060112e-01  2.526749e-01
     vertex -8.482755e-01 -2.090811e-01  2.526749e-01
     vertex -9.709418e-01 -2.393157e-01  0.000000e+00
   endloop
 endfacet
 facet normal -8.375217e-01 -3.176301e-01  4.445993e-01
   outer loop
     vertex -7.735898e-01 -4.060112e-01  2.526749e-01
     vertex -9.709418e-01 -2.393157e-01  0.000000e+00
     vertex -8.854560e-01 -4.647232e-01  0.000000e+00
   endloop
 endfacet
 facet normal -7.371710e-01 -5.088324e-01  4.445993e-01
   outer loop
     vertex -7.735898e-01 -4.060112e-01  2.526749e-01
     vertex -8.854560e-01 -4.647232e-01  0.000000e+00
     vertex -7.485107e-01 -6.631227e-01  0.000000e+00
   endloop
 endfacet
 facet normal -7.371710e-01 -5.088324e-01  4.445993e-01
   outer loop
     vertex -6.539458e-01 -5.793454e-01  2.526749e-01
     vertex -7.735898e-01 -4.060112e-01  2.526749e-01
     vertex -7.485107e-01 -6.631227e-01  0.000000e+00
   endloop
 endfacet
 facet normal -5.939786e-01 -6.704632e-01  4.445993e-01
   outer loop
     vertex -6.539458e-01 -5.793454e-01  2.526749e-01
     vertex -7.485107e-01 -6.631227e-01  0.000000e+00
     vertex -5.680647e-01 -8.229839e-01  0.000000e+00
   endloop
 endfacet
 facet normal -5.939786e-01 -6.704632e-01  4.445993e-01
   outer loop
     vertex -4.962969e-01 -7.190102e-01  2.526749e-01
     vertex -6.539458e-01 -5.793454e-01  2.526749e-01
     vertex -5.680647e-01 -8.229839e-01  0.000000e+00
   endloop
 endfacet
 facet normal -4.162663e-01 -7.931291e-01  4.445993e-01
   outer loop
     vertex -3.098050e-01 -8.168887e-01  2.526749e-01
     vertex -4.962969e-01 -7.190102e-01  2.526749e-01
     vertex -5.680647e-01 -8.229839e-01  0.000000e+00
   endloop
 endfacet
 facet normal -4.162663e-01 -7.931291e-01  4.445993e-01
   outer loop
     vertex -3.098050e-01 -8.168887e-01  2.526749e-01
     vertex -5.680647e-01 -8.229839e-01  0.000000e+00
     vertex -3.546049e-01 -9.350162e-01  0.000000e+00
   endloop
 endfacet
 facet normal -2.143621e-01 -8.697013e-01  4.445993e-01
   outer loop
     vertex -1.053084e-01 -8.672926e-01  2.526749e-01
     vertex -3.098050e-01 -8.168887e-01  2.526749e-01
     vertex -3.546049e-01 -9.350162e-01  0.000000e+00
   endloop
 endfacet
 facet normal -2.143621e-01 -8.697013e-01  4.445993e-01
   outer loop
     vertex -1.053084e-01 -8.672926e-01  2.526749e-01
     vertex -3.546049e-01 -9.350162e-01  0.000000e+00
     vertex -1.205367e-01 -9.927089e-01  0.000000e+00
   endloop
 endfacet
 facet normal -2.832993e-15 -8.957296e-01  4.445993e-01
   outer loop
     vertex  1.053084e-01 -8.672926e-01  2.526749e-01
     vertex -1.053084e-01 -8.672926e-01  2.526749e-01
     vertex -1.205367e-01 -9.927089e-01  0.000000e+00
   endloop
 endfacet
 facet normal -2.040731e-15 -8.957296e-01  4.445993e-01
   outer loop
     vertex  1.053084e-01 -8.672926e-01  2.526749e-01
     vertex -1.205367e-01 -9.927089e-01  0.000000e+00
     vertex  1.205367e-01 -9.927089e-01  0.000000e+00
   endloop
 endfacet
 facet normal  2.143621e-01 -8.697013e-01  4.445993e-01
   outer loop
     vertex  3.098050e-01 -8.168887e-01  2.526749e-01
     vertex  1.053084e-01 -8.672926e-01  2.526749e-01
     vertex  1.205367e-01 -9.927089e-01  0.000000e+00
   endloop
 endfacet
 facet normal  2.143621e-01 -8.697013e-01  4.445993e-01
   outer loop
     vertex  3.098050e-01 -8.168887e-01  2.526749e-01
     vertex  1.205367e-01 -9.927089e-01  0.000000e+00
     vertex  3.546049e-01 -9.350162e-01  0.000000e+00
   endloop
 endfacet
 facet normal  4.162663e-01 -7.931291e-01  4.445993e-01
   outer loop
     vertex  4.962969e-01 -7.190102e-01  2.526749e-01
     vertex  3.098050e-01 -8.168887e-01  2.526749e-01
     vertex  3.546049e-01 -9.350162e-01  0.000000e+00
   endloop
 endfacet
 facet normal  4.162663e-01 -7.931291e-01  4.445993e-01
   outer loop
     vertex  4.962969e-01 -7.190102e-01  2.526749e-01
     vertex  3.546049e-01 -9.350162e-01  0.000000e+00
     vertex  5.680647e-01 -8.229839e-01  0.000000e+00
   endloop
 endfacet
 facet normal  5.939786e-01 -6.704632e-01  4.445993e-01
   outer loop
     vertex  6.539458e-01 -5.793454e-01  2.526749e-01
     vertex  4.962969e-01 -7.190102e-01  2.526749e-01
     vertex  5.680647e-01 -8.229839e-01  0.000000e+00
   endloop
 endfacet
 facet normal  5.939786e-01 -6.704632e-01  4.445993e-01
   outer loop
     vertex  6.539458e-01 -5.793454e-01  2.526749e-01
     vertex  5.680647e-01 -8.229839e-01  0.000000e+00
     vertex  7.485107e-01 -6.631227e-01  0.000000e+00
   endloop
 endfacet
 facet normal  7.371710e-01 -5.088324e-01  4.445993e-01
   outer loop
     vertex  6.539458e-01 -5.793454e-01  2.526749e-01
     vertex  7.485107e-01 -6.631227e-01  0.000000e+00
     vertex  8.854560e-01 -4.647232e-01  0.000000e+00
   endloop
 endfacet
 facet normal  7.371710e-01 -5.088324e-01  4.445993e-01
   outer loop
     vertex  7.735898e-01 -4.060112e-01  2.526749e-01
     vertex  6.539458e-01 -5.793454e-01  2.526749e-01
     vertex  8.854560e-01 -4.647232e-01  0.000000e+00
   endloop
 endfacet
 facet normal  8.375217e-01 -3.176301e-01  4.445993e-01
   outer loop
     vertex  8.482755e-01 -2.090811e-01  2.526749e-01
     vertex  8.854560e-01 -4.647232e-01  0.000000e+00
     vertex  9.709418e-01 -2.393157e-01  0.000000e+00
   endloop
 endfacet
 facet normal  8.891987e-01 -1.079683e-01  4.445993e-01
   outer loop
     vertex  8.482755e-01 -2.090811e-01  2.526749e-01
     vertex  9.709418e-01 -2.393157e-01  0.000000e+00
     vertex  1.000000e+00 -2.449294e-16  0.000000e+00
   endloop
 endfacet
 facet normal  8.375217e-01 -3.176301e-01  4.445993e-01
   outer loop
     vertex  8.482755e-01 -2.090811e-01  2.526749e-01
     vertex  7.735898e-01 -4.060112e-01  2.526749e-01
     vertex  8.854560e-01 -4.647232e-01  0.000000e+00
   endloop
 endfacet
 facet normal  8.891987e-01 -1.079683e-01  4.445993e-01
   outer loop
     vertex  8.736626e-01 -2.139856e-16  2.526749e-01
     vertex  8.482755e-01 -2.090811e-01  2.526749e-01
     vertex  1.000000e+00 -2.449294e-16  0.000000e+00
   endloop
 endfacet
 facet normal  0.000000e+00  0.000000e+00 -1.000000e+00
   outer loop
     vertex  7.485107e-01 -6.631227e-01  0.000000e+00
     vertex  3.546049e-01 -9.350162e-01  0.000000e+00
     vertex  1.205367e-01 -9.927089e-01  0.000000e+00
   endloop
 endfacet
 facet normal  0.000000e+00  0.000000e+00 -1.000000e+00
   outer loop
     vertex  7.485107e-01 -6.631227e-01  0.000000e+00
     vertex  5.680647e-01 -8.229839e-01  0.000000e+00
     vertex  3.546049e-01 -9.350162e-01  0.000000e+00
   endloop
 endfacet
 facet normal  0.000000e+00  0.000000e+00 -1.000000e+00
   outer loop
     vertex -3.546049e-01  9.350162e-01  0.000000e+00
     vertex -7.485107e-01  6.631227e-01  0.000000e+00
     vertex -5.680647e-01  8.229839e-01  0.000000e+00
   endloop
 endfacet
 facet normal  0.000000e+00  0.000000e+00 -1.000000e+00
   outer loop
     vertex  9.709418e-01 -2.393157e-01  0.000000e+00
     vertex  8.854560e-01 -4.647232e-01  0.000000e+00
     vertex  7.485107e-01 -6.631227e-01  0.000000e+00
   endloop
 endfacet
 facet normal  0.000000e+00  0.000000e+00 -1.000000e+00
   outer loop
     vertex  8.854560e-01  4.647232e-01  0.000000e+00
     vertex  9.709418e-01  2.393157e-01  0.000000e+00
     vertex  1.000000e+00 -2.449294e-16  0.000000e+00
   endloop
 endfacet
 facet normal  0.000000e+00  0.000000e+00 -1.000000e+00
   outer loop
     vertex  8.854560e-01  4.647232e-01  0.000000e+00
     vertex -7.485107e-01 -6.631227e-01  0.000000e+00
     vertex -8.854560e-01 -4.647232e-01  0.000000e+00
   endloop
 endfacet
 facet normal  0.000000e+00  0.000000e+00 -1.000000e+00
   outer loop
     vertex  8.854560e-01  4.647232e-01  0.000000e+00
     vertex -5.680647e-01 -8.229839e-01  0.000000e+00
     vertex -7.485107e-01 -6.631227e-01  0.000000e+00
   endloop
 endfacet
 facet normal  0.000000e+00  0.000000e+00 -1.000000e+00
   outer loop
     vertex  8.854560e-01  4.647232e-01  0.000000e+00
     vertex -3.546049e-01 -9.350162e-01  0.000000e+00
     vertex -5.680647e-01 -8.229839e-01  0.000000e+00
   endloop
 endfacet
 facet normal  0.000000e+00  0.000000e+00 -1.000000e+00
   outer loop
     vertex  8.854560e-01  4.647232e-01  0.000000e+00
     vertex -1.205367e-01 -9.927089e-01  0.000000e+00
     vertex -3.546049e-01 -9.350162e-01  0.000000e+00
   endloop
 endfacet
 facet normal  0.000000e+00  0.000000e+00 -1.000000e+00
   outer loop
     vertex  8.854560e-01  4.647232e-01  0.000000e+00
     vertex  1.205367e-01 -9.927089e-01  0.000000e+00
     vertex -1.205367e-01 -9.927089e-01  0.000000e+00
   endloop
 endfacet
 facet normal  0.000000e+00  0.000000e+00 -1.000000e+00
   outer loop
     vertex  8.854560e-01  4.647232e-01  0.000000e+00
     vertex  1.000000e+00 -2.449294e-16  0.000000e+00
     vertex  9.709418e-01 -2.393157e-01  0.000000e+00
   endloop
 endfacet
 facet normal  0.000000e+00  0.000000e+00 -1.000000e+00
   outer loop
     vertex  8.854560e-01  4.647232e-01  0.000000e+00
     vertex  7.485107e-01 -6.631227e-01  0.000000e+00
     vertex  1.205367e-01 -9.927089e-01  0.000000e+00
   endloop
 endfacet
 facet normal  0.000000e+00 -0.000000e+00 -1.000000e+00
   outer loop
     vertex  8.854560e-01  4.647232e-01  0.000000e+00
     vertex  9.709418e-01 -2.393157e-01  0.000000e+00
     vertex  7.485107e-01 -6.631227e-01  0.000000e+00
   endloop
 endfacet
 facet normal  0.000000e+00  0.000000e+00 -1.000000e+00
   outer loop
     vertex  5.680647e-01  8.229839e-01  0.000000e+00
     vertex  1.205367e-01  9.927089e-01  0.000000e+00
     vertex  3.546049e-01  9.350162e-01  0.000000e+00
   endloop
 endfacet
 facet normal  0.000000e+00  0.000000e+00 -1.000000e+00
   outer loop
     vertex  7.485107e-01  6.631227e-01  0.000000e+00
     vertex -1.205367e-01  9.927089e-01  0.000000e+00
     vertex  1.205367e-01  9.927089e-01  0.000000e+00
   endloop
 endfacet
 facet normal  0.000000e+00  0.000000e+00 -1.000000e+00
   outer loop
     vertex  7.485107e-01  6.631227e-01  0.000000e+00
     vertex -3.546049e-01  9.350162e-01  0.000000e+00
     vertex -1.205367e-01  9.927089e-01  0.000000e+00
   endloop
 endfacet
 facet normal -0.000000e+00  0.000000e+00 -1.000000e+00
   outer loop
     vertex  7.485107e-01  6.631227e-01  0.000000e+00
     vertex -8.854560e-01  4.647232e-01  0.000000e+00
     vertex -7.485107e-01  6.631227e-01  0.000000e+00
   endloop
 endfacet
 facet normal  0.000000e+00  0.000000e+00 -1.000000e+00
   outer loop
     vertex  7.485107e-01  6.631227e-01  0.000000e+00
     vertex -9.709418e-01  2.393157e-01  0.000000e+00
     vertex -8.854560e-01  4.647232e-01  0.000000e+00
   endloop
 endfacet
 facet normal  0.000000e+00  0.000000e+00 -1.000000e+00
   outer loop
     vertex  7.485107e-01  6.631227e-01  0.000000e+00
     vertex -1.000000e+00  1.010643e-15  0.000000e+00
     vertex -9.709418e-01  2.393157e-01  0.000000e+00
   endloop
 endfacet
 facet normal  0.000000e+00  0.000000e+00 -1.000000e+00
   outer loop
     vertex  7.485107e-01  6.631227e-01  0.000000e+00
     vertex -9.709418e-01 -2.393157e-01  0.000000e+00
     vertex -1.000000e+00  1.010643e-15  0.000000e+00
   endloop
 endfacet
 facet normal  0.000000e+00  0.000000e+00 -1.000000e+00
   outer loop
     vertex  7.485107e-01  6.631227e-01  0.000000e+00
     vertex -8.854560e-01 -4.647232e-01  0.000000e+00
     vertex -9.709418e-01 -2.393157e-01  0.000000e+00
   endloop
 endfacet
 facet normal  0.000000e+00 -0.000000e+00 -1.000000e+00
   outer loop
     vertex  7.485107e-01  6.631227e-01  0.000000e+00
     vertex  8.854560e-01  4.647232e-01  0.000000e+00
     vertex -8.854560e-01 -4.647232e-01  0.000000e+00
   endloop
 endfacet
 facet normal  0.000000e+00  0.000000e+00 -1.000000e+00
   outer loop
     vertex  7.485107e-01  6.631227e-01  0.000000e+00
     vertex -7.485107e-01  6.631227e-01  0.000000e+00
     vertex -3.546049e-01  9.350162e-01  0.000000e+00
   endloop
 endfacet
 facet normal  0.000000e+00  0.000000e+00 -1.000000e+00
   outer loop
     vertex  7.485107e-01  6.631227e-01  0.000000e+00
     vertex  1.205367e-01  9.927089e-01  0.000000e+00
     vertex  5.680647e-01  8.229839e-01  0.000000e+00
   endloop
 endfacet
endsolid
