solid 
 facet normal  9.999223e-01  1.246631e-02  0.000000e+00
   outer loop
     vertex  1.099658e-01  2.742376e-03  1.950000e-01
     vertex  1.100000e-01 -2.694223e-17  1.950000e-01
     vertex  1.100000e-01 -2.694223e-17  1.650000e-01
   endloop
 endfacet
 facet normal  9.999223e-01  1.246631e-02  0.000000e+00
   outer loop
     vertex  1.099658e-01  2.742376e-03  1.950000e-01
     vertex  1.100000e-01 -2.694223e-17  1.650000e-01
     vertex  1.099658e-01  2.742376e-03  1.650000e-01
   endloop
 endfacet
 facet normal  9.993007e-01  3.739119e-02  0.000000e+00
   outer loop
     vertex  1.098633e-01  5.483047e-03  1.950000e-01
     vertex  1.099658e-01  2.742376e-03  1.950000e-01
     vertex  1.099658e-01  2.742376e-03  1.650000e-01
   endloop
 endfacet
 facet normal  9.993007e-01  3.739119e-02  0.000000e+00
   outer loop
     vertex  1.098633e-01  5.483047e-03  1.950000e-01
     vertex  1.099658e-01  2.742376e-03  1.650000e-01
     vertex  1.098633e-01  5.483047e-03  1.650000e-01
   endloop
 endfacet
 facet normal  9.980579e-01  6.229283e-02  0.000000e+00
   outer loop
     vertex  1.096924e-01  8.220310e-03  1.950000e-01
     vertex  1.098633e-01  5.483047e-03  1.950000e-01
     vertex  1.098633e-01  5.483047e-03  1.650000e-01
   endloop
 endfacet
 facet normal  9.980579e-01  6.229283e-02  0.000000e+00
   outer loop
     vertex  1.096924e-01  8.220310e-03  1.950000e-01
     vertex  1.098633e-01  5.483047e-03  1.650000e-01
     vertex  1.096924e-01  8.220310e-03  1.650000e-01
   endloop
 endfacet
 facet normal  9.961947e-01  8.715574e-02  0.000000e+00
   outer loop
     vertex  1.094534e-01  1.095246e-02  1.950000e-01
     vertex  1.096924e-01  8.220310e-03  1.950000e-01
     vertex  1.096924e-01  8.220310e-03  1.650000e-01
   endloop
 endfacet
 facet normal  9.961947e-01  8.715574e-02  0.000000e+00
   outer loop
     vertex  1.094534e-01  1.095246e-02  1.950000e-01
     vertex  1.096924e-01  8.220310e-03  1.650000e-01
     vertex  1.094534e-01  1.095246e-02  1.650000e-01
   endloop
 endfacet
 facet normal  9.937122e-01  1.119645e-01  0.000000e+00
   outer loop
     vertex  1.091463e-01  1.367781e-02  1.950000e-01
     vertex  1.094534e-01  1.095246e-02  1.950000e-01
     vertex  1.094534e-01  1.095246e-02  1.650000e-01
   endloop
 endfacet
 facet normal  9.937122e-01  1.119645e-01  0.000000e+00
   outer loop
     vertex  1.091463e-01  1.367781e-02  1.950000e-01
     vertex  1.094534e-01  1.095246e-02  1.650000e-01
     vertex  1.091463e-01  1.367781e-02  1.650000e-01
   endloop
 endfacet
 facet normal  9.906120e-01  1.367036e-01  0.000000e+00
   outer loop
     vertex  1.087714e-01  1.639465e-02  1.950000e-01
     vertex  1.091463e-01  1.367781e-02  1.950000e-01
     vertex  1.091463e-01  1.367781e-02  1.650000e-01
   endloop
 endfacet
 facet normal  9.906120e-01  1.367036e-01  0.000000e+00
   outer loop
     vertex  1.087714e-01  1.639465e-02  1.950000e-01
     vertex  1.091463e-01  1.367781e-02  1.650000e-01
     vertex  1.087714e-01  1.639465e-02  1.650000e-01
   endloop
 endfacet
 facet normal  9.868960e-01  1.613578e-01  0.000000e+00
   outer loop
     vertex  1.083289e-01  1.910130e-02  1.950000e-01
     vertex  1.087714e-01  1.639465e-02  1.950000e-01
     vertex  1.087714e-01  1.639465e-02  1.650000e-01
   endloop
 endfacet
 facet normal  9.868960e-01  1.613578e-01  0.000000e+00
   outer loop
     vertex  1.083289e-01  1.910130e-02  1.950000e-01
     vertex  1.087714e-01  1.639465e-02  1.650000e-01
     vertex  1.083289e-01  1.910130e-02  1.650000e-01
   endloop
 endfacet
 facet normal  9.825665e-01  1.859116e-01  0.000000e+00
   outer loop
     vertex  1.078190e-01  2.179608e-02  1.950000e-01
     vertex  1.083289e-01  1.910130e-02  1.950000e-01
     vertex  1.083289e-01  1.910130e-02  1.650000e-01
   endloop
 endfacet
 facet normal  9.825665e-01  1.859116e-01  0.000000e+00
   outer loop
     vertex  1.078190e-01  2.179608e-02  1.950000e-01
     vertex  1.083289e-01  1.910130e-02  1.650000e-01
     vertex  1.078190e-01  2.179608e-02  1.650000e-01
   endloop
 endfacet
 facet normal  9.776262e-01  2.103499e-01  0.000000e+00
   outer loop
     vertex  1.072421e-01  2.447730e-02  1.950000e-01
     vertex  1.078190e-01  2.179608e-02  1.950000e-01
     vertex  1.078190e-01  2.179608e-02  1.650000e-01
   endloop
 endfacet
 facet normal  9.776262e-01  2.103499e-01  0.000000e+00
   outer loop
     vertex  1.072421e-01  2.447730e-02  1.950000e-01
     vertex  1.078190e-01  2.179608e-02  1.650000e-01
     vertex  1.072421e-01  2.447730e-02  1.650000e-01
   endloop
 endfacet
 facet normal  9.720781e-01  2.346574e-01  0.000000e+00
   outer loop
     vertex  1.065985e-01  2.714331e-02  1.950000e-01
     vertex  1.072421e-01  2.447730e-02  1.950000e-01
     vertex  1.072421e-01  2.447730e-02  1.650000e-01
   endloop
 endfacet
 facet normal  9.720781e-01  2.346574e-01  0.000000e+00
   outer loop
     vertex  1.065985e-01  2.714331e-02  1.950000e-01
     vertex  1.072421e-01  2.447730e-02  1.650000e-01
     vertex  1.065985e-01  2.714331e-02  1.650000e-01
   endloop
 endfacet
 facet normal  9.659258e-01  2.588190e-01  0.000000e+00
   outer loop
     vertex  1.058887e-01  2.979245e-02  1.950000e-01
     vertex  1.065985e-01  2.714331e-02  1.950000e-01
     vertex  1.065985e-01  2.714331e-02  1.650000e-01
   endloop
 endfacet
 facet normal  9.659258e-01  2.588190e-01  0.000000e+00
   outer loop
     vertex  1.058887e-01  2.979245e-02  1.950000e-01
     vertex  1.065985e-01  2.714331e-02  1.650000e-01
     vertex  1.058887e-01  2.979245e-02  1.650000e-01
   endloop
 endfacet
 facet normal  9.591731e-01  2.828198e-01  0.000000e+00
   outer loop
     vertex  1.051130e-01  3.242307e-02  1.950000e-01
     vertex  1.058887e-01  2.979245e-02  1.950000e-01
     vertex  1.058887e-01  2.979245e-02  1.650000e-01
   endloop
 endfacet
 facet normal  9.591731e-01  2.828198e-01  0.000000e+00
   outer loop
     vertex  1.051130e-01  3.242307e-02  1.950000e-01
     vertex  1.058887e-01  2.979245e-02  1.650000e-01
     vertex  1.051130e-01  3.242307e-02  1.650000e-01
   endloop
 endfacet
 facet normal  9.518240e-01  3.066447e-01  0.000000e+00
   outer loop
     vertex  1.042720e-01  3.503353e-02  1.950000e-01
     vertex  1.051130e-01  3.242307e-02  1.950000e-01
     vertex  1.051130e-01  3.242307e-02  1.650000e-01
   endloop
 endfacet
 facet normal  9.518240e-01  3.066447e-01  0.000000e+00
   outer loop
     vertex  1.042720e-01  3.503353e-02  1.950000e-01
     vertex  1.051130e-01  3.242307e-02  1.650000e-01
     vertex  1.042720e-01  3.503353e-02  1.650000e-01
   endloop
 endfacet
 facet normal  9.438833e-01  3.302791e-01  0.000000e+00
   outer loop
     vertex  1.033662e-01  3.762222e-02  1.950000e-01
     vertex  1.042720e-01  3.503353e-02  1.950000e-01
     vertex  1.042720e-01  3.503353e-02  1.650000e-01
   endloop
 endfacet
 facet normal  9.438833e-01  3.302791e-01  0.000000e+00
   outer loop
     vertex  1.033662e-01  3.762222e-02  1.950000e-01
     vertex  1.042720e-01  3.503353e-02  1.650000e-01
     vertex  1.033662e-01  3.762222e-02  1.650000e-01
   endloop
 endfacet
 facet normal  9.353559e-01  3.537081e-01  0.000000e+00
   outer loop
     vertex  1.023961e-01  4.018751e-02  1.950000e-01
     vertex  1.033662e-01  3.762222e-02  1.950000e-01
     vertex  1.033662e-01  3.762222e-02  1.650000e-01
   endloop
 endfacet
 facet normal  9.353559e-01  3.537081e-01  0.000000e+00
   outer loop
     vertex  1.023961e-01  4.018751e-02  1.950000e-01
     vertex  1.033662e-01  3.762222e-02  1.650000e-01
     vertex  1.023961e-01  4.018751e-02  1.650000e-01
   endloop
 endfacet
 facet normal  9.262470e-01  3.769172e-01  0.000000e+00
   outer loop
     vertex  1.013624e-01  4.272783e-02  1.950000e-01
     vertex  1.023961e-01  4.018751e-02  1.650000e-01
     vertex  1.013624e-01  4.272783e-02  1.650000e-01
   endloop
 endfacet
 facet normal  9.262470e-01  3.769172e-01  0.000000e+00
   outer loop
     vertex  1.013624e-01  4.272783e-02  1.950000e-01
     vertex  1.023961e-01  4.018751e-02  1.950000e-01
     vertex  1.023961e-01  4.018751e-02  1.650000e-01
   endloop
 endfacet
 facet normal  9.165623e-01  3.998920e-01  0.000000e+00
   outer loop
     vertex  1.002656e-01  4.524158e-02  1.950000e-01
     vertex  1.013624e-01  4.272783e-02  1.650000e-01
     vertex  1.002656e-01  4.524158e-02  1.650000e-01
   endloop
 endfacet
 facet normal  9.165623e-01  3.998920e-01  0.000000e+00
   outer loop
     vertex  1.002656e-01  4.524158e-02  1.950000e-01
     vertex  1.013624e-01  4.272783e-02  1.950000e-01
     vertex  1.013624e-01  4.272783e-02  1.650000e-01
   endloop
 endfacet
 facet normal  9.063078e-01  4.226183e-01  0.000000e+00
   outer loop
     vertex  9.910658e-02  4.772721e-02  1.950000e-01
     vertex  1.002656e-01  4.524158e-02  1.650000e-01
     vertex  9.910658e-02  4.772721e-02  1.650000e-01
   endloop
 endfacet
 facet normal  9.063078e-01  4.226183e-01  0.000000e+00
   outer loop
     vertex  9.910658e-02  4.772721e-02  1.950000e-01
     vertex  1.002656e-01  4.524158e-02  1.950000e-01
     vertex  1.002656e-01  4.524158e-02  1.650000e-01
   endloop
 endfacet
 facet normal  8.954899e-01  4.450818e-01  0.000000e+00
   outer loop
     vertex  9.788590e-02  5.018317e-02  1.950000e-01
     vertex  9.910658e-02  4.772721e-02  1.650000e-01
     vertex  9.788590e-02  5.018317e-02  1.650000e-01
   endloop
 endfacet
 facet normal  8.954899e-01  4.450818e-01  0.000000e+00
   outer loop
     vertex  9.788590e-02  5.018317e-02  1.950000e-01
     vertex  9.910658e-02  4.772721e-02  1.950000e-01
     vertex  9.910658e-02  4.772721e-02  1.650000e-01
   endloop
 endfacet
 facet normal  8.841154e-01  4.672686e-01  0.000000e+00
   outer loop
     vertex  9.660437e-02  5.260794e-02  1.950000e-01
     vertex  9.788590e-02  5.018317e-02  1.650000e-01
     vertex  9.660437e-02  5.260794e-02  1.650000e-01
   endloop
 endfacet
 facet normal  8.841154e-01  4.672686e-01  0.000000e+00
   outer loop
     vertex  9.660437e-02  5.260794e-02  1.950000e-01
     vertex  9.788590e-02  5.018317e-02  1.950000e-01
     vertex  9.788590e-02  5.018317e-02  1.650000e-01
   endloop
 endfacet
 facet normal  8.721913e-01  4.891650e-01  0.000000e+00
   outer loop
     vertex  9.526279e-02  5.500000e-02  1.950000e-01
     vertex  9.660437e-02  5.260794e-02  1.650000e-01
     vertex  9.526279e-02  5.500000e-02  1.650000e-01
   endloop
 endfacet
 facet normal  8.721913e-01  4.891650e-01  0.000000e+00
   outer loop
     vertex  9.526279e-02  5.500000e-02  1.950000e-01
     vertex  9.660437e-02  5.260794e-02  1.950000e-01
     vertex  9.660437e-02  5.260794e-02  1.650000e-01
   endloop
 endfacet
 facet normal  8.597249e-01  5.107573e-01  0.000000e+00
   outer loop
     vertex  9.386200e-02  5.735787e-02  1.950000e-01
     vertex  9.526279e-02  5.500000e-02  1.650000e-01
     vertex  9.386200e-02  5.735787e-02  1.650000e-01
   endloop
 endfacet
 facet normal  8.597249e-01  5.107573e-01  0.000000e+00
   outer loop
     vertex  9.386200e-02  5.735787e-02  1.950000e-01
     vertex  9.526279e-02  5.500000e-02  1.950000e-01
     vertex  9.526279e-02  5.500000e-02  1.650000e-01
   endloop
 endfacet
 facet normal  8.467242e-01  5.320321e-01  0.000000e+00
   outer loop
     vertex  9.240285e-02  5.968009e-02  1.950000e-01
     vertex  9.386200e-02  5.735787e-02  1.650000e-01
     vertex  9.240285e-02  5.968009e-02  1.650000e-01
   endloop
 endfacet
 facet normal  8.467242e-01  5.320321e-01  0.000000e+00
   outer loop
     vertex  9.240285e-02  5.968009e-02  1.950000e-01
     vertex  9.386200e-02  5.735787e-02  1.950000e-01
     vertex  9.386200e-02  5.735787e-02  1.650000e-01
   endloop
 endfacet
 facet normal  8.331971e-01  5.529761e-01  0.000000e+00
   outer loop
     vertex  9.088627e-02  6.196521e-02  1.950000e-01
     vertex  9.240285e-02  5.968009e-02  1.950000e-01
     vertex  9.240285e-02  5.968009e-02  1.650000e-01
   endloop
 endfacet
 facet normal  8.331971e-01  5.529761e-01  0.000000e+00
   outer loop
     vertex  9.088627e-02  6.196521e-02  1.950000e-01
     vertex  9.240285e-02  5.968009e-02  1.650000e-01
     vertex  9.088627e-02  6.196521e-02  1.650000e-01
   endloop
 endfacet
 facet normal  8.191520e-01  5.735764e-01  0.000000e+00
   outer loop
     vertex  8.931318e-02  6.421180e-02  1.950000e-01
     vertex  9.088627e-02  6.196521e-02  1.950000e-01
     vertex  9.088627e-02  6.196521e-02  1.650000e-01
   endloop
 endfacet
 facet normal  8.191520e-01  5.735764e-01  0.000000e+00
   outer loop
     vertex  8.931318e-02  6.421180e-02  1.950000e-01
     vertex  9.088627e-02  6.196521e-02  1.650000e-01
     vertex  8.931318e-02  6.421180e-02  1.650000e-01
   endloop
 endfacet
 facet normal  8.045978e-01  5.938202e-01  0.000000e+00
   outer loop
     vertex  8.768458e-02  6.641849e-02  1.950000e-01
     vertex  8.931318e-02  6.421180e-02  1.950000e-01
     vertex  8.931318e-02  6.421180e-02  1.650000e-01
   endloop
 endfacet
 facet normal  8.045978e-01  5.938202e-01  0.000000e+00
   outer loop
     vertex  8.768458e-02  6.641849e-02  1.950000e-01
     vertex  8.931318e-02  6.421180e-02  1.650000e-01
     vertex  8.768458e-02  6.641849e-02  1.650000e-01
   endloop
 endfacet
 facet normal  7.895433e-01  6.136948e-01  0.000000e+00
   outer loop
     vertex  8.600146e-02  6.858388e-02  1.950000e-01
     vertex  8.768458e-02  6.641849e-02  1.950000e-01
     vertex  8.768458e-02  6.641849e-02  1.650000e-01
   endloop
 endfacet
 facet normal  7.895433e-01  6.136948e-01  0.000000e+00
   outer loop
     vertex  8.600146e-02  6.858388e-02  1.950000e-01
     vertex  8.768458e-02  6.641849e-02  1.650000e-01
     vertex  8.600146e-02  6.858388e-02  1.650000e-01
   endloop
 endfacet
 facet normal  7.739981e-01  6.331879e-01  0.000000e+00
   outer loop
     vertex  8.426489e-02  7.070664e-02  1.950000e-01
     vertex  8.600146e-02  6.858388e-02  1.950000e-01
     vertex  8.600146e-02  6.858388e-02  1.650000e-01
   endloop
 endfacet
 facet normal  7.739981e-01  6.331879e-01  0.000000e+00
   outer loop
     vertex  8.426489e-02  7.070664e-02  1.950000e-01
     vertex  8.600146e-02  6.858388e-02  1.650000e-01
     vertex  8.426489e-02  7.070664e-02  1.650000e-01
   endloop
 endfacet
 facet normal  7.579717e-01  6.522874e-01  0.000000e+00
   outer loop
     vertex  8.247593e-02  7.278544e-02  1.950000e-01
     vertex  8.426489e-02  7.070664e-02  1.950000e-01
     vertex  8.426489e-02  7.070664e-02  1.650000e-01
   endloop
 endfacet
 facet normal  7.579717e-01  6.522874e-01  0.000000e+00
   outer loop
     vertex  8.247593e-02  7.278544e-02  1.950000e-01
     vertex  8.426489e-02  7.070664e-02  1.650000e-01
     vertex  8.247593e-02  7.278544e-02  1.650000e-01
   endloop
 endfacet
 facet normal  7.414742e-01  6.709814e-01  0.000000e+00
   outer loop
     vertex  8.063571e-02  7.481900e-02  1.950000e-01
     vertex  8.247593e-02  7.278544e-02  1.950000e-01
     vertex  8.247593e-02  7.278544e-02  1.650000e-01
   endloop
 endfacet
 facet normal  7.414742e-01  6.709814e-01  0.000000e+00
   outer loop
     vertex  8.063571e-02  7.481900e-02  1.950000e-01
     vertex  8.247593e-02  7.278544e-02  1.650000e-01
     vertex  8.063571e-02  7.481900e-02  1.650000e-01
   endloop
 endfacet
 facet normal  7.245157e-01  6.892583e-01  0.000000e+00
   outer loop
     vertex  7.874535e-02  7.680605e-02  1.950000e-01
     vertex  8.063571e-02  7.481900e-02  1.950000e-01
     vertex  8.063571e-02  7.481900e-02  1.650000e-01
   endloop
 endfacet
 facet normal  7.245157e-01  6.892583e-01  0.000000e+00
   outer loop
     vertex  7.874535e-02  7.680605e-02  1.950000e-01
     vertex  8.063571e-02  7.481900e-02  1.650000e-01
     vertex  7.874535e-02  7.680605e-02  1.650000e-01
   endloop
 endfacet
 facet normal  7.071068e-01  7.071068e-01  0.000000e+00
   outer loop
     vertex  7.680605e-02  7.874535e-02  1.950000e-01
     vertex  7.874535e-02  7.680605e-02  1.950000e-01
     vertex  7.874535e-02  7.680605e-02  1.650000e-01
   endloop
 endfacet
 facet normal  7.071068e-01  7.071068e-01  0.000000e+00
   outer loop
     vertex  7.680605e-02  7.874535e-02  1.950000e-01
     vertex  7.874535e-02  7.680605e-02  1.650000e-01
     vertex  7.680605e-02  7.874535e-02  1.650000e-01
   endloop
 endfacet
 facet normal  6.892583e-01  7.245157e-01  0.000000e+00
   outer loop
     vertex  7.481900e-02  8.063571e-02  1.950000e-01
     vertex  7.680605e-02  7.874535e-02  1.950000e-01
     vertex  7.680605e-02  7.874535e-02  1.650000e-01
   endloop
 endfacet
 facet normal  6.892583e-01  7.245157e-01  0.000000e+00
   outer loop
     vertex  7.481900e-02  8.063571e-02  1.950000e-01
     vertex  7.680605e-02  7.874535e-02  1.650000e-01
     vertex  7.481900e-02  8.063571e-02  1.650000e-01
   endloop
 endfacet
 facet normal  6.709814e-01  7.414742e-01  0.000000e+00
   outer loop
     vertex  7.278544e-02  8.247593e-02  1.950000e-01
     vertex  7.481900e-02  8.063571e-02  1.950000e-01
     vertex  7.481900e-02  8.063571e-02  1.650000e-01
   endloop
 endfacet
 facet normal  6.709814e-01  7.414742e-01  0.000000e+00
   outer loop
     vertex  7.278544e-02  8.247593e-02  1.950000e-01
     vertex  7.481900e-02  8.063571e-02  1.650000e-01
     vertex  7.278544e-02  8.247593e-02  1.650000e-01
   endloop
 endfacet
 facet normal  6.522874e-01  7.579717e-01  0.000000e+00
   outer loop
     vertex  7.070664e-02  8.426489e-02  1.950000e-01
     vertex  7.278544e-02  8.247593e-02  1.950000e-01
     vertex  7.278544e-02  8.247593e-02  1.650000e-01
   endloop
 endfacet
 facet normal  6.522874e-01  7.579717e-01  0.000000e+00
   outer loop
     vertex  7.070664e-02  8.426489e-02  1.950000e-01
     vertex  7.278544e-02  8.247593e-02  1.650000e-01
     vertex  7.070664e-02  8.426489e-02  1.650000e-01
   endloop
 endfacet
 facet normal  6.331879e-01  7.739981e-01  0.000000e+00
   outer loop
     vertex  6.858388e-02  8.600146e-02  1.950000e-01
     vertex  7.070664e-02  8.426489e-02  1.950000e-01
     vertex  7.070664e-02  8.426489e-02  1.650000e-01
   endloop
 endfacet
 facet normal  6.331879e-01  7.739981e-01  0.000000e+00
   outer loop
     vertex  6.858388e-02  8.600146e-02  1.950000e-01
     vertex  7.070664e-02  8.426489e-02  1.650000e-01
     vertex  6.858388e-02  8.600146e-02  1.650000e-01
   endloop
 endfacet
 facet normal  6.136948e-01  7.895433e-01  0.000000e+00
   outer loop
     vertex  6.641849e-02  8.768458e-02  1.950000e-01
     vertex  6.858388e-02  8.600146e-02  1.950000e-01
     vertex  6.858388e-02  8.600146e-02  1.650000e-01
   endloop
 endfacet
 facet normal  6.136948e-01  7.895433e-01  0.000000e+00
   outer loop
     vertex  6.641849e-02  8.768458e-02  1.950000e-01
     vertex  6.858388e-02  8.600146e-02  1.650000e-01
     vertex  6.641849e-02  8.768458e-02  1.650000e-01
   endloop
 endfacet
 facet normal  5.938202e-01  8.045978e-01  0.000000e+00
   outer loop
     vertex  6.641849e-02  8.768458e-02  1.950000e-01
     vertex  6.641849e-02  8.768458e-02  1.650000e-01
     vertex  6.421180e-02  8.931318e-02  1.650000e-01
   endloop
 endfacet
 facet normal  5.938202e-01  8.045978e-01  0.000000e+00
   outer loop
     vertex  6.421180e-02  8.931318e-02  1.950000e-01
     vertex  6.641849e-02  8.768458e-02  1.950000e-01
     vertex  6.421180e-02  8.931318e-02  1.650000e-01
   endloop
 endfacet
 facet normal  5.735764e-01  8.191520e-01  0.000000e+00
   outer loop
     vertex  6.196521e-02  9.088627e-02  1.950000e-01
     vertex  6.421180e-02  8.931318e-02  1.950000e-01
     vertex  6.421180e-02  8.931318e-02  1.650000e-01
   endloop
 endfacet
 facet normal  5.735764e-01  8.191520e-01  0.000000e+00
   outer loop
     vertex  6.196521e-02  9.088627e-02  1.950000e-01
     vertex  6.421180e-02  8.931318e-02  1.650000e-01
     vertex  6.196521e-02  9.088627e-02  1.650000e-01
   endloop
 endfacet
 facet normal  5.529761e-01  8.331971e-01  0.000000e+00
   outer loop
     vertex  5.968009e-02  9.240285e-02  1.950000e-01
     vertex  6.196521e-02  9.088627e-02  1.950000e-01
     vertex  6.196521e-02  9.088627e-02  1.650000e-01
   endloop
 endfacet
 facet normal  5.529761e-01  8.331971e-01  0.000000e+00
   outer loop
     vertex  5.968009e-02  9.240285e-02  1.950000e-01
     vertex  6.196521e-02  9.088627e-02  1.650000e-01
     vertex  5.968009e-02  9.240285e-02  1.650000e-01
   endloop
 endfacet
 facet normal  5.320321e-01  8.467242e-01  0.000000e+00
   outer loop
     vertex  5.735787e-02  9.386200e-02  1.950000e-01
     vertex  5.968009e-02  9.240285e-02  1.950000e-01
     vertex  5.968009e-02  9.240285e-02  1.650000e-01
   endloop
 endfacet
 facet normal  5.320321e-01  8.467242e-01  0.000000e+00
   outer loop
     vertex  5.735787e-02  9.386200e-02  1.950000e-01
     vertex  5.968009e-02  9.240285e-02  1.650000e-01
     vertex  5.735787e-02  9.386200e-02  1.650000e-01
   endloop
 endfacet
 facet normal  5.107573e-01  8.597249e-01  0.000000e+00
   outer loop
     vertex  5.500000e-02  9.526279e-02  1.950000e-01
     vertex  5.735787e-02  9.386200e-02  1.950000e-01
     vertex  5.735787e-02  9.386200e-02  1.650000e-01
   endloop
 endfacet
 facet normal  5.107573e-01  8.597249e-01  0.000000e+00
   outer loop
     vertex  5.500000e-02  9.526279e-02  1.950000e-01
     vertex  5.735787e-02  9.386200e-02  1.650000e-01
     vertex  5.500000e-02  9.526279e-02  1.650000e-01
   endloop
 endfacet
 facet normal  4.891650e-01  8.721913e-01  0.000000e+00
   outer loop
     vertex  5.260794e-02  9.660437e-02  1.950000e-01
     vertex  5.500000e-02  9.526279e-02  1.950000e-01
     vertex  5.500000e-02  9.526279e-02  1.650000e-01
   endloop
 endfacet
 facet normal  4.891650e-01  8.721913e-01  0.000000e+00
   outer loop
     vertex  5.260794e-02  9.660437e-02  1.950000e-01
     vertex  5.500000e-02  9.526279e-02  1.650000e-01
     vertex  5.260794e-02  9.660437e-02  1.650000e-01
   endloop
 endfacet
 facet normal  4.672686e-01  8.841154e-01  0.000000e+00
   outer loop
     vertex  5.018317e-02  9.788590e-02  1.950000e-01
     vertex  5.260794e-02  9.660437e-02  1.950000e-01
     vertex  5.260794e-02  9.660437e-02  1.650000e-01
   endloop
 endfacet
 facet normal  4.672686e-01  8.841154e-01  0.000000e+00
   outer loop
     vertex  5.018317e-02  9.788590e-02  1.950000e-01
     vertex  5.260794e-02  9.660437e-02  1.650000e-01
     vertex  5.018317e-02  9.788590e-02  1.650000e-01
   endloop
 endfacet
 facet normal  4.450818e-01  8.954899e-01  0.000000e+00
   outer loop
     vertex  4.772721e-02  9.910658e-02  1.950000e-01
     vertex  5.018317e-02  9.788590e-02  1.950000e-01
     vertex  5.018317e-02  9.788590e-02  1.650000e-01
   endloop
 endfacet
 facet normal  4.450818e-01  8.954899e-01  0.000000e+00
   outer loop
     vertex  4.772721e-02  9.910658e-02  1.950000e-01
     vertex  5.018317e-02  9.788590e-02  1.650000e-01
     vertex  4.772721e-02  9.910658e-02  1.650000e-01
   endloop
 endfacet
 facet normal  4.226183e-01  9.063078e-01  0.000000e+00
   outer loop
     vertex  4.524158e-02  1.002656e-01  1.950000e-01
     vertex  4.772721e-02  9.910658e-02  1.950000e-01
     vertex  4.772721e-02  9.910658e-02  1.650000e-01
   endloop
 endfacet
 facet normal  4.226183e-01  9.063078e-01  0.000000e+00
   outer loop
     vertex  4.524158e-02  1.002656e-01  1.950000e-01
     vertex  4.772721e-02  9.910658e-02  1.650000e-01
     vertex  4.524158e-02  1.002656e-01  1.650000e-01
   endloop
 endfacet
 facet normal  3.998920e-01  9.165623e-01  0.000000e+00
   outer loop
     vertex  4.272783e-02  1.013624e-01  1.950000e-01
     vertex  4.524158e-02  1.002656e-01  1.950000e-01
     vertex  4.524158e-02  1.002656e-01  1.650000e-01
   endloop
 endfacet
 facet normal  3.998920e-01  9.165623e-01  0.000000e+00
   outer loop
     vertex  4.272783e-02  1.013624e-01  1.950000e-01
     vertex  4.524158e-02  1.002656e-01  1.650000e-01
     vertex  4.272783e-02  1.013624e-01  1.650000e-01
   endloop
 endfacet
 facet normal  3.769172e-01  9.262470e-01  0.000000e+00
   outer loop
     vertex  4.018751e-02  1.023961e-01  1.950000e-01
     vertex  4.272783e-02  1.013624e-01  1.650000e-01
     vertex  4.018751e-02  1.023961e-01  1.650000e-01
   endloop
 endfacet
 facet normal  3.769172e-01  9.262470e-01  0.000000e+00
   outer loop
     vertex  4.018751e-02  1.023961e-01  1.950000e-01
     vertex  4.272783e-02  1.013624e-01  1.950000e-01
     vertex  4.272783e-02  1.013624e-01  1.650000e-01
   endloop
 endfacet
 facet normal  3.537081e-01  9.353559e-01  0.000000e+00
   outer loop
     vertex  3.762222e-02  1.033662e-01  1.950000e-01
     vertex  4.018751e-02  1.023961e-01  1.950000e-01
     vertex  4.018751e-02  1.023961e-01  1.650000e-01
   endloop
 endfacet
 facet normal  3.537081e-01  9.353559e-01  0.000000e+00
   outer loop
     vertex  3.762222e-02  1.033662e-01  1.950000e-01
     vertex  4.018751e-02  1.023961e-01  1.650000e-01
     vertex  3.762222e-02  1.033662e-01  1.650000e-01
   endloop
 endfacet
 facet normal  3.302791e-01  9.438833e-01  0.000000e+00
   outer loop
     vertex  3.503353e-02  1.042720e-01  1.950000e-01
     vertex  3.762222e-02  1.033662e-01  1.650000e-01
     vertex  3.503353e-02  1.042720e-01  1.650000e-01
   endloop
 endfacet
 facet normal  3.302791e-01  9.438833e-01  0.000000e+00
   outer loop
     vertex  3.503353e-02  1.042720e-01  1.950000e-01
     vertex  3.762222e-02  1.033662e-01  1.950000e-01
     vertex  3.762222e-02  1.033662e-01  1.650000e-01
   endloop
 endfacet
 facet normal  3.066447e-01  9.518240e-01  0.000000e+00
   outer loop
     vertex  3.242307e-02  1.051130e-01  1.950000e-01
     vertex  3.503353e-02  1.042720e-01  1.650000e-01
     vertex  3.242307e-02  1.051130e-01  1.650000e-01
   endloop
 endfacet
 facet normal  3.066447e-01  9.518240e-01  0.000000e+00
   outer loop
     vertex  3.242307e-02  1.051130e-01  1.950000e-01
     vertex  3.503353e-02  1.042720e-01  1.950000e-01
     vertex  3.503353e-02  1.042720e-01  1.650000e-01
   endloop
 endfacet
 facet normal  2.828198e-01  9.591731e-01  0.000000e+00
   outer loop
     vertex  3.242307e-02  1.051130e-01  1.950000e-01
     vertex  3.242307e-02  1.051130e-01  1.650000e-01
     vertex  2.979245e-02  1.058887e-01  1.650000e-01
   endloop
 endfacet
 facet normal  2.828198e-01  9.591731e-01  0.000000e+00
   outer loop
     vertex  2.979245e-02  1.058887e-01  1.950000e-01
     vertex  3.242307e-02  1.051130e-01  1.950000e-01
     vertex  2.979245e-02  1.058887e-01  1.650000e-01
   endloop
 endfacet
 facet normal  2.588190e-01  9.659258e-01  0.000000e+00
   outer loop
     vertex  2.714331e-02  1.065985e-01  1.950000e-01
     vertex  2.979245e-02  1.058887e-01  1.650000e-01
     vertex  2.714331e-02  1.065985e-01  1.650000e-01
   endloop
 endfacet
 facet normal  2.588190e-01  9.659258e-01  0.000000e+00
   outer loop
     vertex  2.714331e-02  1.065985e-01  1.950000e-01
     vertex  2.979245e-02  1.058887e-01  1.950000e-01
     vertex  2.979245e-02  1.058887e-01  1.650000e-01
   endloop
 endfacet
 facet normal  2.346574e-01  9.720781e-01  0.000000e+00
   outer loop
     vertex  2.447730e-02  1.072421e-01  1.950000e-01
     vertex  2.714331e-02  1.065985e-01  1.650000e-01
     vertex  2.447730e-02  1.072421e-01  1.650000e-01
   endloop
 endfacet
 facet normal  2.346574e-01  9.720781e-01  0.000000e+00
   outer loop
     vertex  2.447730e-02  1.072421e-01  1.950000e-01
     vertex  2.714331e-02  1.065985e-01  1.950000e-01
     vertex  2.714331e-02  1.065985e-01  1.650000e-01
   endloop
 endfacet
 facet normal  2.103499e-01  9.776262e-01  0.000000e+00
   outer loop
     vertex  2.179608e-02  1.078190e-01  1.950000e-01
     vertex  2.447730e-02  1.072421e-01  1.650000e-01
     vertex  2.179608e-02  1.078190e-01  1.650000e-01
   endloop
 endfacet
 facet normal  2.103499e-01  9.776262e-01  0.000000e+00
   outer loop
     vertex  2.179608e-02  1.078190e-01  1.950000e-01
     vertex  2.447730e-02  1.072421e-01  1.950000e-01
     vertex  2.447730e-02  1.072421e-01  1.650000e-01
   endloop
 endfacet
 facet normal  1.859116e-01  9.825665e-01  0.000000e+00
   outer loop
     vertex  1.910130e-02  1.083289e-01  1.950000e-01
     vertex  2.179608e-02  1.078190e-01  1.650000e-01
     vertex  1.910130e-02  1.083289e-01  1.650000e-01
   endloop
 endfacet
 facet normal  1.859116e-01  9.825665e-01  0.000000e+00
   outer loop
     vertex  1.910130e-02  1.083289e-01  1.950000e-01
     vertex  2.179608e-02  1.078190e-01  1.950000e-01
     vertex  2.179608e-02  1.078190e-01  1.650000e-01
   endloop
 endfacet
 facet normal  1.613578e-01  9.868960e-01  0.000000e+00
   outer loop
     vertex  1.639465e-02  1.087714e-01  1.950000e-01
     vertex  1.910130e-02  1.083289e-01  1.650000e-01
     vertex  1.639465e-02  1.087714e-01  1.650000e-01
   endloop
 endfacet
 facet normal  1.613578e-01  9.868960e-01  0.000000e+00
   outer loop
     vertex  1.639465e-02  1.087714e-01  1.950000e-01
     vertex  1.910130e-02  1.083289e-01  1.950000e-01
     vertex  1.910130e-02  1.083289e-01  1.650000e-01
   endloop
 endfacet
 facet normal  1.367036e-01  9.906120e-01  0.000000e+00
   outer loop
     vertex  1.367781e-02  1.091463e-01  1.950000e-01
     vertex  1.639465e-02  1.087714e-01  1.650000e-01
     vertex  1.367781e-02  1.091463e-01  1.650000e-01
   endloop
 endfacet
 facet normal  1.367036e-01  9.906120e-01  0.000000e+00
   outer loop
     vertex  1.367781e-02  1.091463e-01  1.950000e-01
     vertex  1.639465e-02  1.087714e-01  1.950000e-01
     vertex  1.639465e-02  1.087714e-01  1.650000e-01
   endloop
 endfacet
 facet normal  1.119645e-01  9.937122e-01  0.000000e+00
   outer loop
     vertex  1.095246e-02  1.094534e-01  1.950000e-01
     vertex  1.367781e-02  1.091463e-01  1.650000e-01
     vertex  1.095246e-02  1.094534e-01  1.650000e-01
   endloop
 endfacet
 facet normal  1.119645e-01  9.937122e-01  0.000000e+00
   outer loop
     vertex  1.095246e-02  1.094534e-01  1.950000e-01
     vertex  1.367781e-02  1.091463e-01  1.950000e-01
     vertex  1.367781e-02  1.091463e-01  1.650000e-01
   endloop
 endfacet
 facet normal  8.715574e-02  9.961947e-01  0.000000e+00
   outer loop
     vertex  8.220310e-03  1.096924e-01  1.950000e-01
     vertex  1.095246e-02  1.094534e-01  1.650000e-01
     vertex  8.220310e-03  1.096924e-01  1.650000e-01
   endloop
 endfacet
 facet normal  8.715574e-02  9.961947e-01  0.000000e+00
   outer loop
     vertex  8.220310e-03  1.096924e-01  1.950000e-01
     vertex  1.095246e-02  1.094534e-01  1.950000e-01
     vertex  1.095246e-02  1.094534e-01  1.650000e-01
   endloop
 endfacet
 facet normal  6.229283e-02  9.980579e-01  0.000000e+00
   outer loop
     vertex  5.483047e-03  1.098633e-01  1.950000e-01
     vertex  8.220310e-03  1.096924e-01  1.650000e-01
     vertex  5.483047e-03  1.098633e-01  1.650000e-01
   endloop
 endfacet
 facet normal  3.739119e-02  9.993007e-01  0.000000e+00
   outer loop
     vertex  5.483047e-03  1.098633e-01  1.950000e-01
     vertex  5.483047e-03  1.098633e-01  1.650000e-01
     vertex  2.742376e-03  1.099658e-01  1.650000e-01
   endloop
 endfacet
 facet normal  6.229283e-02  9.980579e-01  0.000000e+00
   outer loop
     vertex  5.483047e-03  1.098633e-01  1.950000e-01
     vertex  8.220310e-03  1.096924e-01  1.950000e-01
     vertex  8.220310e-03  1.096924e-01  1.650000e-01
   endloop
 endfacet
 facet normal  3.739119e-02  9.993007e-01  0.000000e+00
   outer loop
     vertex  2.742376e-03  1.099658e-01  1.950000e-01
     vertex  5.483047e-03  1.098633e-01  1.950000e-01
     vertex  2.742376e-03  1.099658e-01  1.650000e-01
   endloop
 endfacet
 facet normal  1.246631e-02  9.999223e-01  0.000000e+00
   outer loop
     vertex -1.886637e-16  1.100000e-01  1.950000e-01
     vertex  2.742376e-03  1.099658e-01  1.650000e-01
     vertex -1.886637e-16  1.100000e-01  1.650000e-01
   endloop
 endfacet
 facet normal  1.246631e-02  9.999223e-01  0.000000e+00
   outer loop
     vertex -1.886637e-16  1.100000e-01  1.950000e-01
     vertex  2.742376e-03  1.099658e-01  1.950000e-01
     vertex  2.742376e-03  1.099658e-01  1.650000e-01
   endloop
 endfacet
 facet normal -1.246631e-02  9.999223e-01  0.000000e+00
   outer loop
     vertex -2.742376e-03  1.099658e-01  1.950000e-01
     vertex -1.886637e-16  1.100000e-01  1.650000e-01
     vertex -2.742376e-03  1.099658e-01  1.650000e-01
   endloop
 endfacet
 facet normal -1.246631e-02  9.999223e-01  0.000000e+00
   outer loop
     vertex -2.742376e-03  1.099658e-01  1.950000e-01
     vertex -1.886637e-16  1.100000e-01  1.950000e-01
     vertex -1.886637e-16  1.100000e-01  1.650000e-01
   endloop
 endfacet
 facet normal -3.739119e-02  9.993007e-01  0.000000e+00
   outer loop
     vertex -5.483047e-03  1.098633e-01  1.950000e-01
     vertex -2.742376e-03  1.099658e-01  1.650000e-01
     vertex -5.483047e-03  1.098633e-01  1.650000e-01
   endloop
 endfacet
 facet normal -3.739119e-02  9.993007e-01  0.000000e+00
   outer loop
     vertex -5.483047e-03  1.098633e-01  1.950000e-01
     vertex -2.742376e-03  1.099658e-01  1.950000e-01
     vertex -2.742376e-03  1.099658e-01  1.650000e-01
   endloop
 endfacet
 facet normal -6.229283e-02  9.980579e-01  0.000000e+00
   outer loop
     vertex -8.220310e-03  1.096924e-01  1.950000e-01
     vertex -5.483047e-03  1.098633e-01  1.650000e-01
     vertex -8.220310e-03  1.096924e-01  1.650000e-01
   endloop
 endfacet
 facet normal -8.715574e-02  9.961947e-01  0.000000e+00
   outer loop
     vertex -8.220310e-03  1.096924e-01  1.950000e-01
     vertex -8.220310e-03  1.096924e-01  1.650000e-01
     vertex -1.095246e-02  1.094534e-01  1.650000e-01
   endloop
 endfacet
 facet normal -6.229283e-02  9.980579e-01  0.000000e+00
   outer loop
     vertex -8.220310e-03  1.096924e-01  1.950000e-01
     vertex -5.483047e-03  1.098633e-01  1.950000e-01
     vertex -5.483047e-03  1.098633e-01  1.650000e-01
   endloop
 endfacet
 facet normal -1.119645e-01  9.937122e-01  0.000000e+00
   outer loop
     vertex -1.095246e-02  1.094534e-01  1.950000e-01
     vertex -1.095246e-02  1.094534e-01  1.650000e-01
     vertex -1.367781e-02  1.091463e-01  1.650000e-01
   endloop
 endfacet
 facet normal -8.715574e-02  9.961947e-01  0.000000e+00
   outer loop
     vertex -1.095246e-02  1.094534e-01  1.950000e-01
     vertex -8.220310e-03  1.096924e-01  1.950000e-01
     vertex -1.095246e-02  1.094534e-01  1.650000e-01
   endloop
 endfacet
 facet normal -1.367036e-01  9.906120e-01  0.000000e+00
   outer loop
     vertex -1.367781e-02  1.091463e-01  1.950000e-01
     vertex -1.367781e-02  1.091463e-01  1.650000e-01
     vertex -1.639465e-02  1.087714e-01  1.650000e-01
   endloop
 endfacet
 facet normal -1.119645e-01  9.937122e-01  0.000000e+00
   outer loop
     vertex -1.367781e-02  1.091463e-01  1.950000e-01
     vertex -1.095246e-02  1.094534e-01  1.950000e-01
     vertex -1.367781e-02  1.091463e-01  1.650000e-01
   endloop
 endfacet
 facet normal -1.367036e-01  9.906120e-01  0.000000e+00
   outer loop
     vertex -1.639465e-02  1.087714e-01  1.950000e-01
     vertex -1.367781e-02  1.091463e-01  1.950000e-01
     vertex -1.639465e-02  1.087714e-01  1.650000e-01
   endloop
 endfacet
 facet normal -1.613578e-01  9.868960e-01  0.000000e+00
   outer loop
     vertex -1.910130e-02  1.083289e-01  1.950000e-01
     vertex -1.639465e-02  1.087714e-01  1.650000e-01
     vertex -1.910130e-02  1.083289e-01  1.650000e-01
   endloop
 endfacet
 facet normal -1.859116e-01  9.825665e-01  0.000000e+00
   outer loop
     vertex -1.910130e-02  1.083289e-01  1.950000e-01
     vertex -1.910130e-02  1.083289e-01  1.650000e-01
     vertex -2.179608e-02  1.078190e-01  1.650000e-01
   endloop
 endfacet
 facet normal -1.613578e-01  9.868960e-01  0.000000e+00
   outer loop
     vertex -1.910130e-02  1.083289e-01  1.950000e-01
     vertex -1.639465e-02  1.087714e-01  1.950000e-01
     vertex -1.639465e-02  1.087714e-01  1.650000e-01
   endloop
 endfacet
 facet normal -1.859116e-01  9.825665e-01  0.000000e+00
   outer loop
     vertex -2.179608e-02  1.078190e-01  1.950000e-01
     vertex -1.910130e-02  1.083289e-01  1.950000e-01
     vertex -2.179608e-02  1.078190e-01  1.650000e-01
   endloop
 endfacet
 facet normal -2.103499e-01  9.776262e-01  0.000000e+00
   outer loop
     vertex -2.447730e-02  1.072421e-01  1.950000e-01
     vertex -2.179608e-02  1.078190e-01  1.650000e-01
     vertex -2.447730e-02  1.072421e-01  1.650000e-01
   endloop
 endfacet
 facet normal -2.103499e-01  9.776262e-01  0.000000e+00
   outer loop
     vertex -2.447730e-02  1.072421e-01  1.950000e-01
     vertex -2.179608e-02  1.078190e-01  1.950000e-01
     vertex -2.179608e-02  1.078190e-01  1.650000e-01
   endloop
 endfacet
 facet normal -2.346574e-01  9.720781e-01  0.000000e+00
   outer loop
     vertex -2.714331e-02  1.065985e-01  1.950000e-01
     vertex -2.447730e-02  1.072421e-01  1.650000e-01
     vertex -2.714331e-02  1.065985e-01  1.650000e-01
   endloop
 endfacet
 facet normal -2.588190e-01  9.659258e-01  0.000000e+00
   outer loop
     vertex -2.714331e-02  1.065985e-01  1.950000e-01
     vertex -2.714331e-02  1.065985e-01  1.650000e-01
     vertex -2.979245e-02  1.058887e-01  1.650000e-01
   endloop
 endfacet
 facet normal -2.346574e-01  9.720781e-01  0.000000e+00
   outer loop
     vertex -2.714331e-02  1.065985e-01  1.950000e-01
     vertex -2.447730e-02  1.072421e-01  1.950000e-01
     vertex -2.447730e-02  1.072421e-01  1.650000e-01
   endloop
 endfacet
 facet normal -2.828198e-01  9.591731e-01  0.000000e+00
   outer loop
     vertex -2.979245e-02  1.058887e-01  1.950000e-01
     vertex -2.979245e-02  1.058887e-01  1.650000e-01
     vertex -3.242307e-02  1.051130e-01  1.650000e-01
   endloop
 endfacet
 facet normal -2.588190e-01  9.659258e-01  0.000000e+00
   outer loop
     vertex -2.979245e-02  1.058887e-01  1.950000e-01
     vertex -2.714331e-02  1.065985e-01  1.950000e-01
     vertex -2.979245e-02  1.058887e-01  1.650000e-01
   endloop
 endfacet
 facet normal -2.828198e-01  9.591731e-01  0.000000e+00
   outer loop
     vertex -3.242307e-02  1.051130e-01  1.950000e-01
     vertex -2.979245e-02  1.058887e-01  1.950000e-01
     vertex -3.242307e-02  1.051130e-01  1.650000e-01
   endloop
 endfacet
 facet normal -3.066447e-01  9.518240e-01  0.000000e+00
   outer loop
     vertex -3.503353e-02  1.042720e-01  1.950000e-01
     vertex -3.242307e-02  1.051130e-01  1.950000e-01
     vertex -3.242307e-02  1.051130e-01  1.650000e-01
   endloop
 endfacet
 facet normal -3.066447e-01  9.518240e-01  0.000000e+00
   outer loop
     vertex -3.503353e-02  1.042720e-01  1.950000e-01
     vertex -3.242307e-02  1.051130e-01  1.650000e-01
     vertex -3.503353e-02  1.042720e-01  1.650000e-01
   endloop
 endfacet
 facet normal -3.302791e-01  9.438833e-01  0.000000e+00
   outer loop
     vertex -3.503353e-02  1.042720e-01  1.950000e-01
     vertex -3.503353e-02  1.042720e-01  1.650000e-01
     vertex -3.762222e-02  1.033662e-01  1.650000e-01
   endloop
 endfacet
 facet normal -3.302791e-01  9.438833e-01  0.000000e+00
   outer loop
     vertex -3.762222e-02  1.033662e-01  1.950000e-01
     vertex -3.503353e-02  1.042720e-01  1.950000e-01
     vertex -3.762222e-02  1.033662e-01  1.650000e-01
   endloop
 endfacet
 facet normal -3.537081e-01  9.353559e-01  0.000000e+00
   outer loop
     vertex -4.018751e-02  1.023961e-01  1.950000e-01
     vertex -3.762222e-02  1.033662e-01  1.950000e-01
     vertex -3.762222e-02  1.033662e-01  1.650000e-01
   endloop
 endfacet
 facet normal -3.537081e-01  9.353559e-01  0.000000e+00
   outer loop
     vertex -4.018751e-02  1.023961e-01  1.950000e-01
     vertex -3.762222e-02  1.033662e-01  1.650000e-01
     vertex -4.018751e-02  1.023961e-01  1.650000e-01
   endloop
 endfacet
 facet normal -3.769172e-01  9.262470e-01  0.000000e+00
   outer loop
     vertex -4.018751e-02  1.023961e-01  1.950000e-01
     vertex -4.018751e-02  1.023961e-01  1.650000e-01
     vertex -4.272783e-02  1.013624e-01  1.650000e-01
   endloop
 endfacet
 facet normal -3.769172e-01  9.262470e-01  0.000000e+00
   outer loop
     vertex -4.272783e-02  1.013624e-01  1.950000e-01
     vertex -4.018751e-02  1.023961e-01  1.950000e-01
     vertex -4.272783e-02  1.013624e-01  1.650000e-01
   endloop
 endfacet
 facet normal -3.998920e-01  9.165623e-01  0.000000e+00
   outer loop
     vertex -4.524158e-02  1.002656e-01  1.950000e-01
     vertex -4.272783e-02  1.013624e-01  1.950000e-01
     vertex -4.272783e-02  1.013624e-01  1.650000e-01
   endloop
 endfacet
 facet normal -3.998920e-01  9.165623e-01  0.000000e+00
   outer loop
     vertex -4.524158e-02  1.002656e-01  1.950000e-01
     vertex -4.272783e-02  1.013624e-01  1.650000e-01
     vertex -4.524158e-02  1.002656e-01  1.650000e-01
   endloop
 endfacet
 facet normal -4.226183e-01  9.063078e-01  0.000000e+00
   outer loop
     vertex -4.524158e-02  1.002656e-01  1.950000e-01
     vertex -4.524158e-02  1.002656e-01  1.650000e-01
     vertex -4.772721e-02  9.910658e-02  1.650000e-01
   endloop
 endfacet
 facet normal -4.226183e-01  9.063078e-01  0.000000e+00
   outer loop
     vertex -4.772721e-02  9.910658e-02  1.950000e-01
     vertex -4.524158e-02  1.002656e-01  1.950000e-01
     vertex -4.772721e-02  9.910658e-02  1.650000e-01
   endloop
 endfacet
 facet normal -4.450818e-01  8.954899e-01  0.000000e+00
   outer loop
     vertex -5.018317e-02  9.788590e-02  1.950000e-01
     vertex -4.772721e-02  9.910658e-02  1.950000e-01
     vertex -4.772721e-02  9.910658e-02  1.650000e-01
   endloop
 endfacet
 facet normal -4.450818e-01  8.954899e-01  0.000000e+00
   outer loop
     vertex -5.018317e-02  9.788590e-02  1.950000e-01
     vertex -4.772721e-02  9.910658e-02  1.650000e-01
     vertex -5.018317e-02  9.788590e-02  1.650000e-01
   endloop
 endfacet
 facet normal -4.672686e-01  8.841154e-01  0.000000e+00
   outer loop
     vertex -5.018317e-02  9.788590e-02  1.950000e-01
     vertex -5.018317e-02  9.788590e-02  1.650000e-01
     vertex -5.260794e-02  9.660437e-02  1.650000e-01
   endloop
 endfacet
 facet normal -4.672686e-01  8.841154e-01  0.000000e+00
   outer loop
     vertex -5.260794e-02  9.660437e-02  1.950000e-01
     vertex -5.018317e-02  9.788590e-02  1.950000e-01
     vertex -5.260794e-02  9.660437e-02  1.650000e-01
   endloop
 endfacet
 facet normal -4.891650e-01  8.721913e-01  0.000000e+00
   outer loop
     vertex -5.500000e-02  9.526279e-02  1.950000e-01
     vertex -5.260794e-02  9.660437e-02  1.650000e-01
     vertex -5.500000e-02  9.526279e-02  1.650000e-01
   endloop
 endfacet
 facet normal -5.107573e-01  8.597249e-01  0.000000e+00
   outer loop
     vertex -5.500000e-02  9.526279e-02  1.950000e-01
     vertex -5.500000e-02  9.526279e-02  1.650000e-01
     vertex -5.735787e-02  9.386200e-02  1.650000e-01
   endloop
 endfacet
 facet normal -4.891650e-01  8.721913e-01  0.000000e+00
   outer loop
     vertex -5.500000e-02  9.526279e-02  1.950000e-01
     vertex -5.260794e-02  9.660437e-02  1.950000e-01
     vertex -5.260794e-02  9.660437e-02  1.650000e-01
   endloop
 endfacet
 facet normal -5.107573e-01  8.597249e-01  0.000000e+00
   outer loop
     vertex -5.735787e-02  9.386200e-02  1.950000e-01
     vertex -5.500000e-02  9.526279e-02  1.950000e-01
     vertex -5.735787e-02  9.386200e-02  1.650000e-01
   endloop
 endfacet
 facet normal -5.320321e-01  8.467242e-01  0.000000e+00
   outer loop
     vertex -5.968009e-02  9.240285e-02  1.950000e-01
     vertex -5.735787e-02  9.386200e-02  1.650000e-01
     vertex -5.968009e-02  9.240285e-02  1.650000e-01
   endloop
 endfacet
 facet normal -5.529761e-01  8.331971e-01  0.000000e+00
   outer loop
     vertex -5.968009e-02  9.240285e-02  1.950000e-01
     vertex -5.968009e-02  9.240285e-02  1.650000e-01
     vertex -6.196521e-02  9.088627e-02  1.650000e-01
   endloop
 endfacet
 facet normal -5.320321e-01  8.467242e-01  0.000000e+00
   outer loop
     vertex -5.968009e-02  9.240285e-02  1.950000e-01
     vertex -5.735787e-02  9.386200e-02  1.950000e-01
     vertex -5.735787e-02  9.386200e-02  1.650000e-01
   endloop
 endfacet
 facet normal -5.529761e-01  8.331971e-01  0.000000e+00
   outer loop
     vertex -6.196521e-02  9.088627e-02  1.950000e-01
     vertex -5.968009e-02  9.240285e-02  1.950000e-01
     vertex -6.196521e-02  9.088627e-02  1.650000e-01
   endloop
 endfacet
 facet normal -5.735764e-01  8.191520e-01  0.000000e+00
   outer loop
     vertex -6.421180e-02  8.931318e-02  1.950000e-01
     vertex -6.196521e-02  9.088627e-02  1.650000e-01
     vertex -6.421180e-02  8.931318e-02  1.650000e-01
   endloop
 endfacet
 facet normal -5.938202e-01  8.045978e-01  0.000000e+00
   outer loop
     vertex -6.421180e-02  8.931318e-02  1.950000e-01
     vertex -6.421180e-02  8.931318e-02  1.650000e-01
     vertex -6.641849e-02  8.768458e-02  1.650000e-01
   endloop
 endfacet
 facet normal -5.735764e-01  8.191520e-01  0.000000e+00
   outer loop
     vertex -6.421180e-02  8.931318e-02  1.950000e-01
     vertex -6.196521e-02  9.088627e-02  1.950000e-01
     vertex -6.196521e-02  9.088627e-02  1.650000e-01
   endloop
 endfacet
 facet normal -6.136948e-01  7.895433e-01  0.000000e+00
   outer loop
     vertex -6.641849e-02  8.768458e-02  1.950000e-01
     vertex -6.641849e-02  8.768458e-02  1.650000e-01
     vertex -6.858388e-02  8.600146e-02  1.650000e-01
   endloop
 endfacet
 facet normal -5.938202e-01  8.045978e-01  0.000000e+00
   outer loop
     vertex -6.641849e-02  8.768458e-02  1.950000e-01
     vertex -6.421180e-02  8.931318e-02  1.950000e-01
     vertex -6.641849e-02  8.768458e-02  1.650000e-01
   endloop
 endfacet
 facet normal -6.136948e-01  7.895433e-01  0.000000e+00
   outer loop
     vertex -6.858388e-02  8.600146e-02  1.950000e-01
     vertex -6.641849e-02  8.768458e-02  1.950000e-01
     vertex -6.858388e-02  8.600146e-02  1.650000e-01
   endloop
 endfacet
 facet normal -6.331879e-01  7.739981e-01  0.000000e+00
   outer loop
     vertex -7.070664e-02  8.426489e-02  1.950000e-01
     vertex -6.858388e-02  8.600146e-02  1.650000e-01
     vertex -7.070664e-02  8.426489e-02  1.650000e-01
   endloop
 endfacet
 facet normal -6.522874e-01  7.579717e-01  0.000000e+00
   outer loop
     vertex -7.070664e-02  8.426489e-02  1.950000e-01
     vertex -7.070664e-02  8.426489e-02  1.650000e-01
     vertex -7.278544e-02  8.247593e-02  1.650000e-01
   endloop
 endfacet
 facet normal -6.331879e-01  7.739981e-01  0.000000e+00
   outer loop
     vertex -7.070664e-02  8.426489e-02  1.950000e-01
     vertex -6.858388e-02  8.600146e-02  1.950000e-01
     vertex -6.858388e-02  8.600146e-02  1.650000e-01
   endloop
 endfacet
 facet normal -6.522874e-01  7.579717e-01  0.000000e+00
   outer loop
     vertex -7.278544e-02  8.247593e-02  1.950000e-01
     vertex -7.070664e-02  8.426489e-02  1.950000e-01
     vertex -7.278544e-02  8.247593e-02  1.650000e-01
   endloop
 endfacet
 facet normal -6.709814e-01  7.414742e-01  0.000000e+00
   outer loop
     vertex -7.481900e-02  8.063571e-02  1.950000e-01
     vertex -7.278544e-02  8.247593e-02  1.650000e-01
     vertex -7.481900e-02  8.063571e-02  1.650000e-01
   endloop
 endfacet
 facet normal -6.892583e-01  7.245157e-01  0.000000e+00
   outer loop
     vertex -7.481900e-02  8.063571e-02  1.950000e-01
     vertex -7.481900e-02  8.063571e-02  1.650000e-01
     vertex -7.680605e-02  7.874535e-02  1.650000e-01
   endloop
 endfacet
 facet normal -6.709814e-01  7.414742e-01  0.000000e+00
   outer loop
     vertex -7.481900e-02  8.063571e-02  1.950000e-01
     vertex -7.278544e-02  8.247593e-02  1.950000e-01
     vertex -7.278544e-02  8.247593e-02  1.650000e-01
   endloop
 endfacet
 facet normal -6.892583e-01  7.245157e-01  0.000000e+00
   outer loop
     vertex -7.680605e-02  7.874535e-02  1.950000e-01
     vertex -7.481900e-02  8.063571e-02  1.950000e-01
     vertex -7.680605e-02  7.874535e-02  1.650000e-01
   endloop
 endfacet
 facet normal -7.071068e-01  7.071068e-01  0.000000e+00
   outer loop
     vertex -7.874535e-02  7.680605e-02  1.950000e-01
     vertex -7.680605e-02  7.874535e-02  1.650000e-01
     vertex -7.874535e-02  7.680605e-02  1.650000e-01
   endloop
 endfacet
 facet normal -7.071068e-01  7.071068e-01  0.000000e+00
   outer loop
     vertex -7.874535e-02  7.680605e-02  1.950000e-01
     vertex -7.680605e-02  7.874535e-02  1.950000e-01
     vertex -7.680605e-02  7.874535e-02  1.650000e-01
   endloop
 endfacet
 facet normal -7.245157e-01  6.892583e-01  0.000000e+00
   outer loop
     vertex -8.063571e-02  7.481900e-02  1.950000e-01
     vertex -7.874535e-02  7.680605e-02  1.650000e-01
     vertex -8.063571e-02  7.481900e-02  1.650000e-01
   endloop
 endfacet
 facet normal -7.245157e-01  6.892583e-01  0.000000e+00
   outer loop
     vertex -8.063571e-02  7.481900e-02  1.950000e-01
     vertex -7.874535e-02  7.680605e-02  1.950000e-01
     vertex -7.874535e-02  7.680605e-02  1.650000e-01
   endloop
 endfacet
 facet normal -7.414742e-01  6.709814e-01  0.000000e+00
   outer loop
     vertex -8.247593e-02  7.278544e-02  1.950000e-01
     vertex -8.063571e-02  7.481900e-02  1.650000e-01
     vertex -8.247593e-02  7.278544e-02  1.650000e-01
   endloop
 endfacet
 facet normal -7.579717e-01  6.522874e-01  0.000000e+00
   outer loop
     vertex -8.247593e-02  7.278544e-02  1.950000e-01
     vertex -8.247593e-02  7.278544e-02  1.650000e-01
     vertex -8.426489e-02  7.070664e-02  1.650000e-01
   endloop
 endfacet
 facet normal -7.414742e-01  6.709814e-01  0.000000e+00
   outer loop
     vertex -8.247593e-02  7.278544e-02  1.950000e-01
     vertex -8.063571e-02  7.481900e-02  1.950000e-01
     vertex -8.063571e-02  7.481900e-02  1.650000e-01
   endloop
 endfacet
 facet normal -7.579717e-01  6.522874e-01  0.000000e+00
   outer loop
     vertex -8.426489e-02  7.070664e-02  1.950000e-01
     vertex -8.247593e-02  7.278544e-02  1.950000e-01
     vertex -8.426489e-02  7.070664e-02  1.650000e-01
   endloop
 endfacet
 facet normal -7.739981e-01  6.331879e-01  0.000000e+00
   outer loop
     vertex -8.600146e-02  6.858388e-02  1.950000e-01
     vertex -8.426489e-02  7.070664e-02  1.650000e-01
     vertex -8.600146e-02  6.858388e-02  1.650000e-01
   endloop
 endfacet
 facet normal -7.895433e-01  6.136948e-01  0.000000e+00
   outer loop
     vertex -8.600146e-02  6.858388e-02  1.950000e-01
     vertex -8.600146e-02  6.858388e-02  1.650000e-01
     vertex -8.768458e-02  6.641849e-02  1.650000e-01
   endloop
 endfacet
 facet normal -7.739981e-01  6.331879e-01  0.000000e+00
   outer loop
     vertex -8.600146e-02  6.858388e-02  1.950000e-01
     vertex -8.426489e-02  7.070664e-02  1.950000e-01
     vertex -8.426489e-02  7.070664e-02  1.650000e-01
   endloop
 endfacet
 facet normal -7.895433e-01  6.136948e-01  0.000000e+00
   outer loop
     vertex -8.768458e-02  6.641849e-02  1.950000e-01
     vertex -8.600146e-02  6.858388e-02  1.950000e-01
     vertex -8.768458e-02  6.641849e-02  1.650000e-01
   endloop
 endfacet
 facet normal -8.045978e-01  5.938202e-01  0.000000e+00
   outer loop
     vertex -8.931318e-02  6.421180e-02  1.950000e-01
     vertex -8.768458e-02  6.641849e-02  1.950000e-01
     vertex -8.768458e-02  6.641849e-02  1.650000e-01
   endloop
 endfacet
 facet normal -8.045978e-01  5.938202e-01  0.000000e+00
   outer loop
     vertex -8.931318e-02  6.421180e-02  1.950000e-01
     vertex -8.768458e-02  6.641849e-02  1.650000e-01
     vertex -8.931318e-02  6.421180e-02  1.650000e-01
   endloop
 endfacet
 facet normal -8.191520e-01  5.735764e-01  0.000000e+00
   outer loop
     vertex -9.088627e-02  6.196521e-02  1.950000e-01
     vertex -8.931318e-02  6.421180e-02  1.950000e-01
     vertex -8.931318e-02  6.421180e-02  1.650000e-01
   endloop
 endfacet
 facet normal -8.191520e-01  5.735764e-01  0.000000e+00
   outer loop
     vertex -9.088627e-02  6.196521e-02  1.950000e-01
     vertex -8.931318e-02  6.421180e-02  1.650000e-01
     vertex -9.088627e-02  6.196521e-02  1.650000e-01
   endloop
 endfacet
 facet normal -8.331971e-01  5.529761e-01  0.000000e+00
   outer loop
     vertex -9.240285e-02  5.968009e-02  1.950000e-01
     vertex -9.088627e-02  6.196521e-02  1.950000e-01
     vertex -9.088627e-02  6.196521e-02  1.650000e-01
   endloop
 endfacet
 facet normal -8.331971e-01  5.529761e-01  0.000000e+00
   outer loop
     vertex -9.240285e-02  5.968009e-02  1.950000e-01
     vertex -9.088627e-02  6.196521e-02  1.650000e-01
     vertex -9.240285e-02  5.968009e-02  1.650000e-01
   endloop
 endfacet
 facet normal -8.467242e-01  5.320321e-01  0.000000e+00
   outer loop
     vertex -9.240285e-02  5.968009e-02  1.950000e-01
     vertex -9.240285e-02  5.968009e-02  1.650000e-01
     vertex -9.386200e-02  5.735787e-02  1.650000e-01
   endloop
 endfacet
 facet normal -8.467242e-01  5.320321e-01  0.000000e+00
   outer loop
     vertex -9.386200e-02  5.735787e-02  1.950000e-01
     vertex -9.240285e-02  5.968009e-02  1.950000e-01
     vertex -9.386200e-02  5.735787e-02  1.650000e-01
   endloop
 endfacet
 facet normal -8.597249e-01  5.107573e-01  0.000000e+00
   outer loop
     vertex -9.526279e-02  5.500000e-02  1.950000e-01
     vertex -9.386200e-02  5.735787e-02  1.950000e-01
     vertex -9.386200e-02  5.735787e-02  1.650000e-01
   endloop
 endfacet
 facet normal -8.597249e-01  5.107573e-01  0.000000e+00
   outer loop
     vertex -9.526279e-02  5.500000e-02  1.950000e-01
     vertex -9.386200e-02  5.735787e-02  1.650000e-01
     vertex -9.526279e-02  5.500000e-02  1.650000e-01
   endloop
 endfacet
 facet normal -8.721913e-01  4.891650e-01  0.000000e+00
   outer loop
     vertex -9.660437e-02  5.260794e-02  1.950000e-01
     vertex -9.526279e-02  5.500000e-02  1.950000e-01
     vertex -9.526279e-02  5.500000e-02  1.650000e-01
   endloop
 endfacet
 facet normal -8.721913e-01  4.891650e-01  0.000000e+00
   outer loop
     vertex -9.660437e-02  5.260794e-02  1.950000e-01
     vertex -9.526279e-02  5.500000e-02  1.650000e-01
     vertex -9.660437e-02  5.260794e-02  1.650000e-01
   endloop
 endfacet
 facet normal -8.841154e-01  4.672686e-01  0.000000e+00
   outer loop
     vertex -9.660437e-02  5.260794e-02  1.950000e-01
     vertex -9.660437e-02  5.260794e-02  1.650000e-01
     vertex -9.788590e-02  5.018317e-02  1.650000e-01
   endloop
 endfacet
 facet normal -8.841154e-01  4.672686e-01  0.000000e+00
   outer loop
     vertex -9.788590e-02  5.018317e-02  1.950000e-01
     vertex -9.660437e-02  5.260794e-02  1.950000e-01
     vertex -9.788590e-02  5.018317e-02  1.650000e-01
   endloop
 endfacet
 facet normal -8.954899e-01  4.450818e-01  0.000000e+00
   outer loop
     vertex -9.910658e-02  4.772721e-02  1.950000e-01
     vertex -9.788590e-02  5.018317e-02  1.950000e-01
     vertex -9.788590e-02  5.018317e-02  1.650000e-01
   endloop
 endfacet
 facet normal -8.954899e-01  4.450818e-01  0.000000e+00
   outer loop
     vertex -9.910658e-02  4.772721e-02  1.950000e-01
     vertex -9.788590e-02  5.018317e-02  1.650000e-01
     vertex -9.910658e-02  4.772721e-02  1.650000e-01
   endloop
 endfacet
 facet normal -9.063078e-01  4.226183e-01  0.000000e+00
   outer loop
     vertex -9.910658e-02  4.772721e-02  1.950000e-01
     vertex -9.910658e-02  4.772721e-02  1.650000e-01
     vertex -1.002656e-01  4.524158e-02  1.650000e-01
   endloop
 endfacet
 facet normal -9.063078e-01  4.226183e-01  0.000000e+00
   outer loop
     vertex -1.002656e-01  4.524158e-02  1.950000e-01
     vertex -9.910658e-02  4.772721e-02  1.950000e-01
     vertex -1.002656e-01  4.524158e-02  1.650000e-01
   endloop
 endfacet
 facet normal -9.165623e-01  3.998920e-01  0.000000e+00
   outer loop
     vertex -1.013624e-01  4.272783e-02  1.950000e-01
     vertex -1.002656e-01  4.524158e-02  1.950000e-01
     vertex -1.002656e-01  4.524158e-02  1.650000e-01
   endloop
 endfacet
 facet normal -9.165623e-01  3.998920e-01  0.000000e+00
   outer loop
     vertex -1.013624e-01  4.272783e-02  1.950000e-01
     vertex -1.002656e-01  4.524158e-02  1.650000e-01
     vertex -1.013624e-01  4.272783e-02  1.650000e-01
   endloop
 endfacet
 facet normal -9.262470e-01  3.769172e-01  0.000000e+00
   outer loop
     vertex -1.023961e-01  4.018751e-02  1.950000e-01
     vertex -1.013624e-01  4.272783e-02  1.950000e-01
     vertex -1.013624e-01  4.272783e-02  1.650000e-01
   endloop
 endfacet
 facet normal -9.262470e-01  3.769172e-01  0.000000e+00
   outer loop
     vertex -1.023961e-01  4.018751e-02  1.950000e-01
     vertex -1.013624e-01  4.272783e-02  1.650000e-01
     vertex -1.023961e-01  4.018751e-02  1.650000e-01
   endloop
 endfacet
 facet normal -9.353559e-01  3.537081e-01  0.000000e+00
   outer loop
     vertex -1.033662e-01  3.762222e-02  1.950000e-01
     vertex -1.023961e-01  4.018751e-02  1.950000e-01
     vertex -1.023961e-01  4.018751e-02  1.650000e-01
   endloop
 endfacet
 facet normal -9.353559e-01  3.537081e-01  0.000000e+00
   outer loop
     vertex -1.033662e-01  3.762222e-02  1.950000e-01
     vertex -1.023961e-01  4.018751e-02  1.650000e-01
     vertex -1.033662e-01  3.762222e-02  1.650000e-01
   endloop
 endfacet
 facet normal -9.438833e-01  3.302791e-01  0.000000e+00
   outer loop
     vertex -1.033662e-01  3.762222e-02  1.950000e-01
     vertex -1.033662e-01  3.762222e-02  1.650000e-01
     vertex -1.042720e-01  3.503353e-02  1.650000e-01
   endloop
 endfacet
 facet normal -9.438833e-01  3.302791e-01  0.000000e+00
   outer loop
     vertex -1.042720e-01  3.503353e-02  1.950000e-01
     vertex -1.033662e-01  3.762222e-02  1.950000e-01
     vertex -1.042720e-01  3.503353e-02  1.650000e-01
   endloop
 endfacet
 facet normal -9.518240e-01  3.066447e-01  0.000000e+00
   outer loop
     vertex -1.051130e-01  3.242307e-02  1.950000e-01
     vertex -1.042720e-01  3.503353e-02  1.950000e-01
     vertex -1.042720e-01  3.503353e-02  1.650000e-01
   endloop
 endfacet
 facet normal -9.518240e-01  3.066447e-01  0.000000e+00
   outer loop
     vertex -1.051130e-01  3.242307e-02  1.950000e-01
     vertex -1.042720e-01  3.503353e-02  1.650000e-01
     vertex -1.051130e-01  3.242307e-02  1.650000e-01
   endloop
 endfacet
 facet normal -9.591731e-01  2.828198e-01  0.000000e+00
   outer loop
     vertex -1.058887e-01  2.979245e-02  1.950000e-01
     vertex -1.051130e-01  3.242307e-02  1.950000e-01
     vertex -1.051130e-01  3.242307e-02  1.650000e-01
   endloop
 endfacet
 facet normal -9.591731e-01  2.828198e-01  0.000000e+00
   outer loop
     vertex -1.058887e-01  2.979245e-02  1.950000e-01
     vertex -1.051130e-01  3.242307e-02  1.650000e-01
     vertex -1.058887e-01  2.979245e-02  1.650000e-01
   endloop
 endfacet
 facet normal -9.659258e-01  2.588190e-01  0.000000e+00
   outer loop
     vertex -1.065985e-01  2.714331e-02  1.950000e-01
     vertex -1.058887e-01  2.979245e-02  1.950000e-01
     vertex -1.058887e-01  2.979245e-02  1.650000e-01
   endloop
 endfacet
 facet normal -9.659258e-01  2.588190e-01  0.000000e+00
   outer loop
     vertex -1.065985e-01  2.714331e-02  1.950000e-01
     vertex -1.058887e-01  2.979245e-02  1.650000e-01
     vertex -1.065985e-01  2.714331e-02  1.650000e-01
   endloop
 endfacet
 facet normal -9.720781e-01  2.346574e-01  0.000000e+00
   outer loop
     vertex -1.065985e-01  2.714331e-02  1.950000e-01
     vertex -1.065985e-01  2.714331e-02  1.650000e-01
     vertex -1.072421e-01  2.447730e-02  1.650000e-01
   endloop
 endfacet
 facet normal -9.720781e-01  2.346574e-01  0.000000e+00
   outer loop
     vertex -1.072421e-01  2.447730e-02  1.950000e-01
     vertex -1.065985e-01  2.714331e-02  1.950000e-01
     vertex -1.072421e-01  2.447730e-02  1.650000e-01
   endloop
 endfacet
 facet normal -9.776262e-01  2.103499e-01  0.000000e+00
   outer loop
     vertex -1.078190e-01  2.179608e-02  1.950000e-01
     vertex -1.072421e-01  2.447730e-02  1.650000e-01
     vertex -1.078190e-01  2.179608e-02  1.650000e-01
   endloop
 endfacet
 facet normal -9.776262e-01  2.103499e-01  0.000000e+00
   outer loop
     vertex -1.078190e-01  2.179608e-02  1.950000e-01
     vertex -1.072421e-01  2.447730e-02  1.950000e-01
     vertex -1.072421e-01  2.447730e-02  1.650000e-01
   endloop
 endfacet
 facet normal -9.825665e-01  1.859116e-01  0.000000e+00
   outer loop
     vertex -1.083289e-01  1.910130e-02  1.950000e-01
     vertex -1.078190e-01  2.179608e-02  1.650000e-01
     vertex -1.083289e-01  1.910130e-02  1.650000e-01
   endloop
 endfacet
 facet normal -9.825665e-01  1.859116e-01  0.000000e+00
   outer loop
     vertex -1.083289e-01  1.910130e-02  1.950000e-01
     vertex -1.078190e-01  2.179608e-02  1.950000e-01
     vertex -1.078190e-01  2.179608e-02  1.650000e-01
   endloop
 endfacet
 facet normal -9.868960e-01  1.613578e-01  0.000000e+00
   outer loop
     vertex -1.087714e-01  1.639465e-02  1.950000e-01
     vertex -1.083289e-01  1.910130e-02  1.650000e-01
     vertex -1.087714e-01  1.639465e-02  1.650000e-01
   endloop
 endfacet
 facet normal -9.868960e-01  1.613578e-01  0.000000e+00
   outer loop
     vertex -1.087714e-01  1.639465e-02  1.950000e-01
     vertex -1.083289e-01  1.910130e-02  1.950000e-01
     vertex -1.083289e-01  1.910130e-02  1.650000e-01
   endloop
 endfacet
 facet normal -9.906120e-01  1.367036e-01  0.000000e+00
   outer loop
     vertex -1.091463e-01  1.367781e-02  1.950000e-01
     vertex -1.087714e-01  1.639465e-02  1.650000e-01
     vertex -1.091463e-01  1.367781e-02  1.650000e-01
   endloop
 endfacet
 facet normal -9.937122e-01  1.119645e-01  0.000000e+00
   outer loop
     vertex -1.091463e-01  1.367781e-02  1.950000e-01
     vertex -1.091463e-01  1.367781e-02  1.650000e-01
     vertex -1.094534e-01  1.095246e-02  1.650000e-01
   endloop
 endfacet
 facet normal -9.906120e-01  1.367036e-01  0.000000e+00
   outer loop
     vertex -1.091463e-01  1.367781e-02  1.950000e-01
     vertex -1.087714e-01  1.639465e-02  1.950000e-01
     vertex -1.087714e-01  1.639465e-02  1.650000e-01
   endloop
 endfacet
 facet normal -9.937122e-01  1.119645e-01  0.000000e+00
   outer loop
     vertex -1.094534e-01  1.095246e-02  1.950000e-01
     vertex -1.091463e-01  1.367781e-02  1.950000e-01
     vertex -1.094534e-01  1.095246e-02  1.650000e-01
   endloop
 endfacet
 facet normal -9.961947e-01  8.715574e-02  0.000000e+00
   outer loop
     vertex -1.096924e-01  8.220310e-03  1.950000e-01
     vertex -1.094534e-01  1.095246e-02  1.650000e-01
     vertex -1.096924e-01  8.220310e-03  1.650000e-01
   endloop
 endfacet
 facet normal -9.980579e-01  6.229283e-02  0.000000e+00
   outer loop
     vertex -1.096924e-01  8.220310e-03  1.950000e-01
     vertex -1.096924e-01  8.220310e-03  1.650000e-01
     vertex -1.098633e-01  5.483047e-03  1.650000e-01
   endloop
 endfacet
 facet normal -9.961947e-01  8.715574e-02  0.000000e+00
   outer loop
     vertex -1.096924e-01  8.220310e-03  1.950000e-01
     vertex -1.094534e-01  1.095246e-02  1.950000e-01
     vertex -1.094534e-01  1.095246e-02  1.650000e-01
   endloop
 endfacet
 facet normal -9.980579e-01  6.229283e-02  0.000000e+00
   outer loop
     vertex -1.098633e-01  5.483047e-03  1.950000e-01
     vertex -1.096924e-01  8.220310e-03  1.950000e-01
     vertex -1.098633e-01  5.483047e-03  1.650000e-01
   endloop
 endfacet
 facet normal -9.993007e-01  3.739119e-02  0.000000e+00
   outer loop
     vertex -1.099658e-01  2.742376e-03  1.950000e-01
     vertex -1.098633e-01  5.483047e-03  1.650000e-01
     vertex -1.099658e-01  2.742376e-03  1.650000e-01
   endloop
 endfacet
 facet normal -9.999223e-01  1.246631e-02  0.000000e+00
   outer loop
     vertex -1.099658e-01  2.742376e-03  1.950000e-01
     vertex -1.099658e-01  2.742376e-03  1.650000e-01
     vertex -1.100000e-01 -8.658255e-16  1.650000e-01
   endloop
 endfacet
 facet normal -9.993007e-01  3.739119e-02  0.000000e+00
   outer loop
     vertex -1.099658e-01  2.742376e-03  1.950000e-01
     vertex -1.098633e-01  5.483047e-03  1.950000e-01
     vertex -1.098633e-01  5.483047e-03  1.650000e-01
   endloop
 endfacet
 facet normal -9.999223e-01  1.246631e-02  0.000000e+00
   outer loop
     vertex -1.100000e-01 -8.658255e-16  1.950000e-01
     vertex -1.099658e-01  2.742376e-03  1.950000e-01
     vertex -1.100000e-01 -8.658255e-16  1.650000e-01
   endloop
 endfacet
 facet normal -9.999223e-01 -1.246631e-02  0.000000e+00
   outer loop
     vertex -1.099658e-01 -2.742376e-03  1.950000e-01
     vertex -1.100000e-01 -8.658255e-16  1.950000e-01
     vertex -1.100000e-01 -8.658255e-16  1.650000e-01
   endloop
 endfacet
 facet normal -9.999223e-01 -1.246631e-02 -0.000000e+00
   outer loop
     vertex -1.099658e-01 -2.742376e-03  1.950000e-01
     vertex -1.100000e-01 -8.658255e-16  1.650000e-01
     vertex -1.099658e-01 -2.742376e-03  1.650000e-01
   endloop
 endfacet
 facet normal -9.993007e-01 -3.739119e-02 -0.000000e+00
   outer loop
     vertex -1.099658e-01 -2.742376e-03  1.950000e-01
     vertex -1.099658e-01 -2.742376e-03  1.650000e-01
     vertex -1.098633e-01 -5.483047e-03  1.650000e-01
   endloop
 endfacet
 facet normal -9.993007e-01 -3.739119e-02 -0.000000e+00
   outer loop
     vertex -1.098633e-01 -5.483047e-03  1.950000e-01
     vertex -1.099658e-01 -2.742376e-03  1.950000e-01
     vertex -1.098633e-01 -5.483047e-03  1.650000e-01
   endloop
 endfacet
 facet normal -9.980579e-01 -6.229283e-02  0.000000e+00
   outer loop
     vertex -1.096924e-01 -8.220310e-03  1.950000e-01
     vertex -1.098633e-01 -5.483047e-03  1.950000e-01
     vertex -1.098633e-01 -5.483047e-03  1.650000e-01
   endloop
 endfacet
 facet normal -9.980579e-01 -6.229283e-02 -0.000000e+00
   outer loop
     vertex -1.096924e-01 -8.220310e-03  1.950000e-01
     vertex -1.098633e-01 -5.483047e-03  1.650000e-01
     vertex -1.096924e-01 -8.220310e-03  1.650000e-01
   endloop
 endfacet
 facet normal -9.961947e-01 -8.715574e-02 -0.000000e+00
   outer loop
     vertex -1.096924e-01 -8.220310e-03  1.950000e-01
     vertex -1.096924e-01 -8.220310e-03  1.650000e-01
     vertex -1.094534e-01 -1.095246e-02  1.650000e-01
   endloop
 endfacet
 facet normal -9.961947e-01 -8.715574e-02 -0.000000e+00
   outer loop
     vertex -1.094534e-01 -1.095246e-02  1.950000e-01
     vertex -1.096924e-01 -8.220310e-03  1.950000e-01
     vertex -1.094534e-01 -1.095246e-02  1.650000e-01
   endloop
 endfacet
 facet normal -9.937122e-01 -1.119645e-01 -0.000000e+00
   outer loop
     vertex -1.094534e-01 -1.095246e-02  1.950000e-01
     vertex -1.094534e-01 -1.095246e-02  1.650000e-01
     vertex -1.091463e-01 -1.367781e-02  1.650000e-01
   endloop
 endfacet
 facet normal -9.937122e-01 -1.119645e-01 -0.000000e+00
   outer loop
     vertex -1.091463e-01 -1.367781e-02  1.950000e-01
     vertex -1.094534e-01 -1.095246e-02  1.950000e-01
     vertex -1.091463e-01 -1.367781e-02  1.650000e-01
   endloop
 endfacet
 facet normal -9.906120e-01 -1.367036e-01  0.000000e+00
   outer loop
     vertex -1.087714e-01 -1.639465e-02  1.950000e-01
     vertex -1.091463e-01 -1.367781e-02  1.950000e-01
     vertex -1.091463e-01 -1.367781e-02  1.650000e-01
   endloop
 endfacet
 facet normal -9.906120e-01 -1.367036e-01 -0.000000e+00
   outer loop
     vertex -1.087714e-01 -1.639465e-02  1.950000e-01
     vertex -1.091463e-01 -1.367781e-02  1.650000e-01
     vertex -1.087714e-01 -1.639465e-02  1.650000e-01
   endloop
 endfacet
 facet normal -9.868960e-01 -1.613578e-01  0.000000e+00
   outer loop
     vertex -1.083289e-01 -1.910130e-02  1.950000e-01
     vertex -1.087714e-01 -1.639465e-02  1.950000e-01
     vertex -1.087714e-01 -1.639465e-02  1.650000e-01
   endloop
 endfacet
 facet normal -9.868960e-01 -1.613578e-01 -0.000000e+00
   outer loop
     vertex -1.083289e-01 -1.910130e-02  1.950000e-01
     vertex -1.087714e-01 -1.639465e-02  1.650000e-01
     vertex -1.083289e-01 -1.910130e-02  1.650000e-01
   endloop
 endfacet
 facet normal -9.825665e-01 -1.859116e-01 -0.000000e+00
   outer loop
     vertex -1.083289e-01 -1.910130e-02  1.950000e-01
     vertex -1.083289e-01 -1.910130e-02  1.650000e-01
     vertex -1.078190e-01 -2.179608e-02  1.650000e-01
   endloop
 endfacet
 facet normal -9.825665e-01 -1.859116e-01 -0.000000e+00
   outer loop
     vertex -1.078190e-01 -2.179608e-02  1.950000e-01
     vertex -1.083289e-01 -1.910130e-02  1.950000e-01
     vertex -1.078190e-01 -2.179608e-02  1.650000e-01
   endloop
 endfacet
 facet normal -9.776262e-01 -2.103499e-01 -0.000000e+00
   outer loop
     vertex -1.078190e-01 -2.179608e-02  1.950000e-01
     vertex -1.078190e-01 -2.179608e-02  1.650000e-01
     vertex -1.072421e-01 -2.447730e-02  1.650000e-01
   endloop
 endfacet
 facet normal -9.776262e-01 -2.103499e-01 -0.000000e+00
   outer loop
     vertex -1.072421e-01 -2.447730e-02  1.950000e-01
     vertex -1.078190e-01 -2.179608e-02  1.950000e-01
     vertex -1.072421e-01 -2.447730e-02  1.650000e-01
   endloop
 endfacet
 facet normal -9.720781e-01 -2.346574e-01  0.000000e+00
   outer loop
     vertex -1.065985e-01 -2.714331e-02  1.950000e-01
     vertex -1.072421e-01 -2.447730e-02  1.950000e-01
     vertex -1.072421e-01 -2.447730e-02  1.650000e-01
   endloop
 endfacet
 facet normal -9.720781e-01 -2.346574e-01 -0.000000e+00
   outer loop
     vertex -1.065985e-01 -2.714331e-02  1.950000e-01
     vertex -1.072421e-01 -2.447730e-02  1.650000e-01
     vertex -1.065985e-01 -2.714331e-02  1.650000e-01
   endloop
 endfacet
 facet normal -9.659258e-01 -2.588190e-01 -0.000000e+00
   outer loop
     vertex -1.065985e-01 -2.714331e-02  1.950000e-01
     vertex -1.065985e-01 -2.714331e-02  1.650000e-01
     vertex -1.058887e-01 -2.979245e-02  1.650000e-01
   endloop
 endfacet
 facet normal -9.659258e-01 -2.588190e-01 -0.000000e+00
   outer loop
     vertex -1.058887e-01 -2.979245e-02  1.950000e-01
     vertex -1.065985e-01 -2.714331e-02  1.950000e-01
     vertex -1.058887e-01 -2.979245e-02  1.650000e-01
   endloop
 endfacet
 facet normal -9.591731e-01 -2.828198e-01  0.000000e+00
   outer loop
     vertex -1.051130e-01 -3.242307e-02  1.950000e-01
     vertex -1.058887e-01 -2.979245e-02  1.950000e-01
     vertex -1.058887e-01 -2.979245e-02  1.650000e-01
   endloop
 endfacet
 facet normal -9.591731e-01 -2.828198e-01 -0.000000e+00
   outer loop
     vertex -1.051130e-01 -3.242307e-02  1.950000e-01
     vertex -1.058887e-01 -2.979245e-02  1.650000e-01
     vertex -1.051130e-01 -3.242307e-02  1.650000e-01
   endloop
 endfacet
 facet normal -9.518240e-01 -3.066447e-01 -0.000000e+00
   outer loop
     vertex -1.051130e-01 -3.242307e-02  1.950000e-01
     vertex -1.051130e-01 -3.242307e-02  1.650000e-01
     vertex -1.042720e-01 -3.503353e-02  1.650000e-01
   endloop
 endfacet
 facet normal -9.518240e-01 -3.066447e-01 -0.000000e+00
   outer loop
     vertex -1.042720e-01 -3.503353e-02  1.950000e-01
     vertex -1.051130e-01 -3.242307e-02  1.950000e-01
     vertex -1.042720e-01 -3.503353e-02  1.650000e-01
   endloop
 endfacet
 facet normal -9.438833e-01 -3.302791e-01 -0.000000e+00
   outer loop
     vertex -1.042720e-01 -3.503353e-02  1.950000e-01
     vertex -1.042720e-01 -3.503353e-02  1.650000e-01
     vertex -1.033662e-01 -3.762222e-02  1.650000e-01
   endloop
 endfacet
 facet normal -9.438833e-01 -3.302791e-01 -0.000000e+00
   outer loop
     vertex -1.033662e-01 -3.762222e-02  1.950000e-01
     vertex -1.042720e-01 -3.503353e-02  1.950000e-01
     vertex -1.033662e-01 -3.762222e-02  1.650000e-01
   endloop
 endfacet
 facet normal -9.353559e-01 -3.537081e-01  0.000000e+00
   outer loop
     vertex -1.023961e-01 -4.018751e-02  1.950000e-01
     vertex -1.033662e-01 -3.762222e-02  1.950000e-01
     vertex -1.033662e-01 -3.762222e-02  1.650000e-01
   endloop
 endfacet
 facet normal -9.353559e-01 -3.537081e-01 -0.000000e+00
   outer loop
     vertex -1.023961e-01 -4.018751e-02  1.950000e-01
     vertex -1.033662e-01 -3.762222e-02  1.650000e-01
     vertex -1.023961e-01 -4.018751e-02  1.650000e-01
   endloop
 endfacet
 facet normal -9.262470e-01 -3.769172e-01 -0.000000e+00
   outer loop
     vertex -1.023961e-01 -4.018751e-02  1.950000e-01
     vertex -1.023961e-01 -4.018751e-02  1.650000e-01
     vertex -1.013624e-01 -4.272783e-02  1.650000e-01
   endloop
 endfacet
 facet normal -9.262470e-01 -3.769172e-01 -0.000000e+00
   outer loop
     vertex -1.013624e-01 -4.272783e-02  1.950000e-01
     vertex -1.023961e-01 -4.018751e-02  1.950000e-01
     vertex -1.013624e-01 -4.272783e-02  1.650000e-01
   endloop
 endfacet
 facet normal -9.165623e-01 -3.998920e-01 -0.000000e+00
   outer loop
     vertex -1.013624e-01 -4.272783e-02  1.950000e-01
     vertex -1.013624e-01 -4.272783e-02  1.650000e-01
     vertex -1.002656e-01 -4.524158e-02  1.650000e-01
   endloop
 endfacet
 facet normal -9.165623e-01 -3.998920e-01 -0.000000e+00
   outer loop
     vertex -1.002656e-01 -4.524158e-02  1.950000e-01
     vertex -1.013624e-01 -4.272783e-02  1.950000e-01
     vertex -1.002656e-01 -4.524158e-02  1.650000e-01
   endloop
 endfacet
 facet normal -9.063078e-01 -4.226183e-01 -0.000000e+00
   outer loop
     vertex -1.002656e-01 -4.524158e-02  1.950000e-01
     vertex -1.002656e-01 -4.524158e-02  1.650000e-01
     vertex -9.910658e-02 -4.772721e-02  1.650000e-01
   endloop
 endfacet
 facet normal -9.063078e-01 -4.226183e-01 -0.000000e+00
   outer loop
     vertex -9.910658e-02 -4.772721e-02  1.950000e-01
     vertex -1.002656e-01 -4.524158e-02  1.950000e-01
     vertex -9.910658e-02 -4.772721e-02  1.650000e-01
   endloop
 endfacet
 facet normal -8.954899e-01 -4.450818e-01  0.000000e+00
   outer loop
     vertex -9.788590e-02 -5.018317e-02  1.950000e-01
     vertex -9.910658e-02 -4.772721e-02  1.950000e-01
     vertex -9.910658e-02 -4.772721e-02  1.650000e-01
   endloop
 endfacet
 facet normal -8.954899e-01 -4.450818e-01 -0.000000e+00
   outer loop
     vertex -9.788590e-02 -5.018317e-02  1.950000e-01
     vertex -9.910658e-02 -4.772721e-02  1.650000e-01
     vertex -9.788590e-02 -5.018317e-02  1.650000e-01
   endloop
 endfacet
 facet normal -8.841154e-01 -4.672686e-01 -0.000000e+00
   outer loop
     vertex -9.788590e-02 -5.018317e-02  1.950000e-01
     vertex -9.788590e-02 -5.018317e-02  1.650000e-01
     vertex -9.660437e-02 -5.260794e-02  1.650000e-01
   endloop
 endfacet
 facet normal -8.841154e-01 -4.672686e-01 -0.000000e+00
   outer loop
     vertex -9.660437e-02 -5.260794e-02  1.950000e-01
     vertex -9.788590e-02 -5.018317e-02  1.950000e-01
     vertex -9.660437e-02 -5.260794e-02  1.650000e-01
   endloop
 endfacet
 facet normal -8.721913e-01 -4.891650e-01 -0.000000e+00
   outer loop
     vertex -9.660437e-02 -5.260794e-02  1.950000e-01
     vertex -9.660437e-02 -5.260794e-02  1.650000e-01
     vertex -9.526279e-02 -5.500000e-02  1.650000e-01
   endloop
 endfacet
 facet normal -8.721913e-01 -4.891650e-01 -0.000000e+00
   outer loop
     vertex -9.526279e-02 -5.500000e-02  1.950000e-01
     vertex -9.660437e-02 -5.260794e-02  1.950000e-01
     vertex -9.526279e-02 -5.500000e-02  1.650000e-01
   endloop
 endfacet
 facet normal -8.597249e-01 -5.107573e-01  0.000000e+00
   outer loop
     vertex -9.386200e-02 -5.735787e-02  1.950000e-01
     vertex -9.526279e-02 -5.500000e-02  1.950000e-01
     vertex -9.526279e-02 -5.500000e-02  1.650000e-01
   endloop
 endfacet
 facet normal -8.597249e-01 -5.107573e-01 -0.000000e+00
   outer loop
     vertex -9.386200e-02 -5.735787e-02  1.950000e-01
     vertex -9.526279e-02 -5.500000e-02  1.650000e-01
     vertex -9.386200e-02 -5.735787e-02  1.650000e-01
   endloop
 endfacet
 facet normal -8.467242e-01 -5.320321e-01 -0.000000e+00
   outer loop
     vertex -9.386200e-02 -5.735787e-02  1.950000e-01
     vertex -9.386200e-02 -5.735787e-02  1.650000e-01
     vertex -9.240285e-02 -5.968009e-02  1.650000e-01
   endloop
 endfacet
 facet normal -8.467242e-01 -5.320321e-01 -0.000000e+00
   outer loop
     vertex -9.240285e-02 -5.968009e-02  1.950000e-01
     vertex -9.386200e-02 -5.735787e-02  1.950000e-01
     vertex -9.240285e-02 -5.968009e-02  1.650000e-01
   endloop
 endfacet
 facet normal -8.191520e-01 -5.735764e-01 -0.000000e+00
   outer loop
     vertex -9.088627e-02 -6.196521e-02  1.950000e-01
     vertex -9.088627e-02 -6.196521e-02  1.650000e-01
     vertex -8.931318e-02 -6.421180e-02  1.650000e-01
   endloop
 endfacet
 facet normal -8.331971e-01 -5.529761e-01  0.000000e+00
   outer loop
     vertex -9.088627e-02 -6.196521e-02  1.950000e-01
     vertex -9.240285e-02 -5.968009e-02  1.950000e-01
     vertex -9.240285e-02 -5.968009e-02  1.650000e-01
   endloop
 endfacet
 facet normal -8.331971e-01 -5.529761e-01 -0.000000e+00
   outer loop
     vertex -9.088627e-02 -6.196521e-02  1.950000e-01
     vertex -9.240285e-02 -5.968009e-02  1.650000e-01
     vertex -9.088627e-02 -6.196521e-02  1.650000e-01
   endloop
 endfacet
 facet normal -8.191520e-01 -5.735764e-01 -0.000000e+00
   outer loop
     vertex -8.931318e-02 -6.421180e-02  1.950000e-01
     vertex -9.088627e-02 -6.196521e-02  1.950000e-01
     vertex -8.931318e-02 -6.421180e-02  1.650000e-01
   endloop
 endfacet
 facet normal -8.045978e-01 -5.938202e-01  0.000000e+00
   outer loop
     vertex -8.768458e-02 -6.641849e-02  1.950000e-01
     vertex -8.931318e-02 -6.421180e-02  1.950000e-01
     vertex -8.931318e-02 -6.421180e-02  1.650000e-01
   endloop
 endfacet
 facet normal -8.045978e-01 -5.938202e-01 -0.000000e+00
   outer loop
     vertex -8.768458e-02 -6.641849e-02  1.950000e-01
     vertex -8.931318e-02 -6.421180e-02  1.650000e-01
     vertex -8.768458e-02 -6.641849e-02  1.650000e-01
   endloop
 endfacet
 facet normal -7.895433e-01 -6.136948e-01 -0.000000e+00
   outer loop
     vertex -8.768458e-02 -6.641849e-02  1.950000e-01
     vertex -8.768458e-02 -6.641849e-02  1.650000e-01
     vertex -8.600146e-02 -6.858388e-02  1.650000e-01
   endloop
 endfacet
 facet normal -7.895433e-01 -6.136948e-01 -0.000000e+00
   outer loop
     vertex -8.600146e-02 -6.858388e-02  1.950000e-01
     vertex -8.768458e-02 -6.641849e-02  1.950000e-01
     vertex -8.600146e-02 -6.858388e-02  1.650000e-01
   endloop
 endfacet
 facet normal -7.739981e-01 -6.331879e-01 -0.000000e+00
   outer loop
     vertex -8.426489e-02 -7.070664e-02  1.950000e-01
     vertex -8.600146e-02 -6.858388e-02  1.650000e-01
     vertex -8.426489e-02 -7.070664e-02  1.650000e-01
   endloop
 endfacet
 facet normal -7.579717e-01 -6.522874e-01 -0.000000e+00
   outer loop
     vertex -8.426489e-02 -7.070664e-02  1.950000e-01
     vertex -8.426489e-02 -7.070664e-02  1.650000e-01
     vertex -8.247593e-02 -7.278544e-02  1.650000e-01
   endloop
 endfacet
 facet normal -7.739981e-01 -6.331879e-01  0.000000e+00
   outer loop
     vertex -8.426489e-02 -7.070664e-02  1.950000e-01
     vertex -8.600146e-02 -6.858388e-02  1.950000e-01
     vertex -8.600146e-02 -6.858388e-02  1.650000e-01
   endloop
 endfacet
 facet normal -7.414742e-01 -6.709814e-01 -0.000000e+00
   outer loop
     vertex -8.247593e-02 -7.278544e-02  1.950000e-01
     vertex -8.247593e-02 -7.278544e-02  1.650000e-01
     vertex -8.063571e-02 -7.481900e-02  1.650000e-01
   endloop
 endfacet
 facet normal -7.579717e-01 -6.522874e-01 -0.000000e+00
   outer loop
     vertex -8.247593e-02 -7.278544e-02  1.950000e-01
     vertex -8.426489e-02 -7.070664e-02  1.950000e-01
     vertex -8.247593e-02 -7.278544e-02  1.650000e-01
   endloop
 endfacet
 facet normal -7.245157e-01 -6.892583e-01 -0.000000e+00
   outer loop
     vertex -8.063571e-02 -7.481900e-02  1.950000e-01
     vertex -8.063571e-02 -7.481900e-02  1.650000e-01
     vertex -7.874535e-02 -7.680605e-02  1.650000e-01
   endloop
 endfacet
 facet normal -7.414742e-01 -6.709814e-01 -0.000000e+00
   outer loop
     vertex -8.063571e-02 -7.481900e-02  1.950000e-01
     vertex -8.247593e-02 -7.278544e-02  1.950000e-01
     vertex -8.063571e-02 -7.481900e-02  1.650000e-01
   endloop
 endfacet
 facet normal -7.245157e-01 -6.892583e-01 -0.000000e+00
   outer loop
     vertex -7.874535e-02 -7.680605e-02  1.950000e-01
     vertex -8.063571e-02 -7.481900e-02  1.950000e-01
     vertex -7.874535e-02 -7.680605e-02  1.650000e-01
   endloop
 endfacet
 facet normal -7.071068e-01 -7.071068e-01 -0.000000e+00
   outer loop
     vertex -7.680605e-02 -7.874535e-02  1.950000e-01
     vertex -7.874535e-02 -7.680605e-02  1.650000e-01
     vertex -7.680605e-02 -7.874535e-02  1.650000e-01
   endloop
 endfacet
 facet normal -7.071068e-01 -7.071068e-01  0.000000e+00
   outer loop
     vertex -7.680605e-02 -7.874535e-02  1.950000e-01
     vertex -7.874535e-02 -7.680605e-02  1.950000e-01
     vertex -7.874535e-02 -7.680605e-02  1.650000e-01
   endloop
 endfacet
 facet normal -6.892583e-01 -7.245157e-01 -0.000000e+00
   outer loop
     vertex -7.481900e-02 -8.063571e-02  1.950000e-01
     vertex -7.680605e-02 -7.874535e-02  1.650000e-01
     vertex -7.481900e-02 -8.063571e-02  1.650000e-01
   endloop
 endfacet
 facet normal -6.709814e-01 -7.414742e-01 -0.000000e+00
   outer loop
     vertex -7.481900e-02 -8.063571e-02  1.950000e-01
     vertex -7.481900e-02 -8.063571e-02  1.650000e-01
     vertex -7.278544e-02 -8.247593e-02  1.650000e-01
   endloop
 endfacet
 facet normal -6.892583e-01 -7.245157e-01  0.000000e+00
   outer loop
     vertex -7.481900e-02 -8.063571e-02  1.950000e-01
     vertex -7.680605e-02 -7.874535e-02  1.950000e-01
     vertex -7.680605e-02 -7.874535e-02  1.650000e-01
   endloop
 endfacet
 facet normal -6.522874e-01 -7.579717e-01 -0.000000e+00
   outer loop
     vertex -7.278544e-02 -8.247593e-02  1.950000e-01
     vertex -7.278544e-02 -8.247593e-02  1.650000e-01
     vertex -7.070664e-02 -8.426489e-02  1.650000e-01
   endloop
 endfacet
 facet normal -6.709814e-01 -7.414742e-01 -0.000000e+00
   outer loop
     vertex -7.278544e-02 -8.247593e-02  1.950000e-01
     vertex -7.481900e-02 -8.063571e-02  1.950000e-01
     vertex -7.278544e-02 -8.247593e-02  1.650000e-01
   endloop
 endfacet
 facet normal -6.522874e-01 -7.579717e-01 -0.000000e+00
   outer loop
     vertex -7.070664e-02 -8.426489e-02  1.950000e-01
     vertex -7.278544e-02 -8.247593e-02  1.950000e-01
     vertex -7.070664e-02 -8.426489e-02  1.650000e-01
   endloop
 endfacet
 facet normal -6.331879e-01 -7.739981e-01 -0.000000e+00
   outer loop
     vertex -6.858388e-02 -8.600146e-02  1.950000e-01
     vertex -7.070664e-02 -8.426489e-02  1.650000e-01
     vertex -6.858388e-02 -8.600146e-02  1.650000e-01
   endloop
 endfacet
 facet normal -6.136948e-01 -7.895433e-01 -0.000000e+00
   outer loop
     vertex -6.858388e-02 -8.600146e-02  1.950000e-01
     vertex -6.858388e-02 -8.600146e-02  1.650000e-01
     vertex -6.641849e-02 -8.768458e-02  1.650000e-01
   endloop
 endfacet
 facet normal -6.331879e-01 -7.739981e-01  0.000000e+00
   outer loop
     vertex -6.858388e-02 -8.600146e-02  1.950000e-01
     vertex -7.070664e-02 -8.426489e-02  1.950000e-01
     vertex -7.070664e-02 -8.426489e-02  1.650000e-01
   endloop
 endfacet
 facet normal -5.938202e-01 -8.045978e-01 -0.000000e+00
   outer loop
     vertex -6.641849e-02 -8.768458e-02  1.950000e-01
     vertex -6.641849e-02 -8.768458e-02  1.650000e-01
     vertex -6.421180e-02 -8.931318e-02  1.650000e-01
   endloop
 endfacet
 facet normal -6.136948e-01 -7.895433e-01 -0.000000e+00
   outer loop
     vertex -6.641849e-02 -8.768458e-02  1.950000e-01
     vertex -6.858388e-02 -8.600146e-02  1.950000e-01
     vertex -6.641849e-02 -8.768458e-02  1.650000e-01
   endloop
 endfacet
 facet normal -5.735764e-01 -8.191520e-01 -0.000000e+00
   outer loop
     vertex -6.421180e-02 -8.931318e-02  1.950000e-01
     vertex -6.421180e-02 -8.931318e-02  1.650000e-01
     vertex -6.196521e-02 -9.088627e-02  1.650000e-01
   endloop
 endfacet
 facet normal -5.938202e-01 -8.045978e-01 -0.000000e+00
   outer loop
     vertex -6.421180e-02 -8.931318e-02  1.950000e-01
     vertex -6.641849e-02 -8.768458e-02  1.950000e-01
     vertex -6.421180e-02 -8.931318e-02  1.650000e-01
   endloop
 endfacet
 facet normal -5.529761e-01 -8.331971e-01 -0.000000e+00
   outer loop
     vertex -6.196521e-02 -9.088627e-02  1.950000e-01
     vertex -6.196521e-02 -9.088627e-02  1.650000e-01
     vertex -5.968009e-02 -9.240285e-02  1.650000e-01
   endloop
 endfacet
 facet normal -5.735764e-01 -8.191520e-01 -0.000000e+00
   outer loop
     vertex -6.196521e-02 -9.088627e-02  1.950000e-01
     vertex -6.421180e-02 -8.931318e-02  1.950000e-01
     vertex -6.196521e-02 -9.088627e-02  1.650000e-01
   endloop
 endfacet
 facet normal -5.529761e-01 -8.331971e-01 -0.000000e+00
   outer loop
     vertex -5.968009e-02 -9.240285e-02  1.950000e-01
     vertex -6.196521e-02 -9.088627e-02  1.950000e-01
     vertex -5.968009e-02 -9.240285e-02  1.650000e-01
   endloop
 endfacet
 facet normal -5.320321e-01 -8.467242e-01 -0.000000e+00
   outer loop
     vertex -5.735787e-02 -9.386200e-02  1.950000e-01
     vertex -5.968009e-02 -9.240285e-02  1.650000e-01
     vertex -5.735787e-02 -9.386200e-02  1.650000e-01
   endloop
 endfacet
 facet normal -5.320321e-01 -8.467242e-01  0.000000e+00
   outer loop
     vertex -5.735787e-02 -9.386200e-02  1.950000e-01
     vertex -5.968009e-02 -9.240285e-02  1.950000e-01
     vertex -5.968009e-02 -9.240285e-02  1.650000e-01
   endloop
 endfacet
 facet normal -5.107573e-01 -8.597249e-01 -0.000000e+00
   outer loop
     vertex -5.500000e-02 -9.526279e-02  1.950000e-01
     vertex -5.735787e-02 -9.386200e-02  1.650000e-01
     vertex -5.500000e-02 -9.526279e-02  1.650000e-01
   endloop
 endfacet
 facet normal -4.891650e-01 -8.721913e-01 -0.000000e+00
   outer loop
     vertex -5.500000e-02 -9.526279e-02  1.950000e-01
     vertex -5.500000e-02 -9.526279e-02  1.650000e-01
     vertex -5.260794e-02 -9.660437e-02  1.650000e-01
   endloop
 endfacet
 facet normal -5.107573e-01 -8.597249e-01  0.000000e+00
   outer loop
     vertex -5.500000e-02 -9.526279e-02  1.950000e-01
     vertex -5.735787e-02 -9.386200e-02  1.950000e-01
     vertex -5.735787e-02 -9.386200e-02  1.650000e-01
   endloop
 endfacet
 facet normal -4.672686e-01 -8.841154e-01 -0.000000e+00
   outer loop
     vertex -5.260794e-02 -9.660437e-02  1.950000e-01
     vertex -5.260794e-02 -9.660437e-02  1.650000e-01
     vertex -5.018317e-02 -9.788590e-02  1.650000e-01
   endloop
 endfacet
 facet normal -4.891650e-01 -8.721913e-01 -0.000000e+00
   outer loop
     vertex -5.260794e-02 -9.660437e-02  1.950000e-01
     vertex -5.500000e-02 -9.526279e-02  1.950000e-01
     vertex -5.260794e-02 -9.660437e-02  1.650000e-01
   endloop
 endfacet
 facet normal -4.672686e-01 -8.841154e-01 -0.000000e+00
   outer loop
     vertex -5.018317e-02 -9.788590e-02  1.950000e-01
     vertex -5.260794e-02 -9.660437e-02  1.950000e-01
     vertex -5.018317e-02 -9.788590e-02  1.650000e-01
   endloop
 endfacet
 facet normal -4.450818e-01 -8.954899e-01 -0.000000e+00
   outer loop
     vertex -4.772721e-02 -9.910658e-02  1.950000e-01
     vertex -5.018317e-02 -9.788590e-02  1.650000e-01
     vertex -4.772721e-02 -9.910658e-02  1.650000e-01
   endloop
 endfacet
 facet normal -4.226183e-01 -9.063078e-01 -0.000000e+00
   outer loop
     vertex -4.772721e-02 -9.910658e-02  1.950000e-01
     vertex -4.772721e-02 -9.910658e-02  1.650000e-01
     vertex -4.524158e-02 -1.002656e-01  1.650000e-01
   endloop
 endfacet
 facet normal -4.450818e-01 -8.954899e-01  0.000000e+00
   outer loop
     vertex -4.772721e-02 -9.910658e-02  1.950000e-01
     vertex -5.018317e-02 -9.788590e-02  1.950000e-01
     vertex -5.018317e-02 -9.788590e-02  1.650000e-01
   endloop
 endfacet
 facet normal -3.998920e-01 -9.165623e-01 -0.000000e+00
   outer loop
     vertex -4.524158e-02 -1.002656e-01  1.950000e-01
     vertex -4.524158e-02 -1.002656e-01  1.650000e-01
     vertex -4.272783e-02 -1.013624e-01  1.650000e-01
   endloop
 endfacet
 facet normal -4.226183e-01 -9.063078e-01 -0.000000e+00
   outer loop
     vertex -4.524158e-02 -1.002656e-01  1.950000e-01
     vertex -4.772721e-02 -9.910658e-02  1.950000e-01
     vertex -4.524158e-02 -1.002656e-01  1.650000e-01
   endloop
 endfacet
 facet normal -3.998920e-01 -9.165623e-01 -0.000000e+00
   outer loop
     vertex -4.272783e-02 -1.013624e-01  1.950000e-01
     vertex -4.524158e-02 -1.002656e-01  1.950000e-01
     vertex -4.272783e-02 -1.013624e-01  1.650000e-01
   endloop
 endfacet
 facet normal -3.769172e-01 -9.262470e-01 -0.000000e+00
   outer loop
     vertex -4.018751e-02 -1.023961e-01  1.950000e-01
     vertex -4.272783e-02 -1.013624e-01  1.650000e-01
     vertex -4.018751e-02 -1.023961e-01  1.650000e-01
   endloop
 endfacet
 facet normal -3.769172e-01 -9.262470e-01  0.000000e+00
   outer loop
     vertex -4.018751e-02 -1.023961e-01  1.950000e-01
     vertex -4.272783e-02 -1.013624e-01  1.950000e-01
     vertex -4.272783e-02 -1.013624e-01  1.650000e-01
   endloop
 endfacet
 facet normal -3.537081e-01 -9.353559e-01 -0.000000e+00
   outer loop
     vertex -3.762222e-02 -1.033662e-01  1.950000e-01
     vertex -4.018751e-02 -1.023961e-01  1.650000e-01
     vertex -3.762222e-02 -1.033662e-01  1.650000e-01
   endloop
 endfacet
 facet normal -3.302791e-01 -9.438833e-01 -0.000000e+00
   outer loop
     vertex -3.762222e-02 -1.033662e-01  1.950000e-01
     vertex -3.762222e-02 -1.033662e-01  1.650000e-01
     vertex -3.503353e-02 -1.042720e-01  1.650000e-01
   endloop
 endfacet
 facet normal -3.537081e-01 -9.353559e-01  0.000000e+00
   outer loop
     vertex -3.762222e-02 -1.033662e-01  1.950000e-01
     vertex -4.018751e-02 -1.023961e-01  1.950000e-01
     vertex -4.018751e-02 -1.023961e-01  1.650000e-01
   endloop
 endfacet
 facet normal -3.302791e-01 -9.438833e-01 -0.000000e+00
   outer loop
     vertex -3.503353e-02 -1.042720e-01  1.950000e-01
     vertex -3.762222e-02 -1.033662e-01  1.950000e-01
     vertex -3.503353e-02 -1.042720e-01  1.650000e-01
   endloop
 endfacet
 facet normal -3.066447e-01 -9.518240e-01 -0.000000e+00
   outer loop
     vertex -3.503353e-02 -1.042720e-01  1.950000e-01
     vertex -3.503353e-02 -1.042720e-01  1.650000e-01
     vertex -3.242307e-02 -1.051130e-01  1.650000e-01
   endloop
 endfacet
 facet normal -3.066447e-01 -9.518240e-01 -0.000000e+00
   outer loop
     vertex -3.242307e-02 -1.051130e-01  1.950000e-01
     vertex -3.503353e-02 -1.042720e-01  1.950000e-01
     vertex -3.242307e-02 -1.051130e-01  1.650000e-01
   endloop
 endfacet
 facet normal -2.828198e-01 -9.591731e-01 -0.000000e+00
   outer loop
     vertex -3.242307e-02 -1.051130e-01  1.950000e-01
     vertex -3.242307e-02 -1.051130e-01  1.650000e-01
     vertex -2.979245e-02 -1.058887e-01  1.650000e-01
   endloop
 endfacet
 facet normal -2.828198e-01 -9.591731e-01 -0.000000e+00
   outer loop
     vertex -2.979245e-02 -1.058887e-01  1.950000e-01
     vertex -3.242307e-02 -1.051130e-01  1.950000e-01
     vertex -2.979245e-02 -1.058887e-01  1.650000e-01
   endloop
 endfacet
 facet normal -2.588190e-01 -9.659258e-01 -0.000000e+00
   outer loop
     vertex -2.979245e-02 -1.058887e-01  1.950000e-01
     vertex -2.979245e-02 -1.058887e-01  1.650000e-01
     vertex -2.714331e-02 -1.065985e-01  1.650000e-01
   endloop
 endfacet
 facet normal -2.588190e-01 -9.659258e-01 -0.000000e+00
   outer loop
     vertex -2.714331e-02 -1.065985e-01  1.950000e-01
     vertex -2.979245e-02 -1.058887e-01  1.950000e-01
     vertex -2.714331e-02 -1.065985e-01  1.650000e-01
   endloop
 endfacet
 facet normal -2.346574e-01 -9.720781e-01  0.000000e+00
   outer loop
     vertex -2.447730e-02 -1.072421e-01  1.950000e-01
     vertex -2.714331e-02 -1.065985e-01  1.950000e-01
     vertex -2.714331e-02 -1.065985e-01  1.650000e-01
   endloop
 endfacet
 facet normal -2.346574e-01 -9.720781e-01 -0.000000e+00
   outer loop
     vertex -2.447730e-02 -1.072421e-01  1.950000e-01
     vertex -2.714331e-02 -1.065985e-01  1.650000e-01
     vertex -2.447730e-02 -1.072421e-01  1.650000e-01
   endloop
 endfacet
 facet normal -2.103499e-01 -9.776262e-01 -0.000000e+00
   outer loop
     vertex -2.447730e-02 -1.072421e-01  1.950000e-01
     vertex -2.447730e-02 -1.072421e-01  1.650000e-01
     vertex -2.179608e-02 -1.078190e-01  1.650000e-01
   endloop
 endfacet
 facet normal -2.103499e-01 -9.776262e-01 -0.000000e+00
   outer loop
     vertex -2.179608e-02 -1.078190e-01  1.950000e-01
     vertex -2.447730e-02 -1.072421e-01  1.950000e-01
     vertex -2.179608e-02 -1.078190e-01  1.650000e-01
   endloop
 endfacet
 facet normal -1.859116e-01 -9.825665e-01  0.000000e+00
   outer loop
     vertex -1.910130e-02 -1.083289e-01  1.950000e-01
     vertex -2.179608e-02 -1.078190e-01  1.950000e-01
     vertex -2.179608e-02 -1.078190e-01  1.650000e-01
   endloop
 endfacet
 facet normal -1.859116e-01 -9.825665e-01 -0.000000e+00
   outer loop
     vertex -1.910130e-02 -1.083289e-01  1.950000e-01
     vertex -2.179608e-02 -1.078190e-01  1.650000e-01
     vertex -1.910130e-02 -1.083289e-01  1.650000e-01
   endloop
 endfacet
 facet normal -1.613578e-01 -9.868960e-01 -0.000000e+00
   outer loop
     vertex -1.910130e-02 -1.083289e-01  1.950000e-01
     vertex -1.910130e-02 -1.083289e-01  1.650000e-01
     vertex -1.639465e-02 -1.087714e-01  1.650000e-01
   endloop
 endfacet
 facet normal -1.613578e-01 -9.868960e-01 -0.000000e+00
   outer loop
     vertex -1.639465e-02 -1.087714e-01  1.950000e-01
     vertex -1.910130e-02 -1.083289e-01  1.950000e-01
     vertex -1.639465e-02 -1.087714e-01  1.650000e-01
   endloop
 endfacet
 facet normal -1.367036e-01 -9.906120e-01 -0.000000e+00
   outer loop
     vertex -1.367781e-02 -1.091463e-01  1.950000e-01
     vertex -1.639465e-02 -1.087714e-01  1.650000e-01
     vertex -1.367781e-02 -1.091463e-01  1.650000e-01
   endloop
 endfacet
 facet normal -1.119645e-01 -9.937122e-01 -0.000000e+00
   outer loop
     vertex -1.367781e-02 -1.091463e-01  1.950000e-01
     vertex -1.367781e-02 -1.091463e-01  1.650000e-01
     vertex -1.095246e-02 -1.094534e-01  1.650000e-01
   endloop
 endfacet
 facet normal -1.367036e-01 -9.906120e-01  0.000000e+00
   outer loop
     vertex -1.367781e-02 -1.091463e-01  1.950000e-01
     vertex -1.639465e-02 -1.087714e-01  1.950000e-01
     vertex -1.639465e-02 -1.087714e-01  1.650000e-01
   endloop
 endfacet
 facet normal -8.715574e-02 -9.961947e-01 -0.000000e+00
   outer loop
     vertex -1.095246e-02 -1.094534e-01  1.950000e-01
     vertex -1.095246e-02 -1.094534e-01  1.650000e-01
     vertex -8.220310e-03 -1.096924e-01  1.650000e-01
   endloop
 endfacet
 facet normal -1.119645e-01 -9.937122e-01 -0.000000e+00
   outer loop
     vertex -1.095246e-02 -1.094534e-01  1.950000e-01
     vertex -1.367781e-02 -1.091463e-01  1.950000e-01
     vertex -1.095246e-02 -1.094534e-01  1.650000e-01
   endloop
 endfacet
 facet normal -6.229283e-02 -9.980579e-01 -0.000000e+00
   outer loop
     vertex -8.220310e-03 -1.096924e-01  1.950000e-01
     vertex -8.220310e-03 -1.096924e-01  1.650000e-01
     vertex -5.483047e-03 -1.098633e-01  1.650000e-01
   endloop
 endfacet
 facet normal -8.715574e-02 -9.961947e-01 -0.000000e+00
   outer loop
     vertex -8.220310e-03 -1.096924e-01  1.950000e-01
     vertex -1.095246e-02 -1.094534e-01  1.950000e-01
     vertex -8.220310e-03 -1.096924e-01  1.650000e-01
   endloop
 endfacet
 facet normal -6.229283e-02 -9.980579e-01 -0.000000e+00
   outer loop
     vertex -5.483047e-03 -1.098633e-01  1.950000e-01
     vertex -8.220310e-03 -1.096924e-01  1.950000e-01
     vertex -5.483047e-03 -1.098633e-01  1.650000e-01
   endloop
 endfacet
 facet normal -3.739119e-02 -9.993007e-01 -0.000000e+00
   outer loop
     vertex -2.742376e-03 -1.099658e-01  1.950000e-01
     vertex -5.483047e-03 -1.098633e-01  1.650000e-01
     vertex -2.742376e-03 -1.099658e-01  1.650000e-01
   endloop
 endfacet
 facet normal -1.246631e-02 -9.999223e-01 -0.000000e+00
   outer loop
     vertex -2.742376e-03 -1.099658e-01  1.950000e-01
     vertex -2.742376e-03 -1.099658e-01  1.650000e-01
     vertex  1.542987e-15 -1.100000e-01  1.650000e-01
   endloop
 endfacet
 facet normal -3.739119e-02 -9.993007e-01  0.000000e+00
   outer loop
     vertex -2.742376e-03 -1.099658e-01  1.950000e-01
     vertex -5.483047e-03 -1.098633e-01  1.950000e-01
     vertex -5.483047e-03 -1.098633e-01  1.650000e-01
   endloop
 endfacet
 facet normal  1.246631e-02 -9.999223e-01  0.000000e+00
   outer loop
     vertex  1.542987e-15 -1.100000e-01  1.950000e-01
     vertex  1.542987e-15 -1.100000e-01  1.650000e-01
     vertex  2.742376e-03 -1.099658e-01  1.650000e-01
   endloop
 endfacet
 facet normal -1.246631e-02 -9.999223e-01 -0.000000e+00
   outer loop
     vertex  1.542987e-15 -1.100000e-01  1.950000e-01
     vertex -2.742376e-03 -1.099658e-01  1.950000e-01
     vertex  1.542987e-15 -1.100000e-01  1.650000e-01
   endloop
 endfacet
 facet normal  3.739119e-02 -9.993007e-01  0.000000e+00
   outer loop
     vertex  2.742376e-03 -1.099658e-01  1.950000e-01
     vertex  2.742376e-03 -1.099658e-01  1.650000e-01
     vertex  5.483047e-03 -1.098633e-01  1.650000e-01
   endloop
 endfacet
 facet normal  1.246631e-02 -9.999223e-01  0.000000e+00
   outer loop
     vertex  2.742376e-03 -1.099658e-01  1.950000e-01
     vertex  1.542987e-15 -1.100000e-01  1.950000e-01
     vertex  2.742376e-03 -1.099658e-01  1.650000e-01
   endloop
 endfacet
 facet normal  3.739119e-02 -9.993007e-01  0.000000e+00
   outer loop
     vertex  5.483047e-03 -1.098633e-01  1.950000e-01
     vertex  2.742376e-03 -1.099658e-01  1.950000e-01
     vertex  5.483047e-03 -1.098633e-01  1.650000e-01
   endloop
 endfacet
 facet normal  6.229283e-02 -9.980579e-01  0.000000e+00
   outer loop
     vertex  8.220310e-03 -1.096924e-01  1.950000e-01
     vertex  5.483047e-03 -1.098633e-01  1.650000e-01
     vertex  8.220310e-03 -1.096924e-01  1.650000e-01
   endloop
 endfacet
 facet normal  6.229283e-02 -9.980579e-01  0.000000e+00
   outer loop
     vertex  8.220310e-03 -1.096924e-01  1.950000e-01
     vertex  5.483047e-03 -1.098633e-01  1.950000e-01
     vertex  5.483047e-03 -1.098633e-01  1.650000e-01
   endloop
 endfacet
 facet normal  8.715574e-02 -9.961947e-01  0.000000e+00
   outer loop
     vertex  1.095246e-02 -1.094534e-01  1.950000e-01
     vertex  8.220310e-03 -1.096924e-01  1.650000e-01
     vertex  1.095246e-02 -1.094534e-01  1.650000e-01
   endloop
 endfacet
 facet normal  1.119645e-01 -9.937122e-01  0.000000e+00
   outer loop
     vertex  1.095246e-02 -1.094534e-01  1.950000e-01
     vertex  1.095246e-02 -1.094534e-01  1.650000e-01
     vertex  1.367781e-02 -1.091463e-01  1.650000e-01
   endloop
 endfacet
 facet normal  8.715574e-02 -9.961947e-01  0.000000e+00
   outer loop
     vertex  1.095246e-02 -1.094534e-01  1.950000e-01
     vertex  8.220310e-03 -1.096924e-01  1.950000e-01
     vertex  8.220310e-03 -1.096924e-01  1.650000e-01
   endloop
 endfacet
 facet normal  1.367036e-01 -9.906120e-01  0.000000e+00
   outer loop
     vertex  1.367781e-02 -1.091463e-01  1.950000e-01
     vertex  1.367781e-02 -1.091463e-01  1.650000e-01
     vertex  1.639465e-02 -1.087714e-01  1.650000e-01
   endloop
 endfacet
 facet normal  1.119645e-01 -9.937122e-01  0.000000e+00
   outer loop
     vertex  1.367781e-02 -1.091463e-01  1.950000e-01
     vertex  1.095246e-02 -1.094534e-01  1.950000e-01
     vertex  1.367781e-02 -1.091463e-01  1.650000e-01
   endloop
 endfacet
 facet normal  1.613578e-01 -9.868960e-01  0.000000e+00
   outer loop
     vertex  1.639465e-02 -1.087714e-01  1.950000e-01
     vertex  1.639465e-02 -1.087714e-01  1.650000e-01
     vertex  1.910130e-02 -1.083289e-01  1.650000e-01
   endloop
 endfacet
 facet normal  1.367036e-01 -9.906120e-01  0.000000e+00
   outer loop
     vertex  1.639465e-02 -1.087714e-01  1.950000e-01
     vertex  1.367781e-02 -1.091463e-01  1.950000e-01
     vertex  1.639465e-02 -1.087714e-01  1.650000e-01
   endloop
 endfacet
 facet normal  1.613578e-01 -9.868960e-01  0.000000e+00
   outer loop
     vertex  1.910130e-02 -1.083289e-01  1.950000e-01
     vertex  1.639465e-02 -1.087714e-01  1.950000e-01
     vertex  1.910130e-02 -1.083289e-01  1.650000e-01
   endloop
 endfacet
 facet normal  1.859116e-01 -9.825665e-01  0.000000e+00
   outer loop
     vertex  2.179608e-02 -1.078190e-01  1.950000e-01
     vertex  1.910130e-02 -1.083289e-01  1.650000e-01
     vertex  2.179608e-02 -1.078190e-01  1.650000e-01
   endloop
 endfacet
 facet normal  2.103499e-01 -9.776262e-01  0.000000e+00
   outer loop
     vertex  2.179608e-02 -1.078190e-01  1.950000e-01
     vertex  2.179608e-02 -1.078190e-01  1.650000e-01
     vertex  2.447730e-02 -1.072421e-01  1.650000e-01
   endloop
 endfacet
 facet normal  1.859116e-01 -9.825665e-01  0.000000e+00
   outer loop
     vertex  2.179608e-02 -1.078190e-01  1.950000e-01
     vertex  1.910130e-02 -1.083289e-01  1.950000e-01
     vertex  1.910130e-02 -1.083289e-01  1.650000e-01
   endloop
 endfacet
 facet normal  2.103499e-01 -9.776262e-01  0.000000e+00
   outer loop
     vertex  2.447730e-02 -1.072421e-01  1.950000e-01
     vertex  2.179608e-02 -1.078190e-01  1.950000e-01
     vertex  2.447730e-02 -1.072421e-01  1.650000e-01
   endloop
 endfacet
 facet normal  2.346574e-01 -9.720781e-01  0.000000e+00
   outer loop
     vertex  2.714331e-02 -1.065985e-01  1.950000e-01
     vertex  2.447730e-02 -1.072421e-01  1.650000e-01
     vertex  2.714331e-02 -1.065985e-01  1.650000e-01
   endloop
 endfacet
 facet normal  2.588190e-01 -9.659258e-01  0.000000e+00
   outer loop
     vertex  2.714331e-02 -1.065985e-01  1.950000e-01
     vertex  2.714331e-02 -1.065985e-01  1.650000e-01
     vertex  2.979245e-02 -1.058887e-01  1.650000e-01
   endloop
 endfacet
 facet normal  2.346574e-01 -9.720781e-01  0.000000e+00
   outer loop
     vertex  2.714331e-02 -1.065985e-01  1.950000e-01
     vertex  2.447730e-02 -1.072421e-01  1.950000e-01
     vertex  2.447730e-02 -1.072421e-01  1.650000e-01
   endloop
 endfacet
 facet normal  2.588190e-01 -9.659258e-01  0.000000e+00
   outer loop
     vertex  2.979245e-02 -1.058887e-01  1.950000e-01
     vertex  2.714331e-02 -1.065985e-01  1.950000e-01
     vertex  2.979245e-02 -1.058887e-01  1.650000e-01
   endloop
 endfacet
 facet normal  2.828198e-01 -9.591731e-01  0.000000e+00
   outer loop
     vertex  3.242307e-02 -1.051130e-01  1.950000e-01
     vertex  2.979245e-02 -1.058887e-01  1.950000e-01
     vertex  2.979245e-02 -1.058887e-01  1.650000e-01
   endloop
 endfacet
 facet normal  2.828198e-01 -9.591731e-01  0.000000e+00
   outer loop
     vertex  3.242307e-02 -1.051130e-01  1.950000e-01
     vertex  2.979245e-02 -1.058887e-01  1.650000e-01
     vertex  3.242307e-02 -1.051130e-01  1.650000e-01
   endloop
 endfacet
 facet normal  3.066447e-01 -9.518240e-01  0.000000e+00
   outer loop
     vertex  3.242307e-02 -1.051130e-01  1.950000e-01
     vertex  3.242307e-02 -1.051130e-01  1.650000e-01
     vertex  3.503353e-02 -1.042720e-01  1.650000e-01
   endloop
 endfacet
 facet normal  3.066447e-01 -9.518240e-01  0.000000e+00
   outer loop
     vertex  3.503353e-02 -1.042720e-01  1.950000e-01
     vertex  3.242307e-02 -1.051130e-01  1.950000e-01
     vertex  3.503353e-02 -1.042720e-01  1.650000e-01
   endloop
 endfacet
 facet normal  3.302791e-01 -9.438833e-01  0.000000e+00
   outer loop
     vertex  3.762222e-02 -1.033662e-01  1.950000e-01
     vertex  3.503353e-02 -1.042720e-01  1.950000e-01
     vertex  3.503353e-02 -1.042720e-01  1.650000e-01
   endloop
 endfacet
 facet normal  3.302791e-01 -9.438833e-01  0.000000e+00
   outer loop
     vertex  3.762222e-02 -1.033662e-01  1.950000e-01
     vertex  3.503353e-02 -1.042720e-01  1.650000e-01
     vertex  3.762222e-02 -1.033662e-01  1.650000e-01
   endloop
 endfacet
 facet normal  3.537081e-01 -9.353559e-01  0.000000e+00
   outer loop
     vertex  4.018751e-02 -1.023961e-01  1.950000e-01
     vertex  3.762222e-02 -1.033662e-01  1.950000e-01
     vertex  3.762222e-02 -1.033662e-01  1.650000e-01
   endloop
 endfacet
 facet normal  3.537081e-01 -9.353559e-01  0.000000e+00
   outer loop
     vertex  4.018751e-02 -1.023961e-01  1.950000e-01
     vertex  3.762222e-02 -1.033662e-01  1.650000e-01
     vertex  4.018751e-02 -1.023961e-01  1.650000e-01
   endloop
 endfacet
 facet normal  3.769172e-01 -9.262470e-01  0.000000e+00
   outer loop
     vertex  4.272783e-02 -1.013624e-01  1.950000e-01
     vertex  4.018751e-02 -1.023961e-01  1.950000e-01
     vertex  4.018751e-02 -1.023961e-01  1.650000e-01
   endloop
 endfacet
 facet normal  3.769172e-01 -9.262470e-01  0.000000e+00
   outer loop
     vertex  4.272783e-02 -1.013624e-01  1.950000e-01
     vertex  4.018751e-02 -1.023961e-01  1.650000e-01
     vertex  4.272783e-02 -1.013624e-01  1.650000e-01
   endloop
 endfacet
 facet normal  3.998920e-01 -9.165623e-01  0.000000e+00
   outer loop
     vertex  4.524158e-02 -1.002656e-01  1.950000e-01
     vertex  4.272783e-02 -1.013624e-01  1.950000e-01
     vertex  4.272783e-02 -1.013624e-01  1.650000e-01
   endloop
 endfacet
 facet normal  3.998920e-01 -9.165623e-01  0.000000e+00
   outer loop
     vertex  4.524158e-02 -1.002656e-01  1.950000e-01
     vertex  4.272783e-02 -1.013624e-01  1.650000e-01
     vertex  4.524158e-02 -1.002656e-01  1.650000e-01
   endloop
 endfacet
 facet normal  4.226183e-01 -9.063078e-01  0.000000e+00
   outer loop
     vertex  4.772721e-02 -9.910658e-02  1.950000e-01
     vertex  4.524158e-02 -1.002656e-01  1.950000e-01
     vertex  4.524158e-02 -1.002656e-01  1.650000e-01
   endloop
 endfacet
 facet normal  4.226183e-01 -9.063078e-01  0.000000e+00
   outer loop
     vertex  4.772721e-02 -9.910658e-02  1.950000e-01
     vertex  4.524158e-02 -1.002656e-01  1.650000e-01
     vertex  4.772721e-02 -9.910658e-02  1.650000e-01
   endloop
 endfacet
 facet normal  4.450818e-01 -8.954899e-01  0.000000e+00
   outer loop
     vertex  5.018317e-02 -9.788590e-02  1.950000e-01
     vertex  4.772721e-02 -9.910658e-02  1.950000e-01
     vertex  4.772721e-02 -9.910658e-02  1.650000e-01
   endloop
 endfacet
 facet normal  4.450818e-01 -8.954899e-01  0.000000e+00
   outer loop
     vertex  5.018317e-02 -9.788590e-02  1.950000e-01
     vertex  4.772721e-02 -9.910658e-02  1.650000e-01
     vertex  5.018317e-02 -9.788590e-02  1.650000e-01
   endloop
 endfacet
 facet normal  4.672686e-01 -8.841154e-01  0.000000e+00
   outer loop
     vertex  5.260794e-02 -9.660437e-02  1.950000e-01
     vertex  5.018317e-02 -9.788590e-02  1.950000e-01
     vertex  5.018317e-02 -9.788590e-02  1.650000e-01
   endloop
 endfacet
 facet normal  4.672686e-01 -8.841154e-01  0.000000e+00
   outer loop
     vertex  5.260794e-02 -9.660437e-02  1.950000e-01
     vertex  5.018317e-02 -9.788590e-02  1.650000e-01
     vertex  5.260794e-02 -9.660437e-02  1.650000e-01
   endloop
 endfacet
 facet normal  4.891650e-01 -8.721913e-01  0.000000e+00
   outer loop
     vertex  5.500000e-02 -9.526279e-02  1.950000e-01
     vertex  5.260794e-02 -9.660437e-02  1.950000e-01
     vertex  5.260794e-02 -9.660437e-02  1.650000e-01
   endloop
 endfacet
 facet normal  4.891650e-01 -8.721913e-01  0.000000e+00
   outer loop
     vertex  5.500000e-02 -9.526279e-02  1.950000e-01
     vertex  5.260794e-02 -9.660437e-02  1.650000e-01
     vertex  5.500000e-02 -9.526279e-02  1.650000e-01
   endloop
 endfacet
 facet normal  5.107573e-01 -8.597249e-01  0.000000e+00
   outer loop
     vertex  5.735787e-02 -9.386200e-02  1.950000e-01
     vertex  5.500000e-02 -9.526279e-02  1.950000e-01
     vertex  5.500000e-02 -9.526279e-02  1.650000e-01
   endloop
 endfacet
 facet normal  5.107573e-01 -8.597249e-01  0.000000e+00
   outer loop
     vertex  5.735787e-02 -9.386200e-02  1.950000e-01
     vertex  5.500000e-02 -9.526279e-02  1.650000e-01
     vertex  5.735787e-02 -9.386200e-02  1.650000e-01
   endloop
 endfacet
 facet normal  5.320321e-01 -8.467242e-01  0.000000e+00
   outer loop
     vertex  5.735787e-02 -9.386200e-02  1.950000e-01
     vertex  5.735787e-02 -9.386200e-02  1.650000e-01
     vertex  5.968009e-02 -9.240285e-02  1.650000e-01
   endloop
 endfacet
 facet normal  5.320321e-01 -8.467242e-01  0.000000e+00
   outer loop
     vertex  5.968009e-02 -9.240285e-02  1.950000e-01
     vertex  5.735787e-02 -9.386200e-02  1.950000e-01
     vertex  5.968009e-02 -9.240285e-02  1.650000e-01
   endloop
 endfacet
 facet normal  5.529761e-01 -8.331971e-01  0.000000e+00
   outer loop
     vertex  6.196521e-02 -9.088627e-02  1.950000e-01
     vertex  5.968009e-02 -9.240285e-02  1.950000e-01
     vertex  5.968009e-02 -9.240285e-02  1.650000e-01
   endloop
 endfacet
 facet normal  5.529761e-01 -8.331971e-01  0.000000e+00
   outer loop
     vertex  6.196521e-02 -9.088627e-02  1.950000e-01
     vertex  5.968009e-02 -9.240285e-02  1.650000e-01
     vertex  6.196521e-02 -9.088627e-02  1.650000e-01
   endloop
 endfacet
 facet normal  5.735764e-01 -8.191520e-01  0.000000e+00
   outer loop
     vertex  6.421180e-02 -8.931318e-02  1.950000e-01
     vertex  6.196521e-02 -9.088627e-02  1.950000e-01
     vertex  6.196521e-02 -9.088627e-02  1.650000e-01
   endloop
 endfacet
 facet normal  5.735764e-01 -8.191520e-01  0.000000e+00
   outer loop
     vertex  6.421180e-02 -8.931318e-02  1.950000e-01
     vertex  6.196521e-02 -9.088627e-02  1.650000e-01
     vertex  6.421180e-02 -8.931318e-02  1.650000e-01
   endloop
 endfacet
 facet normal  5.938202e-01 -8.045978e-01  0.000000e+00
   outer loop
     vertex  6.641849e-02 -8.768458e-02  1.950000e-01
     vertex  6.421180e-02 -8.931318e-02  1.950000e-01
     vertex  6.421180e-02 -8.931318e-02  1.650000e-01
   endloop
 endfacet
 facet normal  5.938202e-01 -8.045978e-01  0.000000e+00
   outer loop
     vertex  6.641849e-02 -8.768458e-02  1.950000e-01
     vertex  6.421180e-02 -8.931318e-02  1.650000e-01
     vertex  6.641849e-02 -8.768458e-02  1.650000e-01
   endloop
 endfacet
 facet normal  6.136948e-01 -7.895433e-01  0.000000e+00
   outer loop
     vertex  6.641849e-02 -8.768458e-02  1.950000e-01
     vertex  6.641849e-02 -8.768458e-02  1.650000e-01
     vertex  6.858388e-02 -8.600146e-02  1.650000e-01
   endloop
 endfacet
 facet normal  6.136948e-01 -7.895433e-01  0.000000e+00
   outer loop
     vertex  6.858388e-02 -8.600146e-02  1.950000e-01
     vertex  6.641849e-02 -8.768458e-02  1.950000e-01
     vertex  6.858388e-02 -8.600146e-02  1.650000e-01
   endloop
 endfacet
 facet normal  6.331879e-01 -7.739981e-01  0.000000e+00
   outer loop
     vertex  7.070664e-02 -8.426489e-02  1.950000e-01
     vertex  6.858388e-02 -8.600146e-02  1.650000e-01
     vertex  7.070664e-02 -8.426489e-02  1.650000e-01
   endloop
 endfacet
 facet normal  6.331879e-01 -7.739981e-01  0.000000e+00
   outer loop
     vertex  7.070664e-02 -8.426489e-02  1.950000e-01
     vertex  6.858388e-02 -8.600146e-02  1.950000e-01
     vertex  6.858388e-02 -8.600146e-02  1.650000e-01
   endloop
 endfacet
 facet normal  6.522874e-01 -7.579717e-01  0.000000e+00
   outer loop
     vertex  7.278544e-02 -8.247593e-02  1.950000e-01
     vertex  7.070664e-02 -8.426489e-02  1.650000e-01
     vertex  7.278544e-02 -8.247593e-02  1.650000e-01
   endloop
 endfacet
 facet normal  6.709814e-01 -7.414742e-01  0.000000e+00
   outer loop
     vertex  7.278544e-02 -8.247593e-02  1.950000e-01
     vertex  7.278544e-02 -8.247593e-02  1.650000e-01
     vertex  7.481900e-02 -8.063571e-02  1.650000e-01
   endloop
 endfacet
 facet normal  6.522874e-01 -7.579717e-01  0.000000e+00
   outer loop
     vertex  7.278544e-02 -8.247593e-02  1.950000e-01
     vertex  7.070664e-02 -8.426489e-02  1.950000e-01
     vertex  7.070664e-02 -8.426489e-02  1.650000e-01
   endloop
 endfacet
 facet normal  6.892583e-01 -7.245157e-01  0.000000e+00
   outer loop
     vertex  7.481900e-02 -8.063571e-02  1.950000e-01
     vertex  7.481900e-02 -8.063571e-02  1.650000e-01
     vertex  7.680605e-02 -7.874535e-02  1.650000e-01
   endloop
 endfacet
 facet normal  6.709814e-01 -7.414742e-01  0.000000e+00
   outer loop
     vertex  7.481900e-02 -8.063571e-02  1.950000e-01
     vertex  7.278544e-02 -8.247593e-02  1.950000e-01
     vertex  7.481900e-02 -8.063571e-02  1.650000e-01
   endloop
 endfacet
 facet normal  6.892583e-01 -7.245157e-01  0.000000e+00
   outer loop
     vertex  7.680605e-02 -7.874535e-02  1.950000e-01
     vertex  7.481900e-02 -8.063571e-02  1.950000e-01
     vertex  7.680605e-02 -7.874535e-02  1.650000e-01
   endloop
 endfacet
 facet normal  7.071068e-01 -7.071068e-01  0.000000e+00
   outer loop
     vertex  7.874535e-02 -7.680605e-02  1.950000e-01
     vertex  7.680605e-02 -7.874535e-02  1.650000e-01
     vertex  7.874535e-02 -7.680605e-02  1.650000e-01
   endloop
 endfacet
 facet normal  7.071068e-01 -7.071068e-01  0.000000e+00
   outer loop
     vertex  7.874535e-02 -7.680605e-02  1.950000e-01
     vertex  7.680605e-02 -7.874535e-02  1.950000e-01
     vertex  7.680605e-02 -7.874535e-02  1.650000e-01
   endloop
 endfacet
 facet normal  7.245157e-01 -6.892583e-01  0.000000e+00
   outer loop
     vertex  8.063571e-02 -7.481900e-02  1.950000e-01
     vertex  7.874535e-02 -7.680605e-02  1.650000e-01
     vertex  8.063571e-02 -7.481900e-02  1.650000e-01
   endloop
 endfacet
 facet normal  7.245157e-01 -6.892583e-01  0.000000e+00
   outer loop
     vertex  8.063571e-02 -7.481900e-02  1.950000e-01
     vertex  7.874535e-02 -7.680605e-02  1.950000e-01
     vertex  7.874535e-02 -7.680605e-02  1.650000e-01
   endloop
 endfacet
 facet normal  7.414742e-01 -6.709814e-01  0.000000e+00
   outer loop
     vertex  8.247593e-02 -7.278544e-02  1.950000e-01
     vertex  8.063571e-02 -7.481900e-02  1.650000e-01
     vertex  8.247593e-02 -7.278544e-02  1.650000e-01
   endloop
 endfacet
 facet normal  7.414742e-01 -6.709814e-01  0.000000e+00
   outer loop
     vertex  8.247593e-02 -7.278544e-02  1.950000e-01
     vertex  8.063571e-02 -7.481900e-02  1.950000e-01
     vertex  8.063571e-02 -7.481900e-02  1.650000e-01
   endloop
 endfacet
 facet normal  7.579717e-01 -6.522874e-01  0.000000e+00
   outer loop
     vertex  8.426489e-02 -7.070664e-02  1.950000e-01
     vertex  8.247593e-02 -7.278544e-02  1.650000e-01
     vertex  8.426489e-02 -7.070664e-02  1.650000e-01
   endloop
 endfacet
 facet normal  7.739981e-01 -6.331879e-01  0.000000e+00
   outer loop
     vertex  8.426489e-02 -7.070664e-02  1.950000e-01
     vertex  8.426489e-02 -7.070664e-02  1.650000e-01
     vertex  8.600146e-02 -6.858388e-02  1.650000e-01
   endloop
 endfacet
 facet normal  7.579717e-01 -6.522874e-01  0.000000e+00
   outer loop
     vertex  8.426489e-02 -7.070664e-02  1.950000e-01
     vertex  8.247593e-02 -7.278544e-02  1.950000e-01
     vertex  8.247593e-02 -7.278544e-02  1.650000e-01
   endloop
 endfacet
 facet normal  7.739981e-01 -6.331879e-01  0.000000e+00
   outer loop
     vertex  8.600146e-02 -6.858388e-02  1.950000e-01
     vertex  8.426489e-02 -7.070664e-02  1.950000e-01
     vertex  8.600146e-02 -6.858388e-02  1.650000e-01
   endloop
 endfacet
 facet normal  7.895433e-01 -6.136948e-01  0.000000e+00
   outer loop
     vertex  8.768458e-02 -6.641849e-02  1.950000e-01
     vertex  8.600146e-02 -6.858388e-02  1.950000e-01
     vertex  8.600146e-02 -6.858388e-02  1.650000e-01
   endloop
 endfacet
 facet normal  7.895433e-01 -6.136948e-01  0.000000e+00
   outer loop
     vertex  8.768458e-02 -6.641849e-02  1.950000e-01
     vertex  8.600146e-02 -6.858388e-02  1.650000e-01
     vertex  8.768458e-02 -6.641849e-02  1.650000e-01
   endloop
 endfacet
 facet normal  8.045978e-01 -5.938202e-01  0.000000e+00
   outer loop
     vertex  8.931318e-02 -6.421180e-02  1.950000e-01
     vertex  8.768458e-02 -6.641849e-02  1.950000e-01
     vertex  8.768458e-02 -6.641849e-02  1.650000e-01
   endloop
 endfacet
 facet normal  8.045978e-01 -5.938202e-01  0.000000e+00
   outer loop
     vertex  8.931318e-02 -6.421180e-02  1.950000e-01
     vertex  8.768458e-02 -6.641849e-02  1.650000e-01
     vertex  8.931318e-02 -6.421180e-02  1.650000e-01
   endloop
 endfacet
 facet normal  8.191520e-01 -5.735764e-01  0.000000e+00
   outer loop
     vertex  9.088627e-02 -6.196521e-02  1.950000e-01
     vertex  8.931318e-02 -6.421180e-02  1.950000e-01
     vertex  8.931318e-02 -6.421180e-02  1.650000e-01
   endloop
 endfacet
 facet normal  8.191520e-01 -5.735764e-01  0.000000e+00
   outer loop
     vertex  9.088627e-02 -6.196521e-02  1.950000e-01
     vertex  8.931318e-02 -6.421180e-02  1.650000e-01
     vertex  9.088627e-02 -6.196521e-02  1.650000e-01
   endloop
 endfacet
 facet normal  8.331971e-01 -5.529761e-01  0.000000e+00
   outer loop
     vertex  9.088627e-02 -6.196521e-02  1.950000e-01
     vertex  9.088627e-02 -6.196521e-02  1.650000e-01
     vertex  9.240285e-02 -5.968009e-02  1.650000e-01
   endloop
 endfacet
 facet normal  8.331971e-01 -5.529761e-01  0.000000e+00
   outer loop
     vertex  9.240285e-02 -5.968009e-02  1.950000e-01
     vertex  9.088627e-02 -6.196521e-02  1.950000e-01
     vertex  9.240285e-02 -5.968009e-02  1.650000e-01
   endloop
 endfacet
 facet normal  8.467242e-01 -5.320321e-01  0.000000e+00
   outer loop
     vertex  9.386200e-02 -5.735787e-02  1.950000e-01
     vertex  9.240285e-02 -5.968009e-02  1.950000e-01
     vertex  9.240285e-02 -5.968009e-02  1.650000e-01
   endloop
 endfacet
 facet normal  8.467242e-01 -5.320321e-01  0.000000e+00
   outer loop
     vertex  9.386200e-02 -5.735787e-02  1.950000e-01
     vertex  9.240285e-02 -5.968009e-02  1.650000e-01
     vertex  9.386200e-02 -5.735787e-02  1.650000e-01
   endloop
 endfacet
 facet normal  8.597249e-01 -5.107573e-01  0.000000e+00
   outer loop
     vertex  9.526279e-02 -5.500000e-02  1.950000e-01
     vertex  9.386200e-02 -5.735787e-02  1.950000e-01
     vertex  9.386200e-02 -5.735787e-02  1.650000e-01
   endloop
 endfacet
 facet normal  8.597249e-01 -5.107573e-01  0.000000e+00
   outer loop
     vertex  9.526279e-02 -5.500000e-02  1.950000e-01
     vertex  9.386200e-02 -5.735787e-02  1.650000e-01
     vertex  9.526279e-02 -5.500000e-02  1.650000e-01
   endloop
 endfacet
 facet normal  8.721913e-01 -4.891650e-01  0.000000e+00
   outer loop
     vertex  9.526279e-02 -5.500000e-02  1.950000e-01
     vertex  9.526279e-02 -5.500000e-02  1.650000e-01
     vertex  9.660437e-02 -5.260794e-02  1.650000e-01
   endloop
 endfacet
 facet normal  8.721913e-01 -4.891650e-01  0.000000e+00
   outer loop
     vertex  9.660437e-02 -5.260794e-02  1.950000e-01
     vertex  9.526279e-02 -5.500000e-02  1.950000e-01
     vertex  9.660437e-02 -5.260794e-02  1.650000e-01
   endloop
 endfacet
 facet normal  8.841154e-01 -4.672686e-01  0.000000e+00
   outer loop
     vertex  9.788590e-02 -5.018317e-02  1.950000e-01
     vertex  9.660437e-02 -5.260794e-02  1.950000e-01
     vertex  9.660437e-02 -5.260794e-02  1.650000e-01
   endloop
 endfacet
 facet normal  8.841154e-01 -4.672686e-01  0.000000e+00
   outer loop
     vertex  9.788590e-02 -5.018317e-02  1.950000e-01
     vertex  9.660437e-02 -5.260794e-02  1.650000e-01
     vertex  9.788590e-02 -5.018317e-02  1.650000e-01
   endloop
 endfacet
 facet normal  8.954899e-01 -4.450818e-01  0.000000e+00
   outer loop
     vertex  9.788590e-02 -5.018317e-02  1.950000e-01
     vertex  9.788590e-02 -5.018317e-02  1.650000e-01
     vertex  9.910658e-02 -4.772721e-02  1.650000e-01
   endloop
 endfacet
 facet normal  8.954899e-01 -4.450818e-01  0.000000e+00
   outer loop
     vertex  9.910658e-02 -4.772721e-02  1.950000e-01
     vertex  9.788590e-02 -5.018317e-02  1.950000e-01
     vertex  9.910658e-02 -4.772721e-02  1.650000e-01
   endloop
 endfacet
 facet normal  9.063078e-01 -4.226183e-01  0.000000e+00
   outer loop
     vertex  1.002656e-01 -4.524158e-02  1.950000e-01
     vertex  9.910658e-02 -4.772721e-02  1.950000e-01
     vertex  9.910658e-02 -4.772721e-02  1.650000e-01
   endloop
 endfacet
 facet normal  9.063078e-01 -4.226183e-01  0.000000e+00
   outer loop
     vertex  1.002656e-01 -4.524158e-02  1.950000e-01
     vertex  9.910658e-02 -4.772721e-02  1.650000e-01
     vertex  1.002656e-01 -4.524158e-02  1.650000e-01
   endloop
 endfacet
 facet normal  9.165623e-01 -3.998920e-01  0.000000e+00
   outer loop
     vertex  1.002656e-01 -4.524158e-02  1.950000e-01
     vertex  1.002656e-01 -4.524158e-02  1.650000e-01
     vertex  1.013624e-01 -4.272783e-02  1.650000e-01
   endloop
 endfacet
 facet normal  9.165623e-01 -3.998920e-01  0.000000e+00
   outer loop
     vertex  1.013624e-01 -4.272783e-02  1.950000e-01
     vertex  1.002656e-01 -4.524158e-02  1.950000e-01
     vertex  1.013624e-01 -4.272783e-02  1.650000e-01
   endloop
 endfacet
 facet normal  9.262470e-01 -3.769172e-01  0.000000e+00
   outer loop
     vertex  1.013624e-01 -4.272783e-02  1.950000e-01
     vertex  1.013624e-01 -4.272783e-02  1.650000e-01
     vertex  1.023961e-01 -4.018751e-02  1.650000e-01
   endloop
 endfacet
 facet normal  9.262470e-01 -3.769172e-01  0.000000e+00
   outer loop
     vertex  1.023961e-01 -4.018751e-02  1.950000e-01
     vertex  1.013624e-01 -4.272783e-02  1.950000e-01
     vertex  1.023961e-01 -4.018751e-02  1.650000e-01
   endloop
 endfacet
 facet normal  9.353559e-01 -3.537081e-01  0.000000e+00
   outer loop
     vertex  1.033662e-01 -3.762222e-02  1.950000e-01
     vertex  1.023961e-01 -4.018751e-02  1.950000e-01
     vertex  1.023961e-01 -4.018751e-02  1.650000e-01
   endloop
 endfacet
 facet normal  9.353559e-01 -3.537081e-01  0.000000e+00
   outer loop
     vertex  1.033662e-01 -3.762222e-02  1.950000e-01
     vertex  1.023961e-01 -4.018751e-02  1.650000e-01
     vertex  1.033662e-01 -3.762222e-02  1.650000e-01
   endloop
 endfacet
 facet normal  9.438833e-01 -3.302791e-01  0.000000e+00
   outer loop
     vertex  1.033662e-01 -3.762222e-02  1.950000e-01
     vertex  1.033662e-01 -3.762222e-02  1.650000e-01
     vertex  1.042720e-01 -3.503353e-02  1.650000e-01
   endloop
 endfacet
 facet normal  9.438833e-01 -3.302791e-01  0.000000e+00
   outer loop
     vertex  1.042720e-01 -3.503353e-02  1.950000e-01
     vertex  1.033662e-01 -3.762222e-02  1.950000e-01
     vertex  1.042720e-01 -3.503353e-02  1.650000e-01
   endloop
 endfacet
 facet normal  9.518240e-01 -3.066447e-01  0.000000e+00
   outer loop
     vertex  1.051130e-01 -3.242307e-02  1.950000e-01
     vertex  1.042720e-01 -3.503353e-02  1.950000e-01
     vertex  1.042720e-01 -3.503353e-02  1.650000e-01
   endloop
 endfacet
 facet normal  9.518240e-01 -3.066447e-01  0.000000e+00
   outer loop
     vertex  1.051130e-01 -3.242307e-02  1.950000e-01
     vertex  1.042720e-01 -3.503353e-02  1.650000e-01
     vertex  1.051130e-01 -3.242307e-02  1.650000e-01
   endloop
 endfacet
 facet normal  9.591731e-01 -2.828198e-01  0.000000e+00
   outer loop
     vertex  1.058887e-01 -2.979245e-02  1.950000e-01
     vertex  1.051130e-01 -3.242307e-02  1.950000e-01
     vertex  1.051130e-01 -3.242307e-02  1.650000e-01
   endloop
 endfacet
 facet normal  9.591731e-01 -2.828198e-01  0.000000e+00
   outer loop
     vertex  1.058887e-01 -2.979245e-02  1.950000e-01
     vertex  1.051130e-01 -3.242307e-02  1.650000e-01
     vertex  1.058887e-01 -2.979245e-02  1.650000e-01
   endloop
 endfacet
 facet normal  9.659258e-01 -2.588190e-01  0.000000e+00
   outer loop
     vertex  1.065985e-01 -2.714331e-02  1.950000e-01
     vertex  1.058887e-01 -2.979245e-02  1.950000e-01
     vertex  1.058887e-01 -2.979245e-02  1.650000e-01
   endloop
 endfacet
 facet normal  9.659258e-01 -2.588190e-01  0.000000e+00
   outer loop
     vertex  1.065985e-01 -2.714331e-02  1.950000e-01
     vertex  1.058887e-01 -2.979245e-02  1.650000e-01
     vertex  1.065985e-01 -2.714331e-02  1.650000e-01
   endloop
 endfacet
 facet normal  9.720781e-01 -2.346574e-01  0.000000e+00
   outer loop
     vertex  1.072421e-01 -2.447730e-02  1.950000e-01
     vertex  1.065985e-01 -2.714331e-02  1.950000e-01
     vertex  1.065985e-01 -2.714331e-02  1.650000e-01
   endloop
 endfacet
 facet normal  9.720781e-01 -2.346574e-01  0.000000e+00
   outer loop
     vertex  1.072421e-01 -2.447730e-02  1.950000e-01
     vertex  1.065985e-01 -2.714331e-02  1.650000e-01
     vertex  1.072421e-01 -2.447730e-02  1.650000e-01
   endloop
 endfacet
 facet normal  9.776262e-01 -2.103499e-01  0.000000e+00
   outer loop
     vertex  1.078190e-01 -2.179608e-02  1.950000e-01
     vertex  1.072421e-01 -2.447730e-02  1.950000e-01
     vertex  1.072421e-01 -2.447730e-02  1.650000e-01
   endloop
 endfacet
 facet normal  9.776262e-01 -2.103499e-01  0.000000e+00
   outer loop
     vertex  1.078190e-01 -2.179608e-02  1.950000e-01
     vertex  1.072421e-01 -2.447730e-02  1.650000e-01
     vertex  1.078190e-01 -2.179608e-02  1.650000e-01
   endloop
 endfacet
 facet normal  9.825665e-01 -1.859116e-01  0.000000e+00
   outer loop
     vertex  1.078190e-01 -2.179608e-02  1.950000e-01
     vertex  1.078190e-01 -2.179608e-02  1.650000e-01
     vertex  1.083289e-01 -1.910130e-02  1.650000e-01
   endloop
 endfacet
 facet normal  9.825665e-01 -1.859116e-01  0.000000e+00
   outer loop
     vertex  1.083289e-01 -1.910130e-02  1.950000e-01
     vertex  1.078190e-01 -2.179608e-02  1.950000e-01
     vertex  1.083289e-01 -1.910130e-02  1.650000e-01
   endloop
 endfacet
 facet normal  9.868960e-01 -1.613578e-01  0.000000e+00
   outer loop
     vertex  1.087714e-01 -1.639465e-02  1.950000e-01
     vertex  1.083289e-01 -1.910130e-02  1.950000e-01
     vertex  1.083289e-01 -1.910130e-02  1.650000e-01
   endloop
 endfacet
 facet normal  9.868960e-01 -1.613578e-01  0.000000e+00
   outer loop
     vertex  1.087714e-01 -1.639465e-02  1.950000e-01
     vertex  1.083289e-01 -1.910130e-02  1.650000e-01
     vertex  1.087714e-01 -1.639465e-02  1.650000e-01
   endloop
 endfacet
 facet normal  9.906120e-01 -1.367036e-01  0.000000e+00
   outer loop
     vertex  1.087714e-01 -1.639465e-02  1.950000e-01
     vertex  1.087714e-01 -1.639465e-02  1.650000e-01
     vertex  1.091463e-01 -1.367781e-02  1.650000e-01
   endloop
 endfacet
 facet normal  9.906120e-01 -1.367036e-01  0.000000e+00
   outer loop
     vertex  1.091463e-01 -1.367781e-02  1.950000e-01
     vertex  1.087714e-01 -1.639465e-02  1.950000e-01
     vertex  1.091463e-01 -1.367781e-02  1.650000e-01
   endloop
 endfacet
 facet normal  9.937122e-01 -1.119645e-01  0.000000e+00
   outer loop
     vertex  1.094534e-01 -1.095246e-02  1.950000e-01
     vertex  1.091463e-01 -1.367781e-02  1.950000e-01
     vertex  1.091463e-01 -1.367781e-02  1.650000e-01
   endloop
 endfacet
 facet normal  9.937122e-01 -1.119645e-01  0.000000e+00
   outer loop
     vertex  1.094534e-01 -1.095246e-02  1.950000e-01
     vertex  1.091463e-01 -1.367781e-02  1.650000e-01
     vertex  1.094534e-01 -1.095246e-02  1.650000e-01
   endloop
 endfacet
 facet normal  9.961947e-01 -8.715574e-02  0.000000e+00
   outer loop
     vertex  1.096924e-01 -8.220310e-03  1.950000e-01
     vertex  1.094534e-01 -1.095246e-02  1.950000e-01
     vertex  1.094534e-01 -1.095246e-02  1.650000e-01
   endloop
 endfacet
 facet normal  9.961947e-01 -8.715574e-02  0.000000e+00
   outer loop
     vertex  1.096924e-01 -8.220310e-03  1.950000e-01
     vertex  1.094534e-01 -1.095246e-02  1.650000e-01
     vertex  1.096924e-01 -8.220310e-03  1.650000e-01
   endloop
 endfacet
 facet normal  9.980579e-01 -6.229283e-02  0.000000e+00
   outer loop
     vertex  1.098633e-01 -5.483047e-03  1.950000e-01
     vertex  1.096924e-01 -8.220310e-03  1.650000e-01
     vertex  1.098633e-01 -5.483047e-03  1.650000e-01
   endloop
 endfacet
 facet normal  9.980579e-01 -6.229283e-02  0.000000e+00
   outer loop
     vertex  1.098633e-01 -5.483047e-03  1.950000e-01
     vertex  1.096924e-01 -8.220310e-03  1.950000e-01
     vertex  1.096924e-01 -8.220310e-03  1.650000e-01
   endloop
 endfacet
 facet normal  9.993007e-01 -3.739119e-02  0.000000e+00
   outer loop
     vertex  1.099658e-01 -2.742376e-03  1.950000e-01
     vertex  1.098633e-01 -5.483047e-03  1.950000e-01
     vertex  1.098633e-01 -5.483047e-03  1.650000e-01
   endloop
 endfacet
 facet normal  9.993007e-01 -3.739119e-02  0.000000e+00
   outer loop
     vertex  1.099658e-01 -2.742376e-03  1.950000e-01
     vertex  1.098633e-01 -5.483047e-03  1.650000e-01
     vertex  1.099658e-01 -2.742376e-03  1.650000e-01
   endloop
 endfacet
 facet normal  9.999223e-01 -1.246631e-02  0.000000e+00
   outer loop
     vertex  1.100000e-01 -2.694223e-17  1.950000e-01
     vertex  1.099658e-01 -2.742376e-03  1.650000e-01
     vertex  1.100000e-01 -2.694223e-17  1.650000e-01
   endloop
 endfacet
 facet normal  9.999223e-01 -1.246631e-02  0.000000e+00
   outer loop
     vertex  1.100000e-01 -2.694223e-17  1.950000e-01
     vertex  1.099658e-01 -2.742376e-03  1.950000e-01
     vertex  1.099658e-01 -2.742376e-03  1.650000e-01
   endloop
 endfacet
 facet normal  0.000000e+00  0.000000e+00  1.000000e+00
   outer loop
     vertex  2.979245e-02 -1.058887e-01  1.950000e-01
     vertex  2.447730e-02 -1.072421e-01  1.950000e-01
     vertex  2.714331e-02 -1.065985e-01  1.950000e-01
   endloop
 endfacet
 facet normal  0.000000e+00  0.000000e+00  1.000000e+00
   outer loop
     vertex  3.762222e-02 -1.033662e-01  1.950000e-01
     vertex  3.242307e-02 -1.051130e-01  1.950000e-01
     vertex  3.503353e-02 -1.042720e-01  1.950000e-01
   endloop
 endfacet
 facet normal  0.000000e+00  0.000000e+00  1.000000e+00
   outer loop
     vertex -1.023961e-01  4.018751e-02  1.950000e-01
     vertex -1.033662e-01  3.762222e-02  1.950000e-01
     vertex -1.042720e-01  3.503353e-02  1.950000e-01
   endloop
 endfacet
 facet normal  0.000000e+00  0.000000e+00  1.000000e+00
   outer loop
     vertex  6.421180e-02 -8.931318e-02  1.950000e-01
     vertex  5.735787e-02 -9.386200e-02  1.950000e-01
     vertex  5.968009e-02 -9.240285e-02  1.950000e-01
   endloop
 endfacet
 facet normal  0.000000e+00  0.000000e+00  1.000000e+00
   outer loop
     vertex  6.421180e-02 -8.931318e-02  1.950000e-01
     vertex  5.968009e-02 -9.240285e-02  1.950000e-01
     vertex  6.196521e-02 -9.088627e-02  1.950000e-01
   endloop
 endfacet
 facet normal  0.000000e+00  0.000000e+00  1.000000e+00
   outer loop
     vertex -8.426489e-02  7.070664e-02  1.950000e-01
     vertex -8.600146e-02  6.858388e-02  1.950000e-01
     vertex -8.768458e-02  6.641849e-02  1.950000e-01
   endloop
 endfacet
 facet normal  0.000000e+00  0.000000e+00  1.000000e+00
   outer loop
     vertex  7.481900e-02 -8.063571e-02  1.950000e-01
     vertex  7.070664e-02 -8.426489e-02  1.950000e-01
     vertex  7.278544e-02 -8.247593e-02  1.950000e-01
   endloop
 endfacet
 facet normal  0.000000e+00  0.000000e+00  1.000000e+00
   outer loop
     vertex -7.874535e-02  7.680605e-02  1.950000e-01
     vertex -8.063571e-02  7.481900e-02  1.950000e-01
     vertex -8.247593e-02  7.278544e-02  1.950000e-01
   endloop
 endfacet
 facet normal  0.000000e+00  0.000000e+00  1.000000e+00
   outer loop
     vertex -7.874535e-02  7.680605e-02  1.950000e-01
     vertex -8.247593e-02  7.278544e-02  1.950000e-01
     vertex -8.426489e-02  7.070664e-02  1.950000e-01
   endloop
 endfacet
 facet normal  0.000000e+00  0.000000e+00  1.000000e+00
   outer loop
     vertex  8.247593e-02 -7.278544e-02  1.950000e-01
     vertex  7.481900e-02 -8.063571e-02  1.950000e-01
     vertex  7.680605e-02 -7.874535e-02  1.950000e-01
   endloop
 endfacet
 facet normal  0.000000e+00  0.000000e+00  1.000000e+00
   outer loop
     vertex  8.247593e-02 -7.278544e-02  1.950000e-01
     vertex  7.680605e-02 -7.874535e-02  1.950000e-01
     vertex  7.874535e-02 -7.680605e-02  1.950000e-01
   endloop
 endfacet
 facet normal  0.000000e+00  0.000000e+00  1.000000e+00
   outer loop
     vertex  8.247593e-02 -7.278544e-02  1.950000e-01
     vertex  7.874535e-02 -7.680605e-02  1.950000e-01
     vertex  8.063571e-02 -7.481900e-02  1.950000e-01
   endloop
 endfacet
 facet normal  0.000000e+00  0.000000e+00  1.000000e+00
   outer loop
     vertex  8.768458e-02 -6.641849e-02  1.950000e-01
     vertex  8.426489e-02 -7.070664e-02  1.950000e-01
     vertex  8.600146e-02 -6.858388e-02  1.950000e-01
   endloop
 endfacet
 facet normal  0.000000e+00  0.000000e+00  1.000000e+00
   outer loop
     vertex -5.735787e-02  9.386200e-02  1.950000e-01
     vertex -5.968009e-02  9.240285e-02  1.950000e-01
     vertex -6.196521e-02  9.088627e-02  1.950000e-01
   endloop
 endfacet
 facet normal  0.000000e+00  0.000000e+00  1.000000e+00
   outer loop
     vertex -5.735787e-02  9.386200e-02  1.950000e-01
     vertex -6.196521e-02  9.088627e-02  1.950000e-01
     vertex -6.421180e-02  8.931318e-02  1.950000e-01
   endloop
 endfacet
 facet normal  0.000000e+00  0.000000e+00  1.000000e+00
   outer loop
     vertex -5.735787e-02  9.386200e-02  1.950000e-01
     vertex -6.421180e-02  8.931318e-02  1.950000e-01
     vertex -6.641849e-02  8.768458e-02  1.950000e-01
   endloop
 endfacet
 facet normal  0.000000e+00  0.000000e+00  1.000000e+00
   outer loop
     vertex  9.386200e-02 -5.735787e-02  1.950000e-01
     vertex  9.088627e-02 -6.196521e-02  1.950000e-01
     vertex  9.240285e-02 -5.968009e-02  1.950000e-01
   endloop
 endfacet
 facet normal  0.000000e+00  0.000000e+00  1.000000e+00
   outer loop
     vertex  9.660437e-02 -5.260794e-02  1.950000e-01
     vertex  9.386200e-02 -5.735787e-02  1.950000e-01
     vertex  9.526279e-02 -5.500000e-02  1.950000e-01
   endloop
 endfacet
 facet normal  0.000000e+00  0.000000e+00  1.000000e+00
   outer loop
     vertex  9.910658e-02 -4.772721e-02  1.950000e-01
     vertex  9.088627e-02 -6.196521e-02  1.950000e-01
     vertex  9.386200e-02 -5.735787e-02  1.950000e-01
   endloop
 endfacet
 facet normal  0.000000e+00  0.000000e+00  1.000000e+00
   outer loop
     vertex  9.910658e-02 -4.772721e-02  1.950000e-01
     vertex  8.931318e-02 -6.421180e-02  1.950000e-01
     vertex  9.088627e-02 -6.196521e-02  1.950000e-01
   endloop
 endfacet
 facet normal  0.000000e+00  0.000000e+00  1.000000e+00
   outer loop
     vertex  9.910658e-02 -4.772721e-02  1.950000e-01
     vertex  9.660437e-02 -5.260794e-02  1.950000e-01
     vertex  9.788590e-02 -5.018317e-02  1.950000e-01
   endloop
 endfacet
 facet normal  0.000000e+00  0.000000e+00  1.000000e+00
   outer loop
     vertex  9.910658e-02 -4.772721e-02  1.950000e-01
     vertex  9.386200e-02 -5.735787e-02  1.950000e-01
     vertex  9.660437e-02 -5.260794e-02  1.950000e-01
   endloop
 endfacet
 facet normal  0.000000e+00  0.000000e+00  1.000000e+00
   outer loop
     vertex  1.013624e-01 -4.272783e-02  1.950000e-01
     vertex  9.910658e-02 -4.772721e-02  1.950000e-01
     vertex  1.002656e-01 -4.524158e-02  1.950000e-01
   endloop
 endfacet
 facet normal  0.000000e+00  0.000000e+00  1.000000e+00
   outer loop
     vertex  1.023961e-01 -4.018751e-02  1.950000e-01
     vertex  9.910658e-02 -4.772721e-02  1.950000e-01
     vertex  1.013624e-01 -4.272783e-02  1.950000e-01
   endloop
 endfacet
 facet normal  0.000000e+00  0.000000e+00  1.000000e+00
   outer loop
     vertex  1.051130e-01 -3.242307e-02  1.950000e-01
     vertex  1.033662e-01 -3.762222e-02  1.950000e-01
     vertex  1.042720e-01 -3.503353e-02  1.950000e-01
   endloop
 endfacet
 facet normal  0.000000e+00  0.000000e+00  1.000000e+00
   outer loop
     vertex  1.065985e-01 -2.714331e-02  1.950000e-01
     vertex  1.051130e-01 -3.242307e-02  1.950000e-01
     vertex  1.058887e-01 -2.979245e-02  1.950000e-01
   endloop
 endfacet
 facet normal  0.000000e+00  0.000000e+00  1.000000e+00
   outer loop
     vertex -2.179608e-02  1.078190e-01  1.950000e-01
     vertex -2.447730e-02  1.072421e-01  1.950000e-01
     vertex -2.714331e-02  1.065985e-01  1.950000e-01
   endloop
 endfacet
 facet normal  0.000000e+00  0.000000e+00  1.000000e+00
   outer loop
     vertex  1.078190e-01 -2.179608e-02  1.950000e-01
     vertex  1.065985e-01 -2.714331e-02  1.950000e-01
     vertex  1.072421e-01 -2.447730e-02  1.950000e-01
   endloop
 endfacet
 facet normal  0.000000e+00  0.000000e+00  1.000000e+00
   outer loop
     vertex  1.096924e-01 -8.220310e-03  1.950000e-01
     vertex  1.087714e-01 -1.639465e-02  1.950000e-01
     vertex  1.091463e-01 -1.367781e-02  1.950000e-01
   endloop
 endfacet
 facet normal  0.000000e+00  0.000000e+00  1.000000e+00
   outer loop
     vertex  1.096924e-01 -8.220310e-03  1.950000e-01
     vertex  1.091463e-01 -1.367781e-02  1.950000e-01
     vertex  1.094534e-01 -1.095246e-02  1.950000e-01
   endloop
 endfacet
 facet normal  0.000000e+00  0.000000e+00  1.000000e+00
   outer loop
     vertex  1.100000e-01 -2.694223e-17  1.950000e-01
     vertex  1.098633e-01 -5.483047e-03  1.950000e-01
     vertex  1.099658e-01 -2.742376e-03  1.950000e-01
   endloop
 endfacet
 facet normal  0.000000e+00  0.000000e+00  1.000000e+00
   outer loop
     vertex  1.096924e-01  8.220310e-03  1.950000e-01
     vertex  1.100000e-01 -2.694223e-17  1.950000e-01
     vertex  1.099658e-01  2.742376e-03  1.950000e-01
   endloop
 endfacet
 facet normal  0.000000e+00  0.000000e+00  1.000000e+00
   outer loop
     vertex  1.096924e-01  8.220310e-03  1.950000e-01
     vertex  1.099658e-01  2.742376e-03  1.950000e-01
     vertex  1.098633e-01  5.483047e-03  1.950000e-01
   endloop
 endfacet
 facet normal  0.000000e+00  0.000000e+00  1.000000e+00
   outer loop
     vertex  1.091463e-01  1.367781e-02  1.950000e-01
     vertex  1.096924e-01  8.220310e-03  1.950000e-01
     vertex  1.094534e-01  1.095246e-02  1.950000e-01
   endloop
 endfacet
 facet normal  0.000000e+00  0.000000e+00  1.000000e+00
   outer loop
     vertex  1.058887e-01  2.979245e-02  1.950000e-01
     vertex  1.078190e-01  2.179608e-02  1.950000e-01
     vertex  1.072421e-01  2.447730e-02  1.950000e-01
   endloop
 endfacet
 facet normal  0.000000e+00  0.000000e+00  1.000000e+00
   outer loop
     vertex  1.058887e-01  2.979245e-02  1.950000e-01
     vertex  1.072421e-01  2.447730e-02  1.950000e-01
     vertex  1.065985e-01  2.714331e-02  1.950000e-01
   endloop
 endfacet
 facet normal  0.000000e+00  0.000000e+00  1.000000e+00
   outer loop
     vertex  1.051130e-01  3.242307e-02  1.950000e-01
     vertex  1.087714e-01  1.639465e-02  1.950000e-01
     vertex  1.083289e-01  1.910130e-02  1.950000e-01
   endloop
 endfacet
 facet normal  0.000000e+00  0.000000e+00  1.000000e+00
   outer loop
     vertex  1.051130e-01  3.242307e-02  1.950000e-01
     vertex  1.083289e-01  1.910130e-02  1.950000e-01
     vertex  1.078190e-01  2.179608e-02  1.950000e-01
   endloop
 endfacet
 facet normal  0.000000e+00  0.000000e+00  1.000000e+00
   outer loop
     vertex  1.051130e-01  3.242307e-02  1.950000e-01
     vertex  1.078190e-01  2.179608e-02  1.950000e-01
     vertex  1.058887e-01  2.979245e-02  1.950000e-01
   endloop
 endfacet
 facet normal  0.000000e+00  0.000000e+00  1.000000e+00
   outer loop
     vertex  1.023961e-01  4.018751e-02  1.950000e-01
     vertex  1.051130e-01  3.242307e-02  1.950000e-01
     vertex  1.042720e-01  3.503353e-02  1.950000e-01
   endloop
 endfacet
 facet normal  0.000000e+00  0.000000e+00  1.000000e+00
   outer loop
     vertex  1.023961e-01  4.018751e-02  1.950000e-01
     vertex  1.042720e-01  3.503353e-02  1.950000e-01
     vertex  1.033662e-01  3.762222e-02  1.950000e-01
   endloop
 endfacet
 facet normal  0.000000e+00  0.000000e+00  1.000000e+00
   outer loop
     vertex  4.272783e-02  1.013624e-01  1.950000e-01
     vertex  4.018751e-02  1.023961e-01  1.950000e-01
     vertex  3.762222e-02  1.033662e-01  1.950000e-01
   endloop
 endfacet
 facet normal  0.000000e+00  0.000000e+00  1.000000e+00
   outer loop
     vertex  4.272783e-02  1.013624e-01  1.950000e-01
     vertex  3.762222e-02  1.033662e-01  1.950000e-01
     vertex  3.503353e-02  1.042720e-01  1.950000e-01
   endloop
 endfacet
 facet normal  0.000000e+00  0.000000e+00  1.000000e+00
   outer loop
     vertex  1.002656e-01  4.524158e-02  1.950000e-01
     vertex  1.023961e-01  4.018751e-02  1.950000e-01
     vertex  1.013624e-01  4.272783e-02  1.950000e-01
   endloop
 endfacet
 facet normal  0.000000e+00  0.000000e+00  1.000000e+00
   outer loop
     vertex  5.260794e-02  9.660437e-02  1.950000e-01
     vertex  5.018317e-02  9.788590e-02  1.950000e-01
     vertex  4.772721e-02  9.910658e-02  1.950000e-01
   endloop
 endfacet
 facet normal  0.000000e+00  0.000000e+00  1.000000e+00
   outer loop
     vertex  5.260794e-02  9.660437e-02  1.950000e-01
     vertex  4.772721e-02  9.910658e-02  1.950000e-01
     vertex  4.524158e-02  1.002656e-01  1.950000e-01
   endloop
 endfacet
 facet normal  0.000000e+00  0.000000e+00  1.000000e+00
   outer loop
     vertex  5.260794e-02  9.660437e-02  1.950000e-01
     vertex  4.524158e-02  1.002656e-01  1.950000e-01
     vertex  4.272783e-02  1.013624e-01  1.950000e-01
   endloop
 endfacet
 facet normal  0.000000e+00  0.000000e+00  1.000000e+00
   outer loop
     vertex  9.660437e-02  5.260794e-02  1.950000e-01
     vertex  9.910658e-02  4.772721e-02  1.950000e-01
     vertex  9.788590e-02  5.018317e-02  1.950000e-01
   endloop
 endfacet
 facet normal  0.000000e+00  0.000000e+00  1.000000e+00
   outer loop
     vertex  9.386200e-02  5.735787e-02  1.950000e-01
     vertex  9.660437e-02  5.260794e-02  1.950000e-01
     vertex  9.526279e-02  5.500000e-02  1.950000e-01
   endloop
 endfacet
 facet normal  0.000000e+00  0.000000e+00  1.000000e+00
   outer loop
     vertex  9.386200e-02  5.735787e-02  1.950000e-01
     vertex  9.910658e-02  4.772721e-02  1.950000e-01
     vertex  9.660437e-02  5.260794e-02  1.950000e-01
   endloop
 endfacet
 facet normal  0.000000e+00  0.000000e+00  1.000000e+00
   outer loop
     vertex  5.968009e-02  9.240285e-02  1.950000e-01
     vertex  5.735787e-02  9.386200e-02  1.950000e-01
     vertex  5.500000e-02  9.526279e-02  1.950000e-01
   endloop
 endfacet
 facet normal  0.000000e+00  0.000000e+00  1.000000e+00
   outer loop
     vertex  8.931318e-02  6.421180e-02  1.950000e-01
     vertex  9.240285e-02  5.968009e-02  1.950000e-01
     vertex  9.088627e-02  6.196521e-02  1.950000e-01
   endloop
 endfacet
 facet normal  0.000000e+00  0.000000e+00  1.000000e+00
   outer loop
     vertex  6.421180e-02  8.931318e-02  1.950000e-01
     vertex  6.196521e-02  9.088627e-02  1.950000e-01
     vertex  5.968009e-02  9.240285e-02  1.950000e-01
   endloop
 endfacet
 facet normal  0.000000e+00  0.000000e+00  1.000000e+00
   outer loop
     vertex  8.600146e-02  6.858388e-02  1.950000e-01
     vertex  8.931318e-02  6.421180e-02  1.950000e-01
     vertex  8.768458e-02  6.641849e-02  1.950000e-01
   endloop
 endfacet
 facet normal  0.000000e+00  0.000000e+00  1.000000e+00
   outer loop
     vertex  6.858388e-02  8.600146e-02  1.950000e-01
     vertex  6.641849e-02  8.768458e-02  1.950000e-01
     vertex  6.421180e-02  8.931318e-02  1.950000e-01
   endloop
 endfacet
 facet normal  0.000000e+00  0.000000e+00  1.000000e+00
   outer loop
     vertex  7.070664e-02  8.426489e-02  1.950000e-01
     vertex  6.858388e-02  8.600146e-02  1.950000e-01
     vertex  6.421180e-02  8.931318e-02  1.950000e-01
   endloop
 endfacet
 facet normal  0.000000e+00  0.000000e+00  1.000000e+00
   outer loop
     vertex  8.247593e-02  7.278544e-02  1.950000e-01
     vertex  8.600146e-02  6.858388e-02  1.950000e-01
     vertex  8.426489e-02  7.070664e-02  1.950000e-01
   endloop
 endfacet
 facet normal  0.000000e+00  0.000000e+00  1.000000e+00
   outer loop
     vertex  7.874535e-02  7.680605e-02  1.950000e-01
     vertex  1.091463e-01  1.367781e-02  1.950000e-01
     vertex  1.087714e-01  1.639465e-02  1.950000e-01
   endloop
 endfacet
 facet normal  0.000000e+00  0.000000e+00  1.000000e+00
   outer loop
     vertex  7.874535e-02  7.680605e-02  1.950000e-01
     vertex  1.002656e-01  4.524158e-02  1.950000e-01
     vertex  9.910658e-02  4.772721e-02  1.950000e-01
   endloop
 endfacet
 facet normal  0.000000e+00  0.000000e+00  1.000000e+00
   outer loop
     vertex  7.874535e-02  7.680605e-02  1.950000e-01
     vertex  9.386200e-02  5.735787e-02  1.950000e-01
     vertex  9.240285e-02  5.968009e-02  1.950000e-01
   endloop
 endfacet
 facet normal  0.000000e+00  0.000000e+00  1.000000e+00
   outer loop
     vertex  7.874535e-02  7.680605e-02  1.950000e-01
     vertex  8.247593e-02  7.278544e-02  1.950000e-01
     vertex  8.063571e-02  7.481900e-02  1.950000e-01
   endloop
 endfacet
 facet normal  0.000000e+00  0.000000e+00  1.000000e+00
   outer loop
     vertex  7.874535e-02  7.680605e-02  1.950000e-01
     vertex  7.680605e-02  7.874535e-02  1.950000e-01
     vertex  7.481900e-02  8.063571e-02  1.950000e-01
   endloop
 endfacet
 facet normal  0.000000e+00  0.000000e+00  1.000000e+00
   outer loop
     vertex  7.874535e-02  7.680605e-02  1.950000e-01
     vertex  7.481900e-02  8.063571e-02  1.950000e-01
     vertex  7.278544e-02  8.247593e-02  1.950000e-01
   endloop
 endfacet
 facet normal  0.000000e+00  0.000000e+00  1.000000e+00
   outer loop
     vertex  7.874535e-02  7.680605e-02  1.950000e-01
     vertex  7.278544e-02  8.247593e-02  1.950000e-01
     vertex  7.070664e-02  8.426489e-02  1.950000e-01
   endloop
 endfacet
 facet normal  0.000000e+00  0.000000e+00  1.000000e+00
   outer loop
     vertex  7.874535e-02  7.680605e-02  1.950000e-01
     vertex  5.500000e-02  9.526279e-02  1.950000e-01
     vertex  5.260794e-02  9.660437e-02  1.950000e-01
   endloop
 endfacet
 facet normal  0.000000e+00  0.000000e+00  1.000000e+00
   outer loop
     vertex  7.874535e-02  7.680605e-02  1.950000e-01
     vertex  3.503353e-02  1.042720e-01  1.950000e-01
     vertex  3.242307e-02  1.051130e-01  1.950000e-01
   endloop
 endfacet
 facet normal  0.000000e+00  0.000000e+00  1.000000e+00
   outer loop
     vertex  7.874535e-02  7.680605e-02  1.950000e-01
     vertex  3.242307e-02  1.051130e-01  1.950000e-01
     vertex  2.979245e-02  1.058887e-01  1.950000e-01
   endloop
 endfacet
 facet normal  0.000000e+00  0.000000e+00  1.000000e+00
   outer loop
     vertex  7.874535e-02  7.680605e-02  1.950000e-01
     vertex  2.979245e-02  1.058887e-01  1.950000e-01
     vertex  2.714331e-02  1.065985e-01  1.950000e-01
   endloop
 endfacet
 facet normal  0.000000e+00  0.000000e+00  1.000000e+00
   outer loop
     vertex  7.874535e-02  7.680605e-02  1.950000e-01
     vertex  2.714331e-02  1.065985e-01  1.950000e-01
     vertex  2.447730e-02  1.072421e-01  1.950000e-01
   endloop
 endfacet
 facet normal  0.000000e+00  0.000000e+00  1.000000e+00
   outer loop
     vertex  7.874535e-02  7.680605e-02  1.950000e-01
     vertex  2.447730e-02  1.072421e-01  1.950000e-01
     vertex  2.179608e-02  1.078190e-01  1.950000e-01
   endloop
 endfacet
 facet normal  0.000000e+00  0.000000e+00  1.000000e+00
   outer loop
     vertex  7.874535e-02  7.680605e-02  1.950000e-01
     vertex  2.179608e-02  1.078190e-01  1.950000e-01
     vertex  1.910130e-02  1.083289e-01  1.950000e-01
   endloop
 endfacet
 facet normal  0.000000e+00  0.000000e+00  1.000000e+00
   outer loop
     vertex  7.874535e-02  7.680605e-02  1.950000e-01
     vertex  1.910130e-02  1.083289e-01  1.950000e-01
     vertex  1.639465e-02  1.087714e-01  1.950000e-01
   endloop
 endfacet
 facet normal  0.000000e+00  0.000000e+00  1.000000e+00
   outer loop
     vertex  7.874535e-02  7.680605e-02  1.950000e-01
     vertex  1.639465e-02  1.087714e-01  1.950000e-01
     vertex  1.367781e-02  1.091463e-01  1.950000e-01
   endloop
 endfacet
 facet normal  0.000000e+00  0.000000e+00  1.000000e+00
   outer loop
     vertex  7.874535e-02  7.680605e-02  1.950000e-01
     vertex  1.367781e-02  1.091463e-01  1.950000e-01
     vertex  1.095246e-02  1.094534e-01  1.950000e-01
   endloop
 endfacet
 facet normal  0.000000e+00  0.000000e+00  1.000000e+00
   outer loop
     vertex  7.874535e-02  7.680605e-02  1.950000e-01
     vertex  1.095246e-02  1.094534e-01  1.950000e-01
     vertex  8.220310e-03  1.096924e-01  1.950000e-01
   endloop
 endfacet
 facet normal  0.000000e+00  0.000000e+00  1.000000e+00
   outer loop
     vertex  7.874535e-02  7.680605e-02  1.950000e-01
     vertex  8.220310e-03  1.096924e-01  1.950000e-01
     vertex  5.483047e-03  1.098633e-01  1.950000e-01
   endloop
 endfacet
 facet normal  0.000000e+00  0.000000e+00  1.000000e+00
   outer loop
     vertex  7.874535e-02  7.680605e-02  1.950000e-01
     vertex  5.483047e-03  1.098633e-01  1.950000e-01
     vertex  2.742376e-03  1.099658e-01  1.950000e-01
   endloop
 endfacet
 facet normal  0.000000e+00  0.000000e+00  1.000000e+00
   outer loop
     vertex  7.874535e-02  7.680605e-02  1.950000e-01
     vertex  2.742376e-03  1.099658e-01  1.950000e-01
     vertex -1.886637e-16  1.100000e-01  1.950000e-01
   endloop
 endfacet
 facet normal  0.000000e+00  0.000000e+00  1.000000e+00
   outer loop
     vertex  7.874535e-02  7.680605e-02  1.950000e-01
     vertex -1.886637e-16  1.100000e-01  1.950000e-01
     vertex -2.742376e-03  1.099658e-01  1.950000e-01
   endloop
 endfacet
 facet normal  0.000000e+00  0.000000e+00  1.000000e+00
   outer loop
     vertex  7.874535e-02  7.680605e-02  1.950000e-01
     vertex -2.742376e-03  1.099658e-01  1.950000e-01
     vertex -5.483047e-03  1.098633e-01  1.950000e-01
   endloop
 endfacet
 facet normal  0.000000e+00  0.000000e+00  1.000000e+00
   outer loop
     vertex  7.874535e-02  7.680605e-02  1.950000e-01
     vertex -5.483047e-03  1.098633e-01  1.950000e-01
     vertex -8.220310e-03  1.096924e-01  1.950000e-01
   endloop
 endfacet
 facet normal  0.000000e+00  0.000000e+00  1.000000e+00
   outer loop
     vertex  7.874535e-02  7.680605e-02  1.950000e-01
     vertex -8.220310e-03  1.096924e-01  1.950000e-01
     vertex -1.095246e-02  1.094534e-01  1.950000e-01
   endloop
 endfacet
 facet normal  0.000000e+00  0.000000e+00  1.000000e+00
   outer loop
     vertex  7.874535e-02  7.680605e-02  1.950000e-01
     vertex -1.095246e-02  1.094534e-01  1.950000e-01
     vertex -1.367781e-02  1.091463e-01  1.950000e-01
   endloop
 endfacet
 facet normal  0.000000e+00  0.000000e+00  1.000000e+00
   outer loop
     vertex  7.874535e-02  7.680605e-02  1.950000e-01
     vertex -1.367781e-02  1.091463e-01  1.950000e-01
     vertex -1.639465e-02  1.087714e-01  1.950000e-01
   endloop
 endfacet
 facet normal  0.000000e+00  0.000000e+00  1.000000e+00
   outer loop
     vertex  7.874535e-02  7.680605e-02  1.950000e-01
     vertex -1.639465e-02  1.087714e-01  1.950000e-01
     vertex -1.910130e-02  1.083289e-01  1.950000e-01
   endloop
 endfacet
 facet normal  0.000000e+00  0.000000e+00  1.000000e+00
   outer loop
     vertex  7.874535e-02  7.680605e-02  1.950000e-01
     vertex -1.910130e-02  1.083289e-01  1.950000e-01
     vertex -2.179608e-02  1.078190e-01  1.950000e-01
   endloop
 endfacet
 facet normal  0.000000e+00  0.000000e+00  1.000000e+00
   outer loop
     vertex  7.874535e-02  7.680605e-02  1.950000e-01
     vertex -2.714331e-02  1.065985e-01  1.950000e-01
     vertex -2.979245e-02  1.058887e-01  1.950000e-01
   endloop
 endfacet
 facet normal  0.000000e+00  0.000000e+00  1.000000e+00
   outer loop
     vertex  7.874535e-02  7.680605e-02  1.950000e-01
     vertex -2.979245e-02  1.058887e-01  1.950000e-01
     vertex -3.242307e-02  1.051130e-01  1.950000e-01
   endloop
 endfacet
 facet normal  0.000000e+00  0.000000e+00  1.000000e+00
   outer loop
     vertex  7.874535e-02  7.680605e-02  1.950000e-01
     vertex -3.242307e-02  1.051130e-01  1.950000e-01
     vertex -3.503353e-02  1.042720e-01  1.950000e-01
   endloop
 endfacet
 facet normal  0.000000e+00  0.000000e+00  1.000000e+00
   outer loop
     vertex  7.874535e-02  7.680605e-02  1.950000e-01
     vertex -3.503353e-02  1.042720e-01  1.950000e-01
     vertex -3.762222e-02  1.033662e-01  1.950000e-01
   endloop
 endfacet
 facet normal  0.000000e+00  0.000000e+00  1.000000e+00
   outer loop
     vertex  7.874535e-02  7.680605e-02  1.950000e-01
     vertex -3.762222e-02  1.033662e-01  1.950000e-01
     vertex -4.018751e-02  1.023961e-01  1.950000e-01
   endloop
 endfacet
 facet normal  0.000000e+00  0.000000e+00  1.000000e+00
   outer loop
     vertex  7.874535e-02  7.680605e-02  1.950000e-01
     vertex -4.018751e-02  1.023961e-01  1.950000e-01
     vertex -4.272783e-02  1.013624e-01  1.950000e-01
   endloop
 endfacet
 facet normal  0.000000e+00  0.000000e+00  1.000000e+00
   outer loop
     vertex  7.874535e-02  7.680605e-02  1.950000e-01
     vertex -4.272783e-02  1.013624e-01  1.950000e-01
     vertex -4.524158e-02  1.002656e-01  1.950000e-01
   endloop
 endfacet
 facet normal  0.000000e+00  0.000000e+00  1.000000e+00
   outer loop
     vertex  7.874535e-02  7.680605e-02  1.950000e-01
     vertex -4.524158e-02  1.002656e-01  1.950000e-01
     vertex -4.772721e-02  9.910658e-02  1.950000e-01
   endloop
 endfacet
 facet normal  0.000000e+00  0.000000e+00  1.000000e+00
   outer loop
     vertex  7.874535e-02  7.680605e-02  1.950000e-01
     vertex -4.772721e-02  9.910658e-02  1.950000e-01
     vertex -5.018317e-02  9.788590e-02  1.950000e-01
   endloop
 endfacet
 facet normal  0.000000e+00  0.000000e+00  1.000000e+00
   outer loop
     vertex  7.874535e-02  7.680605e-02  1.950000e-01
     vertex -5.018317e-02  9.788590e-02  1.950000e-01
     vertex -5.260794e-02  9.660437e-02  1.950000e-01
   endloop
 endfacet
 facet normal  0.000000e+00  0.000000e+00  1.000000e+00
   outer loop
     vertex  7.874535e-02  7.680605e-02  1.950000e-01
     vertex -5.260794e-02  9.660437e-02  1.950000e-01
     vertex -5.500000e-02  9.526279e-02  1.950000e-01
   endloop
 endfacet
 facet normal  0.000000e+00  0.000000e+00  1.000000e+00
   outer loop
     vertex  7.874535e-02  7.680605e-02  1.950000e-01
     vertex -5.500000e-02  9.526279e-02  1.950000e-01
     vertex -5.735787e-02  9.386200e-02  1.950000e-01
   endloop
 endfacet
 facet normal  0.000000e+00  0.000000e+00  1.000000e+00
   outer loop
     vertex  7.874535e-02  7.680605e-02  1.950000e-01
     vertex -6.641849e-02  8.768458e-02  1.950000e-01
     vertex -6.858388e-02  8.600146e-02  1.950000e-01
   endloop
 endfacet
 facet normal  0.000000e+00  0.000000e+00  1.000000e+00
   outer loop
     vertex  7.874535e-02  7.680605e-02  1.950000e-01
     vertex -6.858388e-02  8.600146e-02  1.950000e-01
     vertex -7.070664e-02  8.426489e-02  1.950000e-01
   endloop
 endfacet
 facet normal  0.000000e+00  0.000000e+00  1.000000e+00
   outer loop
     vertex  7.874535e-02  7.680605e-02  1.950000e-01
     vertex -7.070664e-02  8.426489e-02  1.950000e-01
     vertex -7.278544e-02  8.247593e-02  1.950000e-01
   endloop
 endfacet
 facet normal  0.000000e+00  0.000000e+00  1.000000e+00
   outer loop
     vertex  7.874535e-02  7.680605e-02  1.950000e-01
     vertex -7.278544e-02  8.247593e-02  1.950000e-01
     vertex -7.481900e-02  8.063571e-02  1.950000e-01
   endloop
 endfacet
 facet normal  0.000000e+00  0.000000e+00  1.000000e+00
   outer loop
     vertex  7.874535e-02  7.680605e-02  1.950000e-01
     vertex -7.481900e-02  8.063571e-02  1.950000e-01
     vertex -7.680605e-02  7.874535e-02  1.950000e-01
   endloop
 endfacet
 facet normal  0.000000e+00  0.000000e+00  1.000000e+00
   outer loop
     vertex  7.874535e-02  7.680605e-02  1.950000e-01
     vertex -7.680605e-02  7.874535e-02  1.950000e-01
     vertex -7.874535e-02  7.680605e-02  1.950000e-01
   endloop
 endfacet
 facet normal  0.000000e+00  0.000000e+00  1.000000e+00
   outer loop
     vertex  7.874535e-02  7.680605e-02  1.950000e-01
     vertex -8.768458e-02  6.641849e-02  1.950000e-01
     vertex -8.931318e-02  6.421180e-02  1.950000e-01
   endloop
 endfacet
 facet normal  0.000000e+00  0.000000e+00  1.000000e+00
   outer loop
     vertex  7.874535e-02  7.680605e-02  1.950000e-01
     vertex -8.931318e-02  6.421180e-02  1.950000e-01
     vertex -9.088627e-02  6.196521e-02  1.950000e-01
   endloop
 endfacet
 facet normal  0.000000e+00  0.000000e+00  1.000000e+00
   outer loop
     vertex  7.874535e-02  7.680605e-02  1.950000e-01
     vertex -9.088627e-02  6.196521e-02  1.950000e-01
     vertex -9.240285e-02  5.968009e-02  1.950000e-01
   endloop
 endfacet
 facet normal  0.000000e+00  0.000000e+00  1.000000e+00
   outer loop
     vertex  7.874535e-02  7.680605e-02  1.950000e-01
     vertex -9.240285e-02  5.968009e-02  1.950000e-01
     vertex -9.386200e-02  5.735787e-02  1.950000e-01
   endloop
 endfacet
 facet normal  0.000000e+00  0.000000e+00  1.000000e+00
   outer loop
     vertex  7.874535e-02  7.680605e-02  1.950000e-01
     vertex -9.386200e-02  5.735787e-02  1.950000e-01
     vertex -9.526279e-02  5.500000e-02  1.950000e-01
   endloop
 endfacet
 facet normal  0.000000e+00  0.000000e+00  1.000000e+00
   outer loop
     vertex  7.874535e-02  7.680605e-02  1.950000e-01
     vertex -9.526279e-02  5.500000e-02  1.950000e-01
     vertex -9.660437e-02  5.260794e-02  1.950000e-01
   endloop
 endfacet
 facet normal  0.000000e+00  0.000000e+00  1.000000e+00
   outer loop
     vertex  7.874535e-02  7.680605e-02  1.950000e-01
     vertex -9.660437e-02  5.260794e-02  1.950000e-01
     vertex -9.788590e-02  5.018317e-02  1.950000e-01
   endloop
 endfacet
 facet normal  0.000000e+00  0.000000e+00  1.000000e+00
   outer loop
     vertex  7.874535e-02  7.680605e-02  1.950000e-01
     vertex -9.788590e-02  5.018317e-02  1.950000e-01
     vertex -9.910658e-02  4.772721e-02  1.950000e-01
   endloop
 endfacet
 facet normal  0.000000e+00  0.000000e+00  1.000000e+00
   outer loop
     vertex  7.874535e-02  7.680605e-02  1.950000e-01
     vertex -9.910658e-02  4.772721e-02  1.950000e-01
     vertex -1.002656e-01  4.524158e-02  1.950000e-01
   endloop
 endfacet
 facet normal  0.000000e+00  0.000000e+00  1.000000e+00
   outer loop
     vertex  7.874535e-02  7.680605e-02  1.950000e-01
     vertex -1.002656e-01  4.524158e-02  1.950000e-01
     vertex -1.013624e-01  4.272783e-02  1.950000e-01
   endloop
 endfacet
 facet normal  0.000000e+00  0.000000e+00  1.000000e+00
   outer loop
     vertex  7.874535e-02  7.680605e-02  1.950000e-01
     vertex -1.013624e-01  4.272783e-02  1.950000e-01
     vertex -1.023961e-01  4.018751e-02  1.950000e-01
   endloop
 endfacet
 facet normal  0.000000e+00  0.000000e+00  1.000000e+00
   outer loop
     vertex  7.874535e-02  7.680605e-02  1.950000e-01
     vertex -1.042720e-01  3.503353e-02  1.950000e-01
     vertex -1.051130e-01  3.242307e-02  1.950000e-01
   endloop
 endfacet
 facet normal  0.000000e+00  0.000000e+00  1.000000e+00
   outer loop
     vertex  7.874535e-02  7.680605e-02  1.950000e-01
     vertex -1.051130e-01  3.242307e-02  1.950000e-01
     vertex -1.058887e-01  2.979245e-02  1.950000e-01
   endloop
 endfacet
 facet normal  0.000000e+00  0.000000e+00  1.000000e+00
   outer loop
     vertex  7.874535e-02  7.680605e-02  1.950000e-01
     vertex -1.058887e-01  2.979245e-02  1.950000e-01
     vertex -1.065985e-01  2.714331e-02  1.950000e-01
   endloop
 endfacet
 facet normal  0.000000e+00  0.000000e+00  1.000000e+00
   outer loop
     vertex  7.874535e-02  7.680605e-02  1.950000e-01
     vertex -1.065985e-01  2.714331e-02  1.950000e-01
     vertex -1.072421e-01  2.447730e-02  1.950000e-01
   endloop
 endfacet
 facet normal  0.000000e+00  0.000000e+00  1.000000e+00
   outer loop
     vertex  7.874535e-02  7.680605e-02  1.950000e-01
     vertex -1.072421e-01  2.447730e-02  1.950000e-01
     vertex -1.078190e-01  2.179608e-02  1.950000e-01
   endloop
 endfacet
 facet normal  0.000000e+00  0.000000e+00  1.000000e+00
   outer loop
     vertex  7.874535e-02  7.680605e-02  1.950000e-01
     vertex -1.078190e-01  2.179608e-02  1.950000e-01
     vertex -1.083289e-01  1.910130e-02  1.950000e-01
   endloop
 endfacet
 facet normal  0.000000e+00  0.000000e+00  1.000000e+00
   outer loop
     vertex  7.874535e-02  7.680605e-02  1.950000e-01
     vertex -1.083289e-01  1.910130e-02  1.950000e-01
     vertex -1.087714e-01  1.639465e-02  1.950000e-01
   endloop
 endfacet
 facet normal  0.000000e+00  0.000000e+00  1.000000e+00
   outer loop
     vertex  7.874535e-02  7.680605e-02  1.950000e-01
     vertex -1.087714e-01  1.639465e-02  1.950000e-01
     vertex -1.091463e-01  1.367781e-02  1.950000e-01
   endloop
 endfacet
 facet normal  0.000000e+00  0.000000e+00  1.000000e+00
   outer loop
     vertex  7.874535e-02  7.680605e-02  1.950000e-01
     vertex -1.091463e-01  1.367781e-02  1.950000e-01
     vertex -1.094534e-01  1.095246e-02  1.950000e-01
   endloop
 endfacet
 facet normal  0.000000e+00  0.000000e+00  1.000000e+00
   outer loop
     vertex  7.874535e-02  7.680605e-02  1.950000e-01
     vertex -1.094534e-01  1.095246e-02  1.950000e-01
     vertex -1.096924e-01  8.220310e-03  1.950000e-01
   endloop
 endfacet
 facet normal  0.000000e+00  0.000000e+00  1.000000e+00
   outer loop
     vertex  7.874535e-02  7.680605e-02  1.950000e-01
     vertex -1.096924e-01  8.220310e-03  1.950000e-01
     vertex -1.098633e-01  5.483047e-03  1.950000e-01
   endloop
 endfacet
 facet normal  0.000000e+00  0.000000e+00  1.000000e+00
   outer loop
     vertex  7.874535e-02  7.680605e-02  1.950000e-01
     vertex -1.098633e-01  5.483047e-03  1.950000e-01
     vertex -1.099658e-01  2.742376e-03  1.950000e-01
   endloop
 endfacet
 facet normal  0.000000e+00  0.000000e+00  1.000000e+00
   outer loop
     vertex  7.874535e-02  7.680605e-02  1.950000e-01
     vertex -1.099658e-01  2.742376e-03  1.950000e-01
     vertex -1.100000e-01 -8.658255e-16  1.950000e-01
   endloop
 endfacet
 facet normal  0.000000e+00  0.000000e+00  1.000000e+00
   outer loop
     vertex  7.874535e-02  7.680605e-02  1.950000e-01
     vertex -1.100000e-01 -8.658255e-16  1.950000e-01
     vertex -1.099658e-01 -2.742376e-03  1.950000e-01
   endloop
 endfacet
 facet normal  0.000000e+00  0.000000e+00  1.000000e+00
   outer loop
     vertex  7.874535e-02  7.680605e-02  1.950000e-01
     vertex -1.099658e-01 -2.742376e-03  1.950000e-01
     vertex -1.098633e-01 -5.483047e-03  1.950000e-01
   endloop
 endfacet
 facet normal  0.000000e+00  0.000000e+00  1.000000e+00
   outer loop
     vertex  7.874535e-02  7.680605e-02  1.950000e-01
     vertex -1.098633e-01 -5.483047e-03  1.950000e-01
     vertex -1.096924e-01 -8.220310e-03  1.950000e-01
   endloop
 endfacet
 facet normal  0.000000e+00  0.000000e+00  1.000000e+00
   outer loop
     vertex  7.874535e-02  7.680605e-02  1.950000e-01
     vertex -1.096924e-01 -8.220310e-03  1.950000e-01
     vertex -1.094534e-01 -1.095246e-02  1.950000e-01
   endloop
 endfacet
 facet normal  0.000000e+00  0.000000e+00  1.000000e+00
   outer loop
     vertex  7.874535e-02  7.680605e-02  1.950000e-01
     vertex -1.094534e-01 -1.095246e-02  1.950000e-01
     vertex -1.091463e-01 -1.367781e-02  1.950000e-01
   endloop
 endfacet
 facet normal  0.000000e+00  0.000000e+00  1.000000e+00
   outer loop
     vertex  7.874535e-02  7.680605e-02  1.950000e-01
     vertex -1.091463e-01 -1.367781e-02  1.950000e-01
     vertex -1.087714e-01 -1.639465e-02  1.950000e-01
   endloop
 endfacet
 facet normal  0.000000e+00  0.000000e+00  1.000000e+00
   outer loop
     vertex  7.874535e-02  7.680605e-02  1.950000e-01
     vertex -1.087714e-01 -1.639465e-02  1.950000e-01
     vertex -1.083289e-01 -1.910130e-02  1.950000e-01
   endloop
 endfacet
 facet normal  0.000000e+00  0.000000e+00  1.000000e+00
   outer loop
     vertex  7.874535e-02  7.680605e-02  1.950000e-01
     vertex -1.083289e-01 -1.910130e-02  1.950000e-01
     vertex -1.078190e-01 -2.179608e-02  1.950000e-01
   endloop
 endfacet
 facet normal  0.000000e+00  0.000000e+00  1.000000e+00
   outer loop
     vertex  7.874535e-02  7.680605e-02  1.950000e-01
     vertex -1.078190e-01 -2.179608e-02  1.950000e-01
     vertex -1.072421e-01 -2.447730e-02  1.950000e-01
   endloop
 endfacet
 facet normal  0.000000e+00  0.000000e+00  1.000000e+00
   outer loop
     vertex  7.874535e-02  7.680605e-02  1.950000e-01
     vertex -1.072421e-01 -2.447730e-02  1.950000e-01
     vertex -1.065985e-01 -2.714331e-02  1.950000e-01
   endloop
 endfacet
 facet normal  0.000000e+00  0.000000e+00  1.000000e+00
   outer loop
     vertex  7.874535e-02  7.680605e-02  1.950000e-01
     vertex -1.065985e-01 -2.714331e-02  1.950000e-01
     vertex -1.058887e-01 -2.979245e-02  1.950000e-01
   endloop
 endfacet
 facet normal  0.000000e+00  0.000000e+00  1.000000e+00
   outer loop
     vertex  7.874535e-02  7.680605e-02  1.950000e-01
     vertex -1.058887e-01 -2.979245e-02  1.950000e-01
     vertex -1.051130e-01 -3.242307e-02  1.950000e-01
   endloop
 endfacet
 facet normal  0.000000e+00  0.000000e+00  1.000000e+00
   outer loop
     vertex  7.874535e-02  7.680605e-02  1.950000e-01
     vertex -1.051130e-01 -3.242307e-02  1.950000e-01
     vertex -1.042720e-01 -3.503353e-02  1.950000e-01
   endloop
 endfacet
 facet normal  0.000000e+00  0.000000e+00  1.000000e+00
   outer loop
     vertex  7.874535e-02  7.680605e-02  1.950000e-01
     vertex -1.042720e-01 -3.503353e-02  1.950000e-01
     vertex -1.033662e-01 -3.762222e-02  1.950000e-01
   endloop
 endfacet
 facet normal  0.000000e+00  0.000000e+00  1.000000e+00
   outer loop
     vertex  7.874535e-02  7.680605e-02  1.950000e-01
     vertex -1.033662e-01 -3.762222e-02  1.950000e-01
     vertex -1.023961e-01 -4.018751e-02  1.950000e-01
   endloop
 endfacet
 facet normal  0.000000e+00  0.000000e+00  1.000000e+00
   outer loop
     vertex  7.874535e-02  7.680605e-02  1.950000e-01
     vertex -1.023961e-01 -4.018751e-02  1.950000e-01
     vertex -1.013624e-01 -4.272783e-02  1.950000e-01
   endloop
 endfacet
 facet normal  0.000000e+00  0.000000e+00  1.000000e+00
   outer loop
     vertex  7.874535e-02  7.680605e-02  1.950000e-01
     vertex -1.013624e-01 -4.272783e-02  1.950000e-01
     vertex -1.002656e-01 -4.524158e-02  1.950000e-01
   endloop
 endfacet
 facet normal  0.000000e+00  0.000000e+00  1.000000e+00
   outer loop
     vertex  7.874535e-02  7.680605e-02  1.950000e-01
     vertex -1.002656e-01 -4.524158e-02  1.950000e-01
     vertex -9.910658e-02 -4.772721e-02  1.950000e-01
   endloop
 endfacet
 facet normal  0.000000e+00  0.000000e+00  1.000000e+00
   outer loop
     vertex  7.874535e-02  7.680605e-02  1.950000e-01
     vertex -9.910658e-02 -4.772721e-02  1.950000e-01
     vertex -9.788590e-02 -5.018317e-02  1.950000e-01
   endloop
 endfacet
 facet normal  0.000000e+00  0.000000e+00  1.000000e+00
   outer loop
     vertex  7.874535e-02  7.680605e-02  1.950000e-01
     vertex -9.788590e-02 -5.018317e-02  1.950000e-01
     vertex -9.660437e-02 -5.260794e-02  1.950000e-01
   endloop
 endfacet
 facet normal  0.000000e+00  0.000000e+00  1.000000e+00
   outer loop
     vertex  7.874535e-02  7.680605e-02  1.950000e-01
     vertex -9.660437e-02 -5.260794e-02  1.950000e-01
     vertex -9.526279e-02 -5.500000e-02  1.950000e-01
   endloop
 endfacet
 facet normal  0.000000e+00  0.000000e+00  1.000000e+00
   outer loop
     vertex  7.874535e-02  7.680605e-02  1.950000e-01
     vertex -9.526279e-02 -5.500000e-02  1.950000e-01
     vertex -9.386200e-02 -5.735787e-02  1.950000e-01
   endloop
 endfacet
 facet normal  0.000000e+00  0.000000e+00  1.000000e+00
   outer loop
     vertex  7.874535e-02  7.680605e-02  1.950000e-01
     vertex -9.386200e-02 -5.735787e-02  1.950000e-01
     vertex -9.240285e-02 -5.968009e-02  1.950000e-01
   endloop
 endfacet
 facet normal  0.000000e+00  0.000000e+00  1.000000e+00
   outer loop
     vertex  7.874535e-02  7.680605e-02  1.950000e-01
     vertex -9.240285e-02 -5.968009e-02  1.950000e-01
     vertex -9.088627e-02 -6.196521e-02  1.950000e-01
   endloop
 endfacet
 facet normal  0.000000e+00  0.000000e+00  1.000000e+00
   outer loop
     vertex  7.874535e-02  7.680605e-02  1.950000e-01
     vertex -9.088627e-02 -6.196521e-02  1.950000e-01
     vertex -8.931318e-02 -6.421180e-02  1.950000e-01
   endloop
 endfacet
 facet normal  0.000000e+00  0.000000e+00  1.000000e+00
   outer loop
     vertex  7.874535e-02  7.680605e-02  1.950000e-01
     vertex -8.931318e-02 -6.421180e-02  1.950000e-01
     vertex -8.768458e-02 -6.641849e-02  1.950000e-01
   endloop
 endfacet
 facet normal  0.000000e+00  0.000000e+00  1.000000e+00
   outer loop
     vertex  7.874535e-02  7.680605e-02  1.950000e-01
     vertex -8.768458e-02 -6.641849e-02  1.950000e-01
     vertex -8.600146e-02 -6.858388e-02  1.950000e-01
   endloop
 endfacet
 facet normal  0.000000e+00  0.000000e+00  1.000000e+00
   outer loop
     vertex  7.874535e-02  7.680605e-02  1.950000e-01
     vertex -8.600146e-02 -6.858388e-02  1.950000e-01
     vertex -8.426489e-02 -7.070664e-02  1.950000e-01
   endloop
 endfacet
 facet normal  0.000000e+00  0.000000e+00  1.000000e+00
   outer loop
     vertex  7.874535e-02  7.680605e-02  1.950000e-01
     vertex -8.426489e-02 -7.070664e-02  1.950000e-01
     vertex -8.247593e-02 -7.278544e-02  1.950000e-01
   endloop
 endfacet
 facet normal  0.000000e+00  0.000000e+00  1.000000e+00
   outer loop
     vertex  7.874535e-02  7.680605e-02  1.950000e-01
     vertex -8.247593e-02 -7.278544e-02  1.950000e-01
     vertex -8.063571e-02 -7.481900e-02  1.950000e-01
   endloop
 endfacet
 facet normal  0.000000e+00  0.000000e+00  1.000000e+00
   outer loop
     vertex  7.874535e-02  7.680605e-02  1.950000e-01
     vertex -8.063571e-02 -7.481900e-02  1.950000e-01
     vertex -7.874535e-02 -7.680605e-02  1.950000e-01
   endloop
 endfacet
 facet normal  0.000000e+00  0.000000e+00  1.000000e+00
   outer loop
     vertex  7.874535e-02  7.680605e-02  1.950000e-01
     vertex -7.874535e-02 -7.680605e-02  1.950000e-01
     vertex -7.680605e-02 -7.874535e-02  1.950000e-01
   endloop
 endfacet
 facet normal  0.000000e+00  0.000000e+00  1.000000e+00
   outer loop
     vertex  7.874535e-02  7.680605e-02  1.950000e-01
     vertex -7.680605e-02 -7.874535e-02  1.950000e-01
     vertex -7.481900e-02 -8.063571e-02  1.950000e-01
   endloop
 endfacet
 facet normal  0.000000e+00  0.000000e+00  1.000000e+00
   outer loop
     vertex  7.874535e-02  7.680605e-02  1.950000e-01
     vertex -7.481900e-02 -8.063571e-02  1.950000e-01
     vertex -7.278544e-02 -8.247593e-02  1.950000e-01
   endloop
 endfacet
 facet normal  0.000000e+00  0.000000e+00  1.000000e+00
   outer loop
     vertex  7.874535e-02  7.680605e-02  1.950000e-01
     vertex -7.278544e-02 -8.247593e-02  1.950000e-01
     vertex -7.070664e-02 -8.426489e-02  1.950000e-01
   endloop
 endfacet
 facet normal  0.000000e+00  0.000000e+00  1.000000e+00
   outer loop
     vertex  7.874535e-02  7.680605e-02  1.950000e-01
     vertex -7.070664e-02 -8.426489e-02  1.950000e-01
     vertex -6.858388e-02 -8.600146e-02  1.950000e-01
   endloop
 endfacet
 facet normal  0.000000e+00  0.000000e+00  1.000000e+00
   outer loop
     vertex  7.874535e-02  7.680605e-02  1.950000e-01
     vertex -6.858388e-02 -8.600146e-02  1.950000e-01
     vertex -6.641849e-02 -8.768458e-02  1.950000e-01
   endloop
 endfacet
 facet normal  0.000000e+00  0.000000e+00  1.000000e+00
   outer loop
     vertex  7.874535e-02  7.680605e-02  1.950000e-01
     vertex -6.641849e-02 -8.768458e-02  1.950000e-01
     vertex -6.421180e-02 -8.931318e-02  1.950000e-01
   endloop
 endfacet
 facet normal  0.000000e+00  0.000000e+00  1.000000e+00
   outer loop
     vertex  7.874535e-02  7.680605e-02  1.950000e-01
     vertex -6.421180e-02 -8.931318e-02  1.950000e-01
     vertex -6.196521e-02 -9.088627e-02  1.950000e-01
   endloop
 endfacet
 facet normal  0.000000e+00  0.000000e+00  1.000000e+00
   outer loop
     vertex  7.874535e-02  7.680605e-02  1.950000e-01
     vertex -6.196521e-02 -9.088627e-02  1.950000e-01
     vertex -5.968009e-02 -9.240285e-02  1.950000e-01
   endloop
 endfacet
 facet normal  0.000000e+00  0.000000e+00  1.000000e+00
   outer loop
     vertex  7.874535e-02  7.680605e-02  1.950000e-01
     vertex -5.968009e-02 -9.240285e-02  1.950000e-01
     vertex -5.735787e-02 -9.386200e-02  1.950000e-01
   endloop
 endfacet
 facet normal  0.000000e+00  0.000000e+00  1.000000e+00
   outer loop
     vertex  7.874535e-02  7.680605e-02  1.950000e-01
     vertex -5.735787e-02 -9.386200e-02  1.950000e-01
     vertex -5.500000e-02 -9.526279e-02  1.950000e-01
   endloop
 endfacet
 facet normal  0.000000e+00  0.000000e+00  1.000000e+00
   outer loop
     vertex  7.874535e-02  7.680605e-02  1.950000e-01
     vertex -5.500000e-02 -9.526279e-02  1.950000e-01
     vertex -5.260794e-02 -9.660437e-02  1.950000e-01
   endloop
 endfacet
 facet normal  0.000000e+00  0.000000e+00  1.000000e+00
   outer loop
     vertex  7.874535e-02  7.680605e-02  1.950000e-01
     vertex -5.260794e-02 -9.660437e-02  1.950000e-01
     vertex -5.018317e-02 -9.788590e-02  1.950000e-01
   endloop
 endfacet
 facet normal  0.000000e+00  0.000000e+00  1.000000e+00
   outer loop
     vertex  7.874535e-02  7.680605e-02  1.950000e-01
     vertex -5.018317e-02 -9.788590e-02  1.950000e-01
     vertex -4.772721e-02 -9.910658e-02  1.950000e-01
   endloop
 endfacet
 facet normal  0.000000e+00  0.000000e+00  1.000000e+00
   outer loop
     vertex  7.874535e-02  7.680605e-02  1.950000e-01
     vertex -4.772721e-02 -9.910658e-02  1.950000e-01
     vertex -4.524158e-02 -1.002656e-01  1.950000e-01
   endloop
 endfacet
 facet normal  0.000000e+00  0.000000e+00  1.000000e+00
   outer loop
     vertex  7.874535e-02  7.680605e-02  1.950000e-01
     vertex -4.524158e-02 -1.002656e-01  1.950000e-01
     vertex -4.272783e-02 -1.013624e-01  1.950000e-01
   endloop
 endfacet
 facet normal  0.000000e+00  0.000000e+00  1.000000e+00
   outer loop
     vertex  7.874535e-02  7.680605e-02  1.950000e-01
     vertex -4.272783e-02 -1.013624e-01  1.950000e-01
     vertex -4.018751e-02 -1.023961e-01  1.950000e-01
   endloop
 endfacet
 facet normal  0.000000e+00  0.000000e+00  1.000000e+00
   outer loop
     vertex  7.874535e-02  7.680605e-02  1.950000e-01
     vertex -4.018751e-02 -1.023961e-01  1.950000e-01
     vertex -3.762222e-02 -1.033662e-01  1.950000e-01
   endloop
 endfacet
 facet normal  0.000000e+00  0.000000e+00  1.000000e+00
   outer loop
     vertex  7.874535e-02  7.680605e-02  1.950000e-01
     vertex -3.762222e-02 -1.033662e-01  1.950000e-01
     vertex -3.503353e-02 -1.042720e-01  1.950000e-01
   endloop
 endfacet
 facet normal  0.000000e+00  0.000000e+00  1.000000e+00
   outer loop
     vertex  7.874535e-02  7.680605e-02  1.950000e-01
     vertex -3.503353e-02 -1.042720e-01  1.950000e-01
     vertex -3.242307e-02 -1.051130e-01  1.950000e-01
   endloop
 endfacet
 facet normal  0.000000e+00  0.000000e+00  1.000000e+00
   outer loop
     vertex  7.874535e-02  7.680605e-02  1.950000e-01
     vertex -3.242307e-02 -1.051130e-01  1.950000e-01
     vertex -2.979245e-02 -1.058887e-01  1.950000e-01
   endloop
 endfacet
 facet normal  0.000000e+00  0.000000e+00  1.000000e+00
   outer loop
     vertex  7.874535e-02  7.680605e-02  1.950000e-01
     vertex -2.979245e-02 -1.058887e-01  1.950000e-01
     vertex -2.714331e-02 -1.065985e-01  1.950000e-01
   endloop
 endfacet
 facet normal  0.000000e+00  0.000000e+00  1.000000e+00
   outer loop
     vertex  7.874535e-02  7.680605e-02  1.950000e-01
     vertex -2.714331e-02 -1.065985e-01  1.950000e-01
     vertex -2.447730e-02 -1.072421e-01  1.950000e-01
   endloop
 endfacet
 facet normal  0.000000e+00  0.000000e+00  1.000000e+00
   outer loop
     vertex  7.874535e-02  7.680605e-02  1.950000e-01
     vertex -2.447730e-02 -1.072421e-01  1.950000e-01
     vertex -2.179608e-02 -1.078190e-01  1.950000e-01
   endloop
 endfacet
 facet normal  0.000000e+00  0.000000e+00  1.000000e+00
   outer loop
     vertex  7.874535e-02  7.680605e-02  1.950000e-01
     vertex -2.179608e-02 -1.078190e-01  1.950000e-01
     vertex -1.910130e-02 -1.083289e-01  1.950000e-01
   endloop
 endfacet
 facet normal  0.000000e+00  0.000000e+00  1.000000e+00
   outer loop
     vertex  7.874535e-02  7.680605e-02  1.950000e-01
     vertex -1.910130e-02 -1.083289e-01  1.950000e-01
     vertex -1.639465e-02 -1.087714e-01  1.950000e-01
   endloop
 endfacet
 facet normal  0.000000e+00  0.000000e+00  1.000000e+00
   outer loop
     vertex  7.874535e-02  7.680605e-02  1.950000e-01
     vertex -1.639465e-02 -1.087714e-01  1.950000e-01
     vertex -1.367781e-02 -1.091463e-01  1.950000e-01
   endloop
 endfacet
 facet normal  0.000000e+00  0.000000e+00  1.000000e+00
   outer loop
     vertex  7.874535e-02  7.680605e-02  1.950000e-01
     vertex -1.367781e-02 -1.091463e-01  1.950000e-01
     vertex -1.095246e-02 -1.094534e-01  1.950000e-01
   endloop
 endfacet
 facet normal  0.000000e+00  0.000000e+00  1.000000e+00
   outer loop
     vertex  7.874535e-02  7.680605e-02  1.950000e-01
     vertex -1.095246e-02 -1.094534e-01  1.950000e-01
     vertex -8.220310e-03 -1.096924e-01  1.950000e-01
   endloop
 endfacet
 facet normal  0.000000e+00  0.000000e+00  1.000000e+00
   outer loop
     vertex  7.874535e-02  7.680605e-02  1.950000e-01
     vertex -8.220310e-03 -1.096924e-01  1.950000e-01
     vertex -5.483047e-03 -1.098633e-01  1.950000e-01
   endloop
 endfacet
 facet normal  0.000000e+00  0.000000e+00  1.000000e+00
   outer loop
     vertex  7.874535e-02  7.680605e-02  1.950000e-01
     vertex -5.483047e-03 -1.098633e-01  1.950000e-01
     vertex -2.742376e-03 -1.099658e-01  1.950000e-01
   endloop
 endfacet
 facet normal  0.000000e+00  0.000000e+00  1.000000e+00
   outer loop
     vertex  7.874535e-02  7.680605e-02  1.950000e-01
     vertex -2.742376e-03 -1.099658e-01  1.950000e-01
     vertex  1.542987e-15 -1.100000e-01  1.950000e-01
   endloop
 endfacet
 facet normal  0.000000e+00  0.000000e+00  1.000000e+00
   outer loop
     vertex  7.874535e-02  7.680605e-02  1.950000e-01
     vertex  1.542987e-15 -1.100000e-01  1.950000e-01
     vertex  2.742376e-03 -1.099658e-01  1.950000e-01
   endloop
 endfacet
 facet normal  0.000000e+00  0.000000e+00  1.000000e+00
   outer loop
     vertex  7.874535e-02  7.680605e-02  1.950000e-01
     vertex  2.742376e-03 -1.099658e-01  1.950000e-01
     vertex  5.483047e-03 -1.098633e-01  1.950000e-01
   endloop
 endfacet
 facet normal  0.000000e+00  0.000000e+00  1.000000e+00
   outer loop
     vertex  7.874535e-02  7.680605e-02  1.950000e-01
     vertex  5.483047e-03 -1.098633e-01  1.950000e-01
     vertex  8.220310e-03 -1.096924e-01  1.950000e-01
   endloop
 endfacet
 facet normal  0.000000e+00  0.000000e+00  1.000000e+00
   outer loop
     vertex  7.874535e-02  7.680605e-02  1.950000e-01
     vertex  8.220310e-03 -1.096924e-01  1.950000e-01
     vertex  1.095246e-02 -1.094534e-01  1.950000e-01
   endloop
 endfacet
 facet normal  0.000000e+00  0.000000e+00  1.000000e+00
   outer loop
     vertex  7.874535e-02  7.680605e-02  1.950000e-01
     vertex  1.095246e-02 -1.094534e-01  1.950000e-01
     vertex  1.367781e-02 -1.091463e-01  1.950000e-01
   endloop
 endfacet
 facet normal  0.000000e+00  0.000000e+00  1.000000e+00
   outer loop
     vertex  7.874535e-02  7.680605e-02  1.950000e-01
     vertex  1.367781e-02 -1.091463e-01  1.950000e-01
     vertex  1.639465e-02 -1.087714e-01  1.950000e-01
   endloop
 endfacet
 facet normal  0.000000e+00  0.000000e+00  1.000000e+00
   outer loop
     vertex  7.874535e-02  7.680605e-02  1.950000e-01
     vertex  1.639465e-02 -1.087714e-01  1.950000e-01
     vertex  1.910130e-02 -1.083289e-01  1.950000e-01
   endloop
 endfacet
 facet normal  0.000000e+00  0.000000e+00  1.000000e+00
   outer loop
     vertex  7.874535e-02  7.680605e-02  1.950000e-01
     vertex  1.910130e-02 -1.083289e-01  1.950000e-01
     vertex  2.179608e-02 -1.078190e-01  1.950000e-01
   endloop
 endfacet
 facet normal  0.000000e+00  0.000000e+00  1.000000e+00
   outer loop
     vertex  7.874535e-02  7.680605e-02  1.950000e-01
     vertex  2.179608e-02 -1.078190e-01  1.950000e-01
     vertex  2.447730e-02 -1.072421e-01  1.950000e-01
   endloop
 endfacet
 facet normal  0.000000e+00  0.000000e+00  1.000000e+00
   outer loop
     vertex  7.874535e-02  7.680605e-02  1.950000e-01
     vertex  2.979245e-02 -1.058887e-01  1.950000e-01
     vertex  3.242307e-02 -1.051130e-01  1.950000e-01
   endloop
 endfacet
 facet normal  0.000000e+00  0.000000e+00  1.000000e+00
   outer loop
     vertex  7.874535e-02  7.680605e-02  1.950000e-01
     vertex  3.762222e-02 -1.033662e-01  1.950000e-01
     vertex  4.018751e-02 -1.023961e-01  1.950000e-01
   endloop
 endfacet
 facet normal  0.000000e+00  0.000000e+00  1.000000e+00
   outer loop
     vertex  7.874535e-02  7.680605e-02  1.950000e-01
     vertex  4.018751e-02 -1.023961e-01  1.950000e-01
     vertex  4.272783e-02 -1.013624e-01  1.950000e-01
   endloop
 endfacet
 facet normal  0.000000e+00  0.000000e+00  1.000000e+00
   outer loop
     vertex  7.874535e-02  7.680605e-02  1.950000e-01
     vertex  4.272783e-02 -1.013624e-01  1.950000e-01
     vertex  4.524158e-02 -1.002656e-01  1.950000e-01
   endloop
 endfacet
 facet normal  0.000000e+00  0.000000e+00  1.000000e+00
   outer loop
     vertex  7.874535e-02  7.680605e-02  1.950000e-01
     vertex  4.524158e-02 -1.002656e-01  1.950000e-01
     vertex  4.772721e-02 -9.910658e-02  1.950000e-01
   endloop
 endfacet
 facet normal  0.000000e+00  0.000000e+00  1.000000e+00
   outer loop
     vertex  7.874535e-02  7.680605e-02  1.950000e-01
     vertex  4.772721e-02 -9.910658e-02  1.950000e-01
     vertex  5.018317e-02 -9.788590e-02  1.950000e-01
   endloop
 endfacet
 facet normal  0.000000e+00  0.000000e+00  1.000000e+00
   outer loop
     vertex  7.874535e-02  7.680605e-02  1.950000e-01
     vertex  5.018317e-02 -9.788590e-02  1.950000e-01
     vertex  5.260794e-02 -9.660437e-02  1.950000e-01
   endloop
 endfacet
 facet normal  0.000000e+00  0.000000e+00  1.000000e+00
   outer loop
     vertex  7.874535e-02  7.680605e-02  1.950000e-01
     vertex  5.260794e-02 -9.660437e-02  1.950000e-01
     vertex  5.500000e-02 -9.526279e-02  1.950000e-01
   endloop
 endfacet
 facet normal  0.000000e+00  0.000000e+00  1.000000e+00
   outer loop
     vertex  7.874535e-02  7.680605e-02  1.950000e-01
     vertex  5.500000e-02 -9.526279e-02  1.950000e-01
     vertex  5.735787e-02 -9.386200e-02  1.950000e-01
   endloop
 endfacet
 facet normal  0.000000e+00  0.000000e+00  1.000000e+00
   outer loop
     vertex  7.874535e-02  7.680605e-02  1.950000e-01
     vertex  6.421180e-02 -8.931318e-02  1.950000e-01
     vertex  6.641849e-02 -8.768458e-02  1.950000e-01
   endloop
 endfacet
 facet normal  0.000000e+00  0.000000e+00  1.000000e+00
   outer loop
     vertex  7.874535e-02  7.680605e-02  1.950000e-01
     vertex  6.641849e-02 -8.768458e-02  1.950000e-01
     vertex  6.858388e-02 -8.600146e-02  1.950000e-01
   endloop
 endfacet
 facet normal  0.000000e+00  0.000000e+00  1.000000e+00
   outer loop
     vertex  7.874535e-02  7.680605e-02  1.950000e-01
     vertex  6.858388e-02 -8.600146e-02  1.950000e-01
     vertex  7.070664e-02 -8.426489e-02  1.950000e-01
   endloop
 endfacet
 facet normal  0.000000e+00  0.000000e+00  1.000000e+00
   outer loop
     vertex  7.874535e-02  7.680605e-02  1.950000e-01
     vertex  8.247593e-02 -7.278544e-02  1.950000e-01
     vertex  8.426489e-02 -7.070664e-02  1.950000e-01
   endloop
 endfacet
 facet normal  0.000000e+00  0.000000e+00  1.000000e+00
   outer loop
     vertex  7.874535e-02  7.680605e-02  1.950000e-01
     vertex  8.768458e-02 -6.641849e-02  1.950000e-01
     vertex  8.931318e-02 -6.421180e-02  1.950000e-01
   endloop
 endfacet
 facet normal  0.000000e+00  0.000000e+00  1.000000e+00
   outer loop
     vertex  7.874535e-02  7.680605e-02  1.950000e-01
     vertex  1.023961e-01 -4.018751e-02  1.950000e-01
     vertex  1.033662e-01 -3.762222e-02  1.950000e-01
   endloop
 endfacet
 facet normal  0.000000e+00  0.000000e+00  1.000000e+00
   outer loop
     vertex  7.874535e-02  7.680605e-02  1.950000e-01
     vertex  1.078190e-01 -2.179608e-02  1.950000e-01
     vertex  1.083289e-01 -1.910130e-02  1.950000e-01
   endloop
 endfacet
 facet normal  0.000000e+00  0.000000e+00  1.000000e+00
   outer loop
     vertex  7.874535e-02  7.680605e-02  1.950000e-01
     vertex  1.083289e-01 -1.910130e-02  1.950000e-01
     vertex  1.087714e-01 -1.639465e-02  1.950000e-01
   endloop
 endfacet
 facet normal  0.000000e+00  0.000000e+00  1.000000e+00
   outer loop
     vertex  7.874535e-02  7.680605e-02  1.950000e-01
     vertex  1.096924e-01 -8.220310e-03  1.950000e-01
     vertex  1.098633e-01 -5.483047e-03  1.950000e-01
   endloop
 endfacet
 facet normal  0.000000e+00  0.000000e+00  1.000000e+00
   outer loop
     vertex  7.874535e-02  7.680605e-02  1.950000e-01
     vertex  1.087714e-01 -1.639465e-02  1.950000e-01
     vertex  1.096924e-01 -8.220310e-03  1.950000e-01
   endloop
 endfacet
 facet normal  0.000000e+00  0.000000e+00  1.000000e+00
   outer loop
     vertex  7.874535e-02  7.680605e-02  1.950000e-01
     vertex  5.968009e-02  9.240285e-02  1.950000e-01
     vertex  5.500000e-02  9.526279e-02  1.950000e-01
   endloop
 endfacet
 facet normal  0.000000e+00  0.000000e+00  1.000000e+00
   outer loop
     vertex  7.874535e-02  7.680605e-02  1.950000e-01
     vertex  3.242307e-02 -1.051130e-01  1.950000e-01
     vertex  3.762222e-02 -1.033662e-01  1.950000e-01
   endloop
 endfacet
 facet normal  0.000000e+00  0.000000e+00  1.000000e+00
   outer loop
     vertex  7.874535e-02  7.680605e-02  1.950000e-01
     vertex  8.426489e-02 -7.070664e-02  1.950000e-01
     vertex  8.768458e-02 -6.641849e-02  1.950000e-01
   endloop
 endfacet
 facet normal  0.000000e+00  0.000000e+00  1.000000e+00
   outer loop
     vertex  7.874535e-02  7.680605e-02  1.950000e-01
     vertex  1.023961e-01  4.018751e-02  1.950000e-01
     vertex  1.002656e-01  4.524158e-02  1.950000e-01
   endloop
 endfacet
 facet normal  0.000000e+00  0.000000e+00  1.000000e+00
   outer loop
     vertex  7.874535e-02  7.680605e-02  1.950000e-01
     vertex  9.910658e-02 -4.772721e-02  1.950000e-01
     vertex  1.023961e-01 -4.018751e-02  1.950000e-01
   endloop
 endfacet
 facet normal  0.000000e+00  0.000000e+00  1.000000e+00
   outer loop
     vertex  7.874535e-02  7.680605e-02  1.950000e-01
     vertex  8.931318e-02  6.421180e-02  1.950000e-01
     vertex  8.600146e-02  6.858388e-02  1.950000e-01
   endloop
 endfacet
 facet normal  0.000000e+00  0.000000e+00  1.000000e+00
   outer loop
     vertex  7.874535e-02  7.680605e-02  1.950000e-01
     vertex -1.023961e-01  4.018751e-02  1.950000e-01
     vertex -1.042720e-01  3.503353e-02  1.950000e-01
   endloop
 endfacet
 facet normal  0.000000e+00  0.000000e+00  1.000000e+00
   outer loop
     vertex  7.874535e-02  7.680605e-02  1.950000e-01
     vertex  8.600146e-02  6.858388e-02  1.950000e-01
     vertex  8.247593e-02  7.278544e-02  1.950000e-01
   endloop
 endfacet
 facet normal  0.000000e+00  0.000000e+00  1.000000e+00
   outer loop
     vertex  7.874535e-02  7.680605e-02  1.950000e-01
     vertex -8.426489e-02  7.070664e-02  1.950000e-01
     vertex -8.768458e-02  6.641849e-02  1.950000e-01
   endloop
 endfacet
 facet normal  0.000000e+00  0.000000e+00  1.000000e+00
   outer loop
     vertex  7.874535e-02  7.680605e-02  1.950000e-01
     vertex  1.096924e-01  8.220310e-03  1.950000e-01
     vertex  1.091463e-01  1.367781e-02  1.950000e-01
   endloop
 endfacet
 facet normal  0.000000e+00  0.000000e+00  1.000000e+00
   outer loop
     vertex  7.874535e-02  7.680605e-02  1.950000e-01
     vertex  2.447730e-02 -1.072421e-01  1.950000e-01
     vertex  2.979245e-02 -1.058887e-01  1.950000e-01
   endloop
 endfacet
 facet normal  0.000000e+00  0.000000e+00  1.000000e+00
   outer loop
     vertex  7.874535e-02  7.680605e-02  1.950000e-01
     vertex  1.065985e-01 -2.714331e-02  1.950000e-01
     vertex  1.078190e-01 -2.179608e-02  1.950000e-01
   endloop
 endfacet
 facet normal  0.000000e+00  0.000000e+00  1.000000e+00
   outer loop
     vertex  7.874535e-02  7.680605e-02  1.950000e-01
     vertex  6.421180e-02  8.931318e-02  1.950000e-01
     vertex  5.968009e-02  9.240285e-02  1.950000e-01
   endloop
 endfacet
 facet normal  0.000000e+00  0.000000e+00  1.000000e+00
   outer loop
     vertex  7.874535e-02  7.680605e-02  1.950000e-01
     vertex  5.735787e-02 -9.386200e-02  1.950000e-01
     vertex  6.421180e-02 -8.931318e-02  1.950000e-01
   endloop
 endfacet
 facet normal  0.000000e+00  0.000000e+00  1.000000e+00
   outer loop
     vertex  7.874535e-02  7.680605e-02  1.950000e-01
     vertex  7.070664e-02 -8.426489e-02  1.950000e-01
     vertex  7.481900e-02 -8.063571e-02  1.950000e-01
   endloop
 endfacet
 facet normal  0.000000e+00  0.000000e+00  1.000000e+00
   outer loop
     vertex  7.874535e-02  7.680605e-02  1.950000e-01
     vertex  1.100000e-01 -2.694223e-17  1.950000e-01
     vertex  1.096924e-01  8.220310e-03  1.950000e-01
   endloop
 endfacet
 facet normal  0.000000e+00  0.000000e+00  1.000000e+00
   outer loop
     vertex  7.874535e-02  7.680605e-02  1.950000e-01
     vertex -7.874535e-02  7.680605e-02  1.950000e-01
     vertex -8.426489e-02  7.070664e-02  1.950000e-01
   endloop
 endfacet
 facet normal  0.000000e+00  0.000000e+00  1.000000e+00
   outer loop
     vertex  7.874535e-02  7.680605e-02  1.950000e-01
     vertex -2.179608e-02  1.078190e-01  1.950000e-01
     vertex -2.714331e-02  1.065985e-01  1.950000e-01
   endloop
 endfacet
 facet normal  0.000000e+00  0.000000e+00  1.000000e+00
   outer loop
     vertex  7.874535e-02  7.680605e-02  1.950000e-01
     vertex  7.481900e-02 -8.063571e-02  1.950000e-01
     vertex  8.247593e-02 -7.278544e-02  1.950000e-01
   endloop
 endfacet
 facet normal  0.000000e+00  0.000000e+00  1.000000e+00
   outer loop
     vertex  7.874535e-02  7.680605e-02  1.950000e-01
     vertex  1.051130e-01 -3.242307e-02  1.950000e-01
     vertex  1.065985e-01 -2.714331e-02  1.950000e-01
   endloop
 endfacet
 facet normal  0.000000e+00  0.000000e+00  1.000000e+00
   outer loop
     vertex  7.874535e-02  7.680605e-02  1.950000e-01
     vertex -5.735787e-02  9.386200e-02  1.950000e-01
     vertex -6.641849e-02  8.768458e-02  1.950000e-01
   endloop
 endfacet
 facet normal  0.000000e+00  0.000000e+00  1.000000e+00
   outer loop
     vertex  7.874535e-02  7.680605e-02  1.950000e-01
     vertex  9.240285e-02  5.968009e-02  1.950000e-01
     vertex  8.931318e-02  6.421180e-02  1.950000e-01
   endloop
 endfacet
 facet normal  0.000000e+00  0.000000e+00  1.000000e+00
   outer loop
     vertex  7.874535e-02  7.680605e-02  1.950000e-01
     vertex  8.931318e-02 -6.421180e-02  1.950000e-01
     vertex  9.910658e-02 -4.772721e-02  1.950000e-01
   endloop
 endfacet
 facet normal  0.000000e+00  0.000000e+00  1.000000e+00
   outer loop
     vertex  7.874535e-02  7.680605e-02  1.950000e-01
     vertex  1.033662e-01 -3.762222e-02  1.950000e-01
     vertex  1.051130e-01 -3.242307e-02  1.950000e-01
   endloop
 endfacet
 facet normal  0.000000e+00  0.000000e+00  1.000000e+00
   outer loop
     vertex  7.874535e-02  7.680605e-02  1.950000e-01
     vertex  1.098633e-01 -5.483047e-03  1.950000e-01
     vertex  1.100000e-01 -2.694223e-17  1.950000e-01
   endloop
 endfacet
 facet normal  0.000000e+00  0.000000e+00  1.000000e+00
   outer loop
     vertex  7.874535e-02  7.680605e-02  1.950000e-01
     vertex  4.272783e-02  1.013624e-01  1.950000e-01
     vertex  3.503353e-02  1.042720e-01  1.950000e-01
   endloop
 endfacet
 facet normal  0.000000e+00  0.000000e+00  1.000000e+00
   outer loop
     vertex  7.874535e-02  7.680605e-02  1.950000e-01
     vertex  1.087714e-01  1.639465e-02  1.950000e-01
     vertex  1.051130e-01  3.242307e-02  1.950000e-01
   endloop
 endfacet
 facet normal  0.000000e+00  0.000000e+00  1.000000e+00
   outer loop
     vertex  7.874535e-02  7.680605e-02  1.950000e-01
     vertex  9.910658e-02  4.772721e-02  1.950000e-01
     vertex  9.386200e-02  5.735787e-02  1.950000e-01
   endloop
 endfacet
 facet normal  0.000000e+00  0.000000e+00  1.000000e+00
   outer loop
     vertex  7.874535e-02  7.680605e-02  1.950000e-01
     vertex  1.051130e-01  3.242307e-02  1.950000e-01
     vertex  1.023961e-01  4.018751e-02  1.950000e-01
   endloop
 endfacet
 facet normal  0.000000e+00  0.000000e+00  1.000000e+00
   outer loop
     vertex  7.874535e-02  7.680605e-02  1.950000e-01
     vertex  7.070664e-02  8.426489e-02  1.950000e-01
     vertex  6.421180e-02  8.931318e-02  1.950000e-01
   endloop
 endfacet
 facet normal  0.000000e+00  0.000000e+00  1.000000e+00
   outer loop
     vertex  7.874535e-02  7.680605e-02  1.950000e-01
     vertex  5.260794e-02  9.660437e-02  1.950000e-01
     vertex  4.272783e-02  1.013624e-01  1.950000e-01
   endloop
 endfacet
 facet normal  0.000000e+00  0.000000e+00 -1.000000e+00
   outer loop
     vertex  2.979245e-02 -1.058887e-01  1.650000e-01
     vertex  2.714331e-02 -1.065985e-01  1.650000e-01
     vertex  2.447730e-02 -1.072421e-01  1.650000e-01
   endloop
 endfacet
 facet normal  0.000000e+00  0.000000e+00 -1.000000e+00
   outer loop
     vertex  3.762222e-02 -1.033662e-01  1.650000e-01
     vertex  3.503353e-02 -1.042720e-01  1.650000e-01
     vertex  3.242307e-02 -1.051130e-01  1.650000e-01
   endloop
 endfacet
 facet normal  0.000000e+00  0.000000e+00 -1.000000e+00
   outer loop
     vertex -1.023961e-01  4.018751e-02  1.650000e-01
     vertex -1.042720e-01  3.503353e-02  1.650000e-01
     vertex -1.033662e-01  3.762222e-02  1.650000e-01
   endloop
 endfacet
 facet normal  0.000000e+00  0.000000e+00 -1.000000e+00
   outer loop
     vertex  6.421180e-02 -8.931318e-02  1.650000e-01
     vertex  5.968009e-02 -9.240285e-02  1.650000e-01
     vertex  5.735787e-02 -9.386200e-02  1.650000e-01
   endloop
 endfacet
 facet normal  0.000000e+00  0.000000e+00 -1.000000e+00
   outer loop
     vertex  6.421180e-02 -8.931318e-02  1.650000e-01
     vertex  6.196521e-02 -9.088627e-02  1.650000e-01
     vertex  5.968009e-02 -9.240285e-02  1.650000e-01
   endloop
 endfacet
 facet normal  0.000000e+00  0.000000e+00 -1.000000e+00
   outer loop
     vertex -8.426489e-02  7.070664e-02  1.650000e-01
     vertex -8.768458e-02  6.641849e-02  1.650000e-01
     vertex -8.600146e-02  6.858388e-02  1.650000e-01
   endloop
 endfacet
 facet normal  0.000000e+00  0.000000e+00 -1.000000e+00
   outer loop
     vertex  7.481900e-02 -8.063571e-02  1.650000e-01
     vertex  7.278544e-02 -8.247593e-02  1.650000e-01
     vertex  7.070664e-02 -8.426489e-02  1.650000e-01
   endloop
 endfacet
 facet normal  0.000000e+00  0.000000e+00 -1.000000e+00
   outer loop
     vertex -7.874535e-02  7.680605e-02  1.650000e-01
     vertex -8.247593e-02  7.278544e-02  1.650000e-01
     vertex -8.063571e-02  7.481900e-02  1.650000e-01
   endloop
 endfacet
 facet normal  0.000000e+00  0.000000e+00 -1.000000e+00
   outer loop
     vertex -7.874535e-02  7.680605e-02  1.650000e-01
     vertex -8.426489e-02  7.070664e-02  1.650000e-01
     vertex -8.247593e-02  7.278544e-02  1.650000e-01
   endloop
 endfacet
 facet normal  0.000000e+00  0.000000e+00 -1.000000e+00
   outer loop
     vertex  8.247593e-02 -7.278544e-02  1.650000e-01
     vertex  7.680605e-02 -7.874535e-02  1.650000e-01
     vertex  7.481900e-02 -8.063571e-02  1.650000e-01
   endloop
 endfacet
 facet normal  0.000000e+00  0.000000e+00 -1.000000e+00
   outer loop
     vertex  8.247593e-02 -7.278544e-02  1.650000e-01
     vertex  7.874535e-02 -7.680605e-02  1.650000e-01
     vertex  7.680605e-02 -7.874535e-02  1.650000e-01
   endloop
 endfacet
 facet normal  0.000000e+00  0.000000e+00 -1.000000e+00
   outer loop
     vertex  8.247593e-02 -7.278544e-02  1.650000e-01
     vertex  8.063571e-02 -7.481900e-02  1.650000e-01
     vertex  7.874535e-02 -7.680605e-02  1.650000e-01
   endloop
 endfacet
 facet normal  0.000000e+00  0.000000e+00 -1.000000e+00
   outer loop
     vertex  8.768458e-02 -6.641849e-02  1.650000e-01
     vertex  8.600146e-02 -6.858388e-02  1.650000e-01
     vertex  8.426489e-02 -7.070664e-02  1.650000e-01
   endloop
 endfacet
 facet normal  0.000000e+00  0.000000e+00 -1.000000e+00
   outer loop
     vertex -5.735787e-02  9.386200e-02  1.650000e-01
     vertex -6.196521e-02  9.088627e-02  1.650000e-01
     vertex -5.968009e-02  9.240285e-02  1.650000e-01
   endloop
 endfacet
 facet normal  0.000000e+00  0.000000e+00 -1.000000e+00
   outer loop
     vertex -5.735787e-02  9.386200e-02  1.650000e-01
     vertex -6.421180e-02  8.931318e-02  1.650000e-01
     vertex -6.196521e-02  9.088627e-02  1.650000e-01
   endloop
 endfacet
 facet normal  0.000000e+00  0.000000e+00 -1.000000e+00
   outer loop
     vertex -5.735787e-02  9.386200e-02  1.650000e-01
     vertex -6.641849e-02  8.768458e-02  1.650000e-01
     vertex -6.421180e-02  8.931318e-02  1.650000e-01
   endloop
 endfacet
 facet normal  0.000000e+00  0.000000e+00 -1.000000e+00
   outer loop
     vertex  9.386200e-02 -5.735787e-02  1.650000e-01
     vertex  9.240285e-02 -5.968009e-02  1.650000e-01
     vertex  9.088627e-02 -6.196521e-02  1.650000e-01
   endloop
 endfacet
 facet normal  0.000000e+00  0.000000e+00 -1.000000e+00
   outer loop
     vertex  9.660437e-02 -5.260794e-02  1.650000e-01
     vertex  9.526279e-02 -5.500000e-02  1.650000e-01
     vertex  9.386200e-02 -5.735787e-02  1.650000e-01
   endloop
 endfacet
 facet normal  0.000000e+00  0.000000e+00 -1.000000e+00
   outer loop
     vertex  9.910658e-02 -4.772721e-02  1.650000e-01
     vertex  9.386200e-02 -5.735787e-02  1.650000e-01
     vertex  9.088627e-02 -6.196521e-02  1.650000e-01
   endloop
 endfacet
 facet normal  0.000000e+00  0.000000e+00 -1.000000e+00
   outer loop
     vertex  9.910658e-02 -4.772721e-02  1.650000e-01
     vertex  9.088627e-02 -6.196521e-02  1.650000e-01
     vertex  8.931318e-02 -6.421180e-02  1.650000e-01
   endloop
 endfacet
 facet normal  0.000000e+00  0.000000e+00 -1.000000e+00
   outer loop
     vertex  9.910658e-02 -4.772721e-02  1.650000e-01
     vertex  9.788590e-02 -5.018317e-02  1.650000e-01
     vertex  9.660437e-02 -5.260794e-02  1.650000e-01
   endloop
 endfacet
 facet normal  0.000000e+00  0.000000e+00 -1.000000e+00
   outer loop
     vertex  9.910658e-02 -4.772721e-02  1.650000e-01
     vertex  9.660437e-02 -5.260794e-02  1.650000e-01
     vertex  9.386200e-02 -5.735787e-02  1.650000e-01
   endloop
 endfacet
 facet normal  0.000000e+00  0.000000e+00 -1.000000e+00
   outer loop
     vertex  1.013624e-01 -4.272783e-02  1.650000e-01
     vertex  1.002656e-01 -4.524158e-02  1.650000e-01
     vertex  9.910658e-02 -4.772721e-02  1.650000e-01
   endloop
 endfacet
 facet normal  0.000000e+00  0.000000e+00 -1.000000e+00
   outer loop
     vertex  1.023961e-01 -4.018751e-02  1.650000e-01
     vertex  1.013624e-01 -4.272783e-02  1.650000e-01
     vertex  9.910658e-02 -4.772721e-02  1.650000e-01
   endloop
 endfacet
 facet normal  0.000000e+00  0.000000e+00 -1.000000e+00
   outer loop
     vertex  1.051130e-01 -3.242307e-02  1.650000e-01
     vertex  1.042720e-01 -3.503353e-02  1.650000e-01
     vertex  1.033662e-01 -3.762222e-02  1.650000e-01
   endloop
 endfacet
 facet normal  0.000000e+00  0.000000e+00 -1.000000e+00
   outer loop
     vertex  1.065985e-01 -2.714331e-02  1.650000e-01
     vertex  1.058887e-01 -2.979245e-02  1.650000e-01
     vertex  1.051130e-01 -3.242307e-02  1.650000e-01
   endloop
 endfacet
 facet normal  0.000000e+00  0.000000e+00 -1.000000e+00
   outer loop
     vertex -2.179608e-02  1.078190e-01  1.650000e-01
     vertex -2.714331e-02  1.065985e-01  1.650000e-01
     vertex -2.447730e-02  1.072421e-01  1.650000e-01
   endloop
 endfacet
 facet normal  0.000000e+00  0.000000e+00 -1.000000e+00
   outer loop
     vertex  1.078190e-01 -2.179608e-02  1.650000e-01
     vertex  1.072421e-01 -2.447730e-02  1.650000e-01
     vertex  1.065985e-01 -2.714331e-02  1.650000e-01
   endloop
 endfacet
 facet normal  0.000000e+00  0.000000e+00 -1.000000e+00
   outer loop
     vertex  1.096924e-01 -8.220310e-03  1.650000e-01
     vertex  1.091463e-01 -1.367781e-02  1.650000e-01
     vertex  1.087714e-01 -1.639465e-02  1.650000e-01
   endloop
 endfacet
 facet normal  0.000000e+00  0.000000e+00 -1.000000e+00
   outer loop
     vertex  1.096924e-01 -8.220310e-03  1.650000e-01
     vertex  1.094534e-01 -1.095246e-02  1.650000e-01
     vertex  1.091463e-01 -1.367781e-02  1.650000e-01
   endloop
 endfacet
 facet normal  0.000000e+00  0.000000e+00 -1.000000e+00
   outer loop
     vertex  1.100000e-01 -2.694223e-17  1.650000e-01
     vertex  1.099658e-01 -2.742376e-03  1.650000e-01
     vertex  1.098633e-01 -5.483047e-03  1.650000e-01
   endloop
 endfacet
 facet normal  0.000000e+00  0.000000e+00 -1.000000e+00
   outer loop
     vertex  1.096924e-01  8.220310e-03  1.650000e-01
     vertex  1.099658e-01  2.742376e-03  1.650000e-01
     vertex  1.100000e-01 -2.694223e-17  1.650000e-01
   endloop
 endfacet
 facet normal  0.000000e+00  0.000000e+00 -1.000000e+00
   outer loop
     vertex  1.096924e-01  8.220310e-03  1.650000e-01
     vertex  1.098633e-01  5.483047e-03  1.650000e-01
     vertex  1.099658e-01  2.742376e-03  1.650000e-01
   endloop
 endfacet
 facet normal  0.000000e+00  0.000000e+00 -1.000000e+00
   outer loop
     vertex  1.091463e-01  1.367781e-02  1.650000e-01
     vertex  1.094534e-01  1.095246e-02  1.650000e-01
     vertex  1.096924e-01  8.220310e-03  1.650000e-01
   endloop
 endfacet
 facet normal  0.000000e+00  0.000000e+00 -1.000000e+00
   outer loop
     vertex  1.058887e-01  2.979245e-02  1.650000e-01
     vertex  1.072421e-01  2.447730e-02  1.650000e-01
     vertex  1.078190e-01  2.179608e-02  1.650000e-01
   endloop
 endfacet
 facet normal  0.000000e+00  0.000000e+00 -1.000000e+00
   outer loop
     vertex  1.058887e-01  2.979245e-02  1.650000e-01
     vertex  1.065985e-01  2.714331e-02  1.650000e-01
     vertex  1.072421e-01  2.447730e-02  1.650000e-01
   endloop
 endfacet
 facet normal  0.000000e+00  0.000000e+00 -1.000000e+00
   outer loop
     vertex  1.051130e-01  3.242307e-02  1.650000e-01
     vertex  1.083289e-01  1.910130e-02  1.650000e-01
     vertex  1.087714e-01  1.639465e-02  1.650000e-01
   endloop
 endfacet
 facet normal  0.000000e+00  0.000000e+00 -1.000000e+00
   outer loop
     vertex  1.051130e-01  3.242307e-02  1.650000e-01
     vertex  1.078190e-01  2.179608e-02  1.650000e-01
     vertex  1.083289e-01  1.910130e-02  1.650000e-01
   endloop
 endfacet
 facet normal  0.000000e+00  0.000000e+00 -1.000000e+00
   outer loop
     vertex  1.051130e-01  3.242307e-02  1.650000e-01
     vertex  1.058887e-01  2.979245e-02  1.650000e-01
     vertex  1.078190e-01  2.179608e-02  1.650000e-01
   endloop
 endfacet
 facet normal  0.000000e+00  0.000000e+00 -1.000000e+00
   outer loop
     vertex  1.023961e-01  4.018751e-02  1.650000e-01
     vertex  1.042720e-01  3.503353e-02  1.650000e-01
     vertex  1.051130e-01  3.242307e-02  1.650000e-01
   endloop
 endfacet
 facet normal  0.000000e+00  0.000000e+00 -1.000000e+00
   outer loop
     vertex  1.023961e-01  4.018751e-02  1.650000e-01
     vertex  1.033662e-01  3.762222e-02  1.650000e-01
     vertex  1.042720e-01  3.503353e-02  1.650000e-01
   endloop
 endfacet
 facet normal  0.000000e+00  0.000000e+00 -1.000000e+00
   outer loop
     vertex  4.272783e-02  1.013624e-01  1.650000e-01
     vertex  3.762222e-02  1.033662e-01  1.650000e-01
     vertex  4.018751e-02  1.023961e-01  1.650000e-01
   endloop
 endfacet
 facet normal  0.000000e+00  0.000000e+00 -1.000000e+00
   outer loop
     vertex  4.272783e-02  1.013624e-01  1.650000e-01
     vertex  3.503353e-02  1.042720e-01  1.650000e-01
     vertex  3.762222e-02  1.033662e-01  1.650000e-01
   endloop
 endfacet
 facet normal  0.000000e+00  0.000000e+00 -1.000000e+00
   outer loop
     vertex  1.002656e-01  4.524158e-02  1.650000e-01
     vertex  1.013624e-01  4.272783e-02  1.650000e-01
     vertex  1.023961e-01  4.018751e-02  1.650000e-01
   endloop
 endfacet
 facet normal  0.000000e+00  0.000000e+00 -1.000000e+00
   outer loop
     vertex  5.260794e-02  9.660437e-02  1.650000e-01
     vertex  4.772721e-02  9.910658e-02  1.650000e-01
     vertex  5.018317e-02  9.788590e-02  1.650000e-01
   endloop
 endfacet
 facet normal  0.000000e+00  0.000000e+00 -1.000000e+00
   outer loop
     vertex  5.260794e-02  9.660437e-02  1.650000e-01
     vertex  4.524158e-02  1.002656e-01  1.650000e-01
     vertex  4.772721e-02  9.910658e-02  1.650000e-01
   endloop
 endfacet
 facet normal  0.000000e+00  0.000000e+00 -1.000000e+00
   outer loop
     vertex  5.260794e-02  9.660437e-02  1.650000e-01
     vertex  4.272783e-02  1.013624e-01  1.650000e-01
     vertex  4.524158e-02  1.002656e-01  1.650000e-01
   endloop
 endfacet
 facet normal  0.000000e+00  0.000000e+00 -1.000000e+00
   outer loop
     vertex  9.660437e-02  5.260794e-02  1.650000e-01
     vertex  9.788590e-02  5.018317e-02  1.650000e-01
     vertex  9.910658e-02  4.772721e-02  1.650000e-01
   endloop
 endfacet
 facet normal  0.000000e+00  0.000000e+00 -1.000000e+00
   outer loop
     vertex  9.386200e-02  5.735787e-02  1.650000e-01
     vertex  9.526279e-02  5.500000e-02  1.650000e-01
     vertex  9.660437e-02  5.260794e-02  1.650000e-01
   endloop
 endfacet
 facet normal  0.000000e+00  0.000000e+00 -1.000000e+00
   outer loop
     vertex  9.386200e-02  5.735787e-02  1.650000e-01
     vertex  9.660437e-02  5.260794e-02  1.650000e-01
     vertex  9.910658e-02  4.772721e-02  1.650000e-01
   endloop
 endfacet
 facet normal  0.000000e+00  0.000000e+00 -1.000000e+00
   outer loop
     vertex  5.968009e-02  9.240285e-02  1.650000e-01
     vertex  5.500000e-02  9.526279e-02  1.650000e-01
     vertex  5.735787e-02  9.386200e-02  1.650000e-01
   endloop
 endfacet
 facet normal  0.000000e+00  0.000000e+00 -1.000000e+00
   outer loop
     vertex  8.931318e-02  6.421180e-02  1.650000e-01
     vertex  9.088627e-02  6.196521e-02  1.650000e-01
     vertex  9.240285e-02  5.968009e-02  1.650000e-01
   endloop
 endfacet
 facet normal  0.000000e+00  0.000000e+00 -1.000000e+00
   outer loop
     vertex  6.421180e-02  8.931318e-02  1.650000e-01
     vertex  5.968009e-02  9.240285e-02  1.650000e-01
     vertex  6.196521e-02  9.088627e-02  1.650000e-01
   endloop
 endfacet
 facet normal  0.000000e+00  0.000000e+00 -1.000000e+00
   outer loop
     vertex  8.600146e-02  6.858388e-02  1.650000e-01
     vertex  8.768458e-02  6.641849e-02  1.650000e-01
     vertex  8.931318e-02  6.421180e-02  1.650000e-01
   endloop
 endfacet
 facet normal  0.000000e+00  0.000000e+00 -1.000000e+00
   outer loop
     vertex  6.858388e-02  8.600146e-02  1.650000e-01
     vertex  6.421180e-02  8.931318e-02  1.650000e-01
     vertex  6.641849e-02  8.768458e-02  1.650000e-01
   endloop
 endfacet
 facet normal  0.000000e+00  0.000000e+00 -1.000000e+00
   outer loop
     vertex  7.070664e-02  8.426489e-02  1.650000e-01
     vertex  6.421180e-02  8.931318e-02  1.650000e-01
     vertex  6.858388e-02  8.600146e-02  1.650000e-01
   endloop
 endfacet
 facet normal  0.000000e+00  0.000000e+00 -1.000000e+00
   outer loop
     vertex  8.247593e-02  7.278544e-02  1.650000e-01
     vertex  8.426489e-02  7.070664e-02  1.650000e-01
     vertex  8.600146e-02  6.858388e-02  1.650000e-01
   endloop
 endfacet
 facet normal  0.000000e+00  0.000000e+00 -1.000000e+00
   outer loop
     vertex  7.874535e-02  7.680605e-02  1.650000e-01
     vertex  1.087714e-01  1.639465e-02  1.650000e-01
     vertex  1.091463e-01  1.367781e-02  1.650000e-01
   endloop
 endfacet
 facet normal  0.000000e+00  0.000000e+00 -1.000000e+00
   outer loop
     vertex  7.874535e-02  7.680605e-02  1.650000e-01
     vertex  9.910658e-02  4.772721e-02  1.650000e-01
     vertex  1.002656e-01  4.524158e-02  1.650000e-01
   endloop
 endfacet
 facet normal  0.000000e+00  0.000000e+00 -1.000000e+00
   outer loop
     vertex  7.874535e-02  7.680605e-02  1.650000e-01
     vertex  9.240285e-02  5.968009e-02  1.650000e-01
     vertex  9.386200e-02  5.735787e-02  1.650000e-01
   endloop
 endfacet
 facet normal  0.000000e+00  0.000000e+00 -1.000000e+00
   outer loop
     vertex  7.874535e-02  7.680605e-02  1.650000e-01
     vertex  8.063571e-02  7.481900e-02  1.650000e-01
     vertex  8.247593e-02  7.278544e-02  1.650000e-01
   endloop
 endfacet
 facet normal  0.000000e+00  0.000000e+00 -1.000000e+00
   outer loop
     vertex  7.874535e-02  7.680605e-02  1.650000e-01
     vertex  7.481900e-02  8.063571e-02  1.650000e-01
     vertex  7.680605e-02  7.874535e-02  1.650000e-01
   endloop
 endfacet
 facet normal  0.000000e+00  0.000000e+00 -1.000000e+00
   outer loop
     vertex  7.874535e-02  7.680605e-02  1.650000e-01
     vertex  7.278544e-02  8.247593e-02  1.650000e-01
     vertex  7.481900e-02  8.063571e-02  1.650000e-01
   endloop
 endfacet
 facet normal  0.000000e+00  0.000000e+00 -1.000000e+00
   outer loop
     vertex  7.874535e-02  7.680605e-02  1.650000e-01
     vertex  7.070664e-02  8.426489e-02  1.650000e-01
     vertex  7.278544e-02  8.247593e-02  1.650000e-01
   endloop
 endfacet
 facet normal  0.000000e+00  0.000000e+00 -1.000000e+00
   outer loop
     vertex  7.874535e-02  7.680605e-02  1.650000e-01
     vertex  5.260794e-02  9.660437e-02  1.650000e-01
     vertex  5.500000e-02  9.526279e-02  1.650000e-01
   endloop
 endfacet
 facet normal  0.000000e+00  0.000000e+00 -1.000000e+00
   outer loop
     vertex  7.874535e-02  7.680605e-02  1.650000e-01
     vertex  3.242307e-02  1.051130e-01  1.650000e-01
     vertex  3.503353e-02  1.042720e-01  1.650000e-01
   endloop
 endfacet
 facet normal  0.000000e+00  0.000000e+00 -1.000000e+00
   outer loop
     vertex  7.874535e-02  7.680605e-02  1.650000e-01
     vertex  2.979245e-02  1.058887e-01  1.650000e-01
     vertex  3.242307e-02  1.051130e-01  1.650000e-01
   endloop
 endfacet
 facet normal  0.000000e+00  0.000000e+00 -1.000000e+00
   outer loop
     vertex  7.874535e-02  7.680605e-02  1.650000e-01
     vertex  2.714331e-02  1.065985e-01  1.650000e-01
     vertex  2.979245e-02  1.058887e-01  1.650000e-01
   endloop
 endfacet
 facet normal  0.000000e+00  0.000000e+00 -1.000000e+00
   outer loop
     vertex  7.874535e-02  7.680605e-02  1.650000e-01
     vertex  2.447730e-02  1.072421e-01  1.650000e-01
     vertex  2.714331e-02  1.065985e-01  1.650000e-01
   endloop
 endfacet
 facet normal  0.000000e+00  0.000000e+00 -1.000000e+00
   outer loop
     vertex  7.874535e-02  7.680605e-02  1.650000e-01
     vertex  2.179608e-02  1.078190e-01  1.650000e-01
     vertex  2.447730e-02  1.072421e-01  1.650000e-01
   endloop
 endfacet
 facet normal  0.000000e+00  0.000000e+00 -1.000000e+00
   outer loop
     vertex  7.874535e-02  7.680605e-02  1.650000e-01
     vertex  1.910130e-02  1.083289e-01  1.650000e-01
     vertex  2.179608e-02  1.078190e-01  1.650000e-01
   endloop
 endfacet
 facet normal  0.000000e+00  0.000000e+00 -1.000000e+00
   outer loop
     vertex  7.874535e-02  7.680605e-02  1.650000e-01
     vertex  1.639465e-02  1.087714e-01  1.650000e-01
     vertex  1.910130e-02  1.083289e-01  1.650000e-01
   endloop
 endfacet
 facet normal  0.000000e+00  0.000000e+00 -1.000000e+00
   outer loop
     vertex  7.874535e-02  7.680605e-02  1.650000e-01
     vertex  1.367781e-02  1.091463e-01  1.650000e-01
     vertex  1.639465e-02  1.087714e-01  1.650000e-01
   endloop
 endfacet
 facet normal  0.000000e+00  0.000000e+00 -1.000000e+00
   outer loop
     vertex  7.874535e-02  7.680605e-02  1.650000e-01
     vertex  1.095246e-02  1.094534e-01  1.650000e-01
     vertex  1.367781e-02  1.091463e-01  1.650000e-01
   endloop
 endfacet
 facet normal  0.000000e+00  0.000000e+00 -1.000000e+00
   outer loop
     vertex  7.874535e-02  7.680605e-02  1.650000e-01
     vertex  8.220310e-03  1.096924e-01  1.650000e-01
     vertex  1.095246e-02  1.094534e-01  1.650000e-01
   endloop
 endfacet
 facet normal  0.000000e+00  0.000000e+00 -1.000000e+00
   outer loop
     vertex  7.874535e-02  7.680605e-02  1.650000e-01
     vertex  5.483047e-03  1.098633e-01  1.650000e-01
     vertex  8.220310e-03  1.096924e-01  1.650000e-01
   endloop
 endfacet
 facet normal  0.000000e+00  0.000000e+00 -1.000000e+00
   outer loop
     vertex  7.874535e-02  7.680605e-02  1.650000e-01
     vertex  2.742376e-03  1.099658e-01  1.650000e-01
     vertex  5.483047e-03  1.098633e-01  1.650000e-01
   endloop
 endfacet
 facet normal  0.000000e+00  0.000000e+00 -1.000000e+00
   outer loop
     vertex  7.874535e-02  7.680605e-02  1.650000e-01
     vertex -1.886637e-16  1.100000e-01  1.650000e-01
     vertex  2.742376e-03  1.099658e-01  1.650000e-01
   endloop
 endfacet
 facet normal  0.000000e+00  0.000000e+00 -1.000000e+00
   outer loop
     vertex  7.874535e-02  7.680605e-02  1.650000e-01
     vertex -2.742376e-03  1.099658e-01  1.650000e-01
     vertex -1.886637e-16  1.100000e-01  1.650000e-01
   endloop
 endfacet
 facet normal  0.000000e+00  0.000000e+00 -1.000000e+00
   outer loop
     vertex  7.874535e-02  7.680605e-02  1.650000e-01
     vertex -5.483047e-03  1.098633e-01  1.650000e-01
     vertex -2.742376e-03  1.099658e-01  1.650000e-01
   endloop
 endfacet
 facet normal  0.000000e+00  0.000000e+00 -1.000000e+00
   outer loop
     vertex  7.874535e-02  7.680605e-02  1.650000e-01
     vertex -8.220310e-03  1.096924e-01  1.650000e-01
     vertex -5.483047e-03  1.098633e-01  1.650000e-01
   endloop
 endfacet
 facet normal  0.000000e+00  0.000000e+00 -1.000000e+00
   outer loop
     vertex  7.874535e-02  7.680605e-02  1.650000e-01
     vertex -1.095246e-02  1.094534e-01  1.650000e-01
     vertex -8.220310e-03  1.096924e-01  1.650000e-01
   endloop
 endfacet
 facet normal  0.000000e+00  0.000000e+00 -1.000000e+00
   outer loop
     vertex  7.874535e-02  7.680605e-02  1.650000e-01
     vertex -1.367781e-02  1.091463e-01  1.650000e-01
     vertex -1.095246e-02  1.094534e-01  1.650000e-01
   endloop
 endfacet
 facet normal  0.000000e+00  0.000000e+00 -1.000000e+00
   outer loop
     vertex  7.874535e-02  7.680605e-02  1.650000e-01
     vertex -1.639465e-02  1.087714e-01  1.650000e-01
     vertex -1.367781e-02  1.091463e-01  1.650000e-01
   endloop
 endfacet
 facet normal  0.000000e+00  0.000000e+00 -1.000000e+00
   outer loop
     vertex  7.874535e-02  7.680605e-02  1.650000e-01
     vertex -1.910130e-02  1.083289e-01  1.650000e-01
     vertex -1.639465e-02  1.087714e-01  1.650000e-01
   endloop
 endfacet
 facet normal  0.000000e+00  0.000000e+00 -1.000000e+00
   outer loop
     vertex  7.874535e-02  7.680605e-02  1.650000e-01
     vertex -2.179608e-02  1.078190e-01  1.650000e-01
     vertex -1.910130e-02  1.083289e-01  1.650000e-01
   endloop
 endfacet
 facet normal  0.000000e+00  0.000000e+00 -1.000000e+00
   outer loop
     vertex  7.874535e-02  7.680605e-02  1.650000e-01
     vertex -2.979245e-02  1.058887e-01  1.650000e-01
     vertex -2.714331e-02  1.065985e-01  1.650000e-01
   endloop
 endfacet
 facet normal  0.000000e+00  0.000000e+00 -1.000000e+00
   outer loop
     vertex  7.874535e-02  7.680605e-02  1.650000e-01
     vertex -3.242307e-02  1.051130e-01  1.650000e-01
     vertex -2.979245e-02  1.058887e-01  1.650000e-01
   endloop
 endfacet
 facet normal  0.000000e+00  0.000000e+00 -1.000000e+00
   outer loop
     vertex  7.874535e-02  7.680605e-02  1.650000e-01
     vertex -3.503353e-02  1.042720e-01  1.650000e-01
     vertex -3.242307e-02  1.051130e-01  1.650000e-01
   endloop
 endfacet
 facet normal  0.000000e+00  0.000000e+00 -1.000000e+00
   outer loop
     vertex  7.874535e-02  7.680605e-02  1.650000e-01
     vertex -3.762222e-02  1.033662e-01  1.650000e-01
     vertex -3.503353e-02  1.042720e-01  1.650000e-01
   endloop
 endfacet
 facet normal  0.000000e+00  0.000000e+00 -1.000000e+00
   outer loop
     vertex  7.874535e-02  7.680605e-02  1.650000e-01
     vertex -4.018751e-02  1.023961e-01  1.650000e-01
     vertex -3.762222e-02  1.033662e-01  1.650000e-01
   endloop
 endfacet
 facet normal  0.000000e+00  0.000000e+00 -1.000000e+00
   outer loop
     vertex  7.874535e-02  7.680605e-02  1.650000e-01
     vertex -4.272783e-02  1.013624e-01  1.650000e-01
     vertex -4.018751e-02  1.023961e-01  1.650000e-01
   endloop
 endfacet
 facet normal  0.000000e+00  0.000000e+00 -1.000000e+00
   outer loop
     vertex  7.874535e-02  7.680605e-02  1.650000e-01
     vertex -4.524158e-02  1.002656e-01  1.650000e-01
     vertex -4.272783e-02  1.013624e-01  1.650000e-01
   endloop
 endfacet
 facet normal  0.000000e+00  0.000000e+00 -1.000000e+00
   outer loop
     vertex  7.874535e-02  7.680605e-02  1.650000e-01
     vertex -4.772721e-02  9.910658e-02  1.650000e-01
     vertex -4.524158e-02  1.002656e-01  1.650000e-01
   endloop
 endfacet
 facet normal  0.000000e+00  0.000000e+00 -1.000000e+00
   outer loop
     vertex  7.874535e-02  7.680605e-02  1.650000e-01
     vertex -5.018317e-02  9.788590e-02  1.650000e-01
     vertex -4.772721e-02  9.910658e-02  1.650000e-01
   endloop
 endfacet
 facet normal  0.000000e+00  0.000000e+00 -1.000000e+00
   outer loop
     vertex  7.874535e-02  7.680605e-02  1.650000e-01
     vertex -5.260794e-02  9.660437e-02  1.650000e-01
     vertex -5.018317e-02  9.788590e-02  1.650000e-01
   endloop
 endfacet
 facet normal  0.000000e+00  0.000000e+00 -1.000000e+00
   outer loop
     vertex  7.874535e-02  7.680605e-02  1.650000e-01
     vertex -5.500000e-02  9.526279e-02  1.650000e-01
     vertex -5.260794e-02  9.660437e-02  1.650000e-01
   endloop
 endfacet
 facet normal  0.000000e+00  0.000000e+00 -1.000000e+00
   outer loop
     vertex  7.874535e-02  7.680605e-02  1.650000e-01
     vertex -5.735787e-02  9.386200e-02  1.650000e-01
     vertex -5.500000e-02  9.526279e-02  1.650000e-01
   endloop
 endfacet
 facet normal  0.000000e+00  0.000000e+00 -1.000000e+00
   outer loop
     vertex  7.874535e-02  7.680605e-02  1.650000e-01
     vertex -6.858388e-02  8.600146e-02  1.650000e-01
     vertex -6.641849e-02  8.768458e-02  1.650000e-01
   endloop
 endfacet
 facet normal  0.000000e+00  0.000000e+00 -1.000000e+00
   outer loop
     vertex  7.874535e-02  7.680605e-02  1.650000e-01
     vertex -7.070664e-02  8.426489e-02  1.650000e-01
     vertex -6.858388e-02  8.600146e-02  1.650000e-01
   endloop
 endfacet
 facet normal  0.000000e+00  0.000000e+00 -1.000000e+00
   outer loop
     vertex  7.874535e-02  7.680605e-02  1.650000e-01
     vertex -7.278544e-02  8.247593e-02  1.650000e-01
     vertex -7.070664e-02  8.426489e-02  1.650000e-01
   endloop
 endfacet
 facet normal  0.000000e+00  0.000000e+00 -1.000000e+00
   outer loop
     vertex  7.874535e-02  7.680605e-02  1.650000e-01
     vertex -7.481900e-02  8.063571e-02  1.650000e-01
     vertex -7.278544e-02  8.247593e-02  1.650000e-01
   endloop
 endfacet
 facet normal  0.000000e+00  0.000000e+00 -1.000000e+00
   outer loop
     vertex  7.874535e-02  7.680605e-02  1.650000e-01
     vertex -7.680605e-02  7.874535e-02  1.650000e-01
     vertex -7.481900e-02  8.063571e-02  1.650000e-01
   endloop
 endfacet
 facet normal -0.000000e+00  0.000000e+00 -1.000000e+00
   outer loop
     vertex  7.874535e-02  7.680605e-02  1.650000e-01
     vertex -7.874535e-02  7.680605e-02  1.650000e-01
     vertex -7.680605e-02  7.874535e-02  1.650000e-01
   endloop
 endfacet
 facet normal  0.000000e+00  0.000000e+00 -1.000000e+00
   outer loop
     vertex  7.874535e-02  7.680605e-02  1.650000e-01
     vertex -8.931318e-02  6.421180e-02  1.650000e-01
     vertex -8.768458e-02  6.641849e-02  1.650000e-01
   endloop
 endfacet
 facet normal  0.000000e+00  0.000000e+00 -1.000000e+00
   outer loop
     vertex  7.874535e-02  7.680605e-02  1.650000e-01
     vertex -9.088627e-02  6.196521e-02  1.650000e-01
     vertex -8.931318e-02  6.421180e-02  1.650000e-01
   endloop
 endfacet
 facet normal  0.000000e+00  0.000000e+00 -1.000000e+00
   outer loop
     vertex  7.874535e-02  7.680605e-02  1.650000e-01
     vertex -9.240285e-02  5.968009e-02  1.650000e-01
     vertex -9.088627e-02  6.196521e-02  1.650000e-01
   endloop
 endfacet
 facet normal  0.000000e+00  0.000000e+00 -1.000000e+00
   outer loop
     vertex  7.874535e-02  7.680605e-02  1.650000e-01
     vertex -9.386200e-02  5.735787e-02  1.650000e-01
     vertex -9.240285e-02  5.968009e-02  1.650000e-01
   endloop
 endfacet
 facet normal  0.000000e+00  0.000000e+00 -1.000000e+00
   outer loop
     vertex  7.874535e-02  7.680605e-02  1.650000e-01
     vertex -9.526279e-02  5.500000e-02  1.650000e-01
     vertex -9.386200e-02  5.735787e-02  1.650000e-01
   endloop
 endfacet
 facet normal  0.000000e+00  0.000000e+00 -1.000000e+00
   outer loop
     vertex  7.874535e-02  7.680605e-02  1.650000e-01
     vertex -9.660437e-02  5.260794e-02  1.650000e-01
     vertex -9.526279e-02  5.500000e-02  1.650000e-01
   endloop
 endfacet
 facet normal  0.000000e+00  0.000000e+00 -1.000000e+00
   outer loop
     vertex  7.874535e-02  7.680605e-02  1.650000e-01
     vertex -9.788590e-02  5.018317e-02  1.650000e-01
     vertex -9.660437e-02  5.260794e-02  1.650000e-01
   endloop
 endfacet
 facet normal  0.000000e+00  0.000000e+00 -1.000000e+00
   outer loop
     vertex  7.874535e-02  7.680605e-02  1.650000e-01
     vertex -9.910658e-02  4.772721e-02  1.650000e-01
     vertex -9.788590e-02  5.018317e-02  1.650000e-01
   endloop
 endfacet
 facet normal  0.000000e+00  0.000000e+00 -1.000000e+00
   outer loop
     vertex  7.874535e-02  7.680605e-02  1.650000e-01
     vertex -1.002656e-01  4.524158e-02  1.650000e-01
     vertex -9.910658e-02  4.772721e-02  1.650000e-01
   endloop
 endfacet
 facet normal  0.000000e+00  0.000000e+00 -1.000000e+00
   outer loop
     vertex  7.874535e-02  7.680605e-02  1.650000e-01
     vertex -1.013624e-01  4.272783e-02  1.650000e-01
     vertex -1.002656e-01  4.524158e-02  1.650000e-01
   endloop
 endfacet
 facet normal  0.000000e+00  0.000000e+00 -1.000000e+00
   outer loop
     vertex  7.874535e-02  7.680605e-02  1.650000e-01
     vertex -1.023961e-01  4.018751e-02  1.650000e-01
     vertex -1.013624e-01  4.272783e-02  1.650000e-01
   endloop
 endfacet
 facet normal  0.000000e+00  0.000000e+00 -1.000000e+00
   outer loop
     vertex  7.874535e-02  7.680605e-02  1.650000e-01
     vertex -1.051130e-01  3.242307e-02  1.650000e-01
     vertex -1.042720e-01  3.503353e-02  1.650000e-01
   endloop
 endfacet
 facet normal  0.000000e+00  0.000000e+00 -1.000000e+00
   outer loop
     vertex  7.874535e-02  7.680605e-02  1.650000e-01
     vertex -1.058887e-01  2.979245e-02  1.650000e-01
     vertex -1.051130e-01  3.242307e-02  1.650000e-01
   endloop
 endfacet
 facet normal  0.000000e+00  0.000000e+00 -1.000000e+00
   outer loop
     vertex  7.874535e-02  7.680605e-02  1.650000e-01
     vertex -1.065985e-01  2.714331e-02  1.650000e-01
     vertex -1.058887e-01  2.979245e-02  1.650000e-01
   endloop
 endfacet
 facet normal  0.000000e+00  0.000000e+00 -1.000000e+00
   outer loop
     vertex  7.874535e-02  7.680605e-02  1.650000e-01
     vertex -1.072421e-01  2.447730e-02  1.650000e-01
     vertex -1.065985e-01  2.714331e-02  1.650000e-01
   endloop
 endfacet
 facet normal  0.000000e+00  0.000000e+00 -1.000000e+00
   outer loop
     vertex  7.874535e-02  7.680605e-02  1.650000e-01
     vertex -1.078190e-01  2.179608e-02  1.650000e-01
     vertex -1.072421e-01  2.447730e-02  1.650000e-01
   endloop
 endfacet
 facet normal  0.000000e+00  0.000000e+00 -1.000000e+00
   outer loop
     vertex  7.874535e-02  7.680605e-02  1.650000e-01
     vertex -1.083289e-01  1.910130e-02  1.650000e-01
     vertex -1.078190e-01  2.179608e-02  1.650000e-01
   endloop
 endfacet
 facet normal  0.000000e+00  0.000000e+00 -1.000000e+00
   outer loop
     vertex  7.874535e-02  7.680605e-02  1.650000e-01
     vertex -1.087714e-01  1.639465e-02  1.650000e-01
     vertex -1.083289e-01  1.910130e-02  1.650000e-01
   endloop
 endfacet
 facet normal  0.000000e+00  0.000000e+00 -1.000000e+00
   outer loop
     vertex  7.874535e-02  7.680605e-02  1.650000e-01
     vertex -1.091463e-01  1.367781e-02  1.650000e-01
     vertex -1.087714e-01  1.639465e-02  1.650000e-01
   endloop
 endfacet
 facet normal  0.000000e+00  0.000000e+00 -1.000000e+00
   outer loop
     vertex  7.874535e-02  7.680605e-02  1.650000e-01
     vertex -1.094534e-01  1.095246e-02  1.650000e-01
     vertex -1.091463e-01  1.367781e-02  1.650000e-01
   endloop
 endfacet
 facet normal  0.000000e+00  0.000000e+00 -1.000000e+00
   outer loop
     vertex  7.874535e-02  7.680605e-02  1.650000e-01
     vertex -1.096924e-01  8.220310e-03  1.650000e-01
     vertex -1.094534e-01  1.095246e-02  1.650000e-01
   endloop
 endfacet
 facet normal  0.000000e+00  0.000000e+00 -1.000000e+00
   outer loop
     vertex  7.874535e-02  7.680605e-02  1.650000e-01
     vertex -1.098633e-01  5.483047e-03  1.650000e-01
     vertex -1.096924e-01  8.220310e-03  1.650000e-01
   endloop
 endfacet
 facet normal  0.000000e+00  0.000000e+00 -1.000000e+00
   outer loop
     vertex  7.874535e-02  7.680605e-02  1.650000e-01
     vertex -1.099658e-01  2.742376e-03  1.650000e-01
     vertex -1.098633e-01  5.483047e-03  1.650000e-01
   endloop
 endfacet
 facet normal  0.000000e+00  0.000000e+00 -1.000000e+00
   outer loop
     vertex  7.874535e-02  7.680605e-02  1.650000e-01
     vertex -1.100000e-01 -8.658255e-16  1.650000e-01
     vertex -1.099658e-01  2.742376e-03  1.650000e-01
   endloop
 endfacet
 facet normal  0.000000e+00  0.000000e+00 -1.000000e+00
   outer loop
     vertex  7.874535e-02  7.680605e-02  1.650000e-01
     vertex -1.099658e-01 -2.742376e-03  1.650000e-01
     vertex -1.100000e-01 -8.658255e-16  1.650000e-01
   endloop
 endfacet
 facet normal  0.000000e+00  0.000000e+00 -1.000000e+00
   outer loop
     vertex  7.874535e-02  7.680605e-02  1.650000e-01
     vertex -1.098633e-01 -5.483047e-03  1.650000e-01
     vertex -1.099658e-01 -2.742376e-03  1.650000e-01
   endloop
 endfacet
 facet normal  0.000000e+00  0.000000e+00 -1.000000e+00
   outer loop
     vertex  7.874535e-02  7.680605e-02  1.650000e-01
     vertex -1.096924e-01 -8.220310e-03  1.650000e-01
     vertex -1.098633e-01 -5.483047e-03  1.650000e-01
   endloop
 endfacet
 facet normal  0.000000e+00  0.000000e+00 -1.000000e+00
   outer loop
     vertex  7.874535e-02  7.680605e-02  1.650000e-01
     vertex -1.094534e-01 -1.095246e-02  1.650000e-01
     vertex -1.096924e-01 -8.220310e-03  1.650000e-01
   endloop
 endfacet
 facet normal  0.000000e+00  0.000000e+00 -1.000000e+00
   outer loop
     vertex  7.874535e-02  7.680605e-02  1.650000e-01
     vertex -1.091463e-01 -1.367781e-02  1.650000e-01
     vertex -1.094534e-01 -1.095246e-02  1.650000e-01
   endloop
 endfacet
 facet normal  0.000000e+00  0.000000e+00 -1.000000e+00
   outer loop
     vertex  7.874535e-02  7.680605e-02  1.650000e-01
     vertex -1.087714e-01 -1.639465e-02  1.650000e-01
     vertex -1.091463e-01 -1.367781e-02  1.650000e-01
   endloop
 endfacet
 facet normal  0.000000e+00  0.000000e+00 -1.000000e+00
   outer loop
     vertex  7.874535e-02  7.680605e-02  1.650000e-01
     vertex -1.083289e-01 -1.910130e-02  1.650000e-01
     vertex -1.087714e-01 -1.639465e-02  1.650000e-01
   endloop
 endfacet
 facet normal  0.000000e+00  0.000000e+00 -1.000000e+00
   outer loop
     vertex  7.874535e-02  7.680605e-02  1.650000e-01
     vertex -1.078190e-01 -2.179608e-02  1.650000e-01
     vertex -1.083289e-01 -1.910130e-02  1.650000e-01
   endloop
 endfacet
 facet normal  0.000000e+00  0.000000e+00 -1.000000e+00
   outer loop
     vertex  7.874535e-02  7.680605e-02  1.650000e-01
     vertex -1.072421e-01 -2.447730e-02  1.650000e-01
     vertex -1.078190e-01 -2.179608e-02  1.650000e-01
   endloop
 endfacet
 facet normal  0.000000e+00  0.000000e+00 -1.000000e+00
   outer loop
     vertex  7.874535e-02  7.680605e-02  1.650000e-01
     vertex -1.065985e-01 -2.714331e-02  1.650000e-01
     vertex -1.072421e-01 -2.447730e-02  1.650000e-01
   endloop
 endfacet
 facet normal  0.000000e+00  0.000000e+00 -1.000000e+00
   outer loop
     vertex  7.874535e-02  7.680605e-02  1.650000e-01
     vertex -1.058887e-01 -2.979245e-02  1.650000e-01
     vertex -1.065985e-01 -2.714331e-02  1.650000e-01
   endloop
 endfacet
 facet normal  0.000000e+00  0.000000e+00 -1.000000e+00
   outer loop
     vertex  7.874535e-02  7.680605e-02  1.650000e-01
     vertex -1.051130e-01 -3.242307e-02  1.650000e-01
     vertex -1.058887e-01 -2.979245e-02  1.650000e-01
   endloop
 endfacet
 facet normal  0.000000e+00  0.000000e+00 -1.000000e+00
   outer loop
     vertex  7.874535e-02  7.680605e-02  1.650000e-01
     vertex -1.042720e-01 -3.503353e-02  1.650000e-01
     vertex -1.051130e-01 -3.242307e-02  1.650000e-01
   endloop
 endfacet
 facet normal  0.000000e+00  0.000000e+00 -1.000000e+00
   outer loop
     vertex  7.874535e-02  7.680605e-02  1.650000e-01
     vertex -1.033662e-01 -3.762222e-02  1.650000e-01
     vertex -1.042720e-01 -3.503353e-02  1.650000e-01
   endloop
 endfacet
 facet normal  0.000000e+00  0.000000e+00 -1.000000e+00
   outer loop
     vertex  7.874535e-02  7.680605e-02  1.650000e-01
     vertex -1.023961e-01 -4.018751e-02  1.650000e-01
     vertex -1.033662e-01 -3.762222e-02  1.650000e-01
   endloop
 endfacet
 facet normal  0.000000e+00  0.000000e+00 -1.000000e+00
   outer loop
     vertex  7.874535e-02  7.680605e-02  1.650000e-01
     vertex -1.013624e-01 -4.272783e-02  1.650000e-01
     vertex -1.023961e-01 -4.018751e-02  1.650000e-01
   endloop
 endfacet
 facet normal  0.000000e+00  0.000000e+00 -1.000000e+00
   outer loop
     vertex  7.874535e-02  7.680605e-02  1.650000e-01
     vertex -1.002656e-01 -4.524158e-02  1.650000e-01
     vertex -1.013624e-01 -4.272783e-02  1.650000e-01
   endloop
 endfacet
 facet normal  0.000000e+00  0.000000e+00 -1.000000e+00
   outer loop
     vertex  7.874535e-02  7.680605e-02  1.650000e-01
     vertex -9.910658e-02 -4.772721e-02  1.650000e-01
     vertex -1.002656e-01 -4.524158e-02  1.650000e-01
   endloop
 endfacet
 facet normal  0.000000e+00  0.000000e+00 -1.000000e+00
   outer loop
     vertex  7.874535e-02  7.680605e-02  1.650000e-01
     vertex -9.788590e-02 -5.018317e-02  1.650000e-01
     vertex -9.910658e-02 -4.772721e-02  1.650000e-01
   endloop
 endfacet
 facet normal  0.000000e+00  0.000000e+00 -1.000000e+00
   outer loop
     vertex  7.874535e-02  7.680605e-02  1.650000e-01
     vertex -9.660437e-02 -5.260794e-02  1.650000e-01
     vertex -9.788590e-02 -5.018317e-02  1.650000e-01
   endloop
 endfacet
 facet normal  0.000000e+00  0.000000e+00 -1.000000e+00
   outer loop
     vertex  7.874535e-02  7.680605e-02  1.650000e-01
     vertex -9.526279e-02 -5.500000e-02  1.650000e-01
     vertex -9.660437e-02 -5.260794e-02  1.650000e-01
   endloop
 endfacet
 facet normal  0.000000e+00  0.000000e+00 -1.000000e+00
   outer loop
     vertex  7.874535e-02  7.680605e-02  1.650000e-01
     vertex -9.386200e-02 -5.735787e-02  1.650000e-01
     vertex -9.526279e-02 -5.500000e-02  1.650000e-01
   endloop
 endfacet
 facet normal  0.000000e+00  0.000000e+00 -1.000000e+00
   outer loop
     vertex  7.874535e-02  7.680605e-02  1.650000e-01
     vertex -9.240285e-02 -5.968009e-02  1.650000e-01
     vertex -9.386200e-02 -5.735787e-02  1.650000e-01
   endloop
 endfacet
 facet normal  0.000000e+00  0.000000e+00 -1.000000e+00
   outer loop
     vertex  7.874535e-02  7.680605e-02  1.650000e-01
     vertex -9.088627e-02 -6.196521e-02  1.650000e-01
     vertex -9.240285e-02 -5.968009e-02  1.650000e-01
   endloop
 endfacet
 facet normal  0.000000e+00  0.000000e+00 -1.000000e+00
   outer loop
     vertex  7.874535e-02  7.680605e-02  1.650000e-01
     vertex -8.931318e-02 -6.421180e-02  1.650000e-01
     vertex -9.088627e-02 -6.196521e-02  1.650000e-01
   endloop
 endfacet
 facet normal  0.000000e+00  0.000000e+00 -1.000000e+00
   outer loop
     vertex  7.874535e-02  7.680605e-02  1.650000e-01
     vertex -8.768458e-02 -6.641849e-02  1.650000e-01
     vertex -8.931318e-02 -6.421180e-02  1.650000e-01
   endloop
 endfacet
 facet normal  0.000000e+00  0.000000e+00 -1.000000e+00
   outer loop
     vertex  7.874535e-02  7.680605e-02  1.650000e-01
     vertex -8.600146e-02 -6.858388e-02  1.650000e-01
     vertex -8.768458e-02 -6.641849e-02  1.650000e-01
   endloop
 endfacet
 facet normal  0.000000e+00  0.000000e+00 -1.000000e+00
   outer loop
     vertex  7.874535e-02  7.680605e-02  1.650000e-01
     vertex -8.426489e-02 -7.070664e-02  1.650000e-01
     vertex -8.600146e-02 -6.858388e-02  1.650000e-01
   endloop
 endfacet
 facet normal  0.000000e+00  0.000000e+00 -1.000000e+00
   outer loop
     vertex  7.874535e-02  7.680605e-02  1.650000e-01
     vertex -8.247593e-02 -7.278544e-02  1.650000e-01
     vertex -8.426489e-02 -7.070664e-02  1.650000e-01
   endloop
 endfacet
 facet normal  0.000000e+00  0.000000e+00 -1.000000e+00
   outer loop
     vertex  7.874535e-02  7.680605e-02  1.650000e-01
     vertex -8.063571e-02 -7.481900e-02  1.650000e-01
     vertex -8.247593e-02 -7.278544e-02  1.650000e-01
   endloop
 endfacet
 facet normal  0.000000e+00  0.000000e+00 -1.000000e+00
   outer loop
     vertex  7.874535e-02  7.680605e-02  1.650000e-01
     vertex -7.874535e-02 -7.680605e-02  1.650000e-01
     vertex -8.063571e-02 -7.481900e-02  1.650000e-01
   endloop
 endfacet
 facet normal  0.000000e+00  0.000000e+00 -1.000000e+00
   outer loop
     vertex  7.874535e-02  7.680605e-02  1.650000e-01
     vertex -7.680605e-02 -7.874535e-02  1.650000e-01
     vertex -7.874535e-02 -7.680605e-02  1.650000e-01
   endloop
 endfacet
 facet normal  0.000000e+00  0.000000e+00 -1.000000e+00
   outer loop
     vertex  7.874535e-02  7.680605e-02  1.650000e-01
     vertex -7.481900e-02 -8.063571e-02  1.650000e-01
     vertex -7.680605e-02 -7.874535e-02  1.650000e-01
   endloop
 endfacet
 facet normal  0.000000e+00  0.000000e+00 -1.000000e+00
   outer loop
     vertex  7.874535e-02  7.680605e-02  1.650000e-01
     vertex -7.278544e-02 -8.247593e-02  1.650000e-01
     vertex -7.481900e-02 -8.063571e-02  1.650000e-01
   endloop
 endfacet
 facet normal  0.000000e+00  0.000000e+00 -1.000000e+00
   outer loop
     vertex  7.874535e-02  7.680605e-02  1.650000e-01
     vertex -7.070664e-02 -8.426489e-02  1.650000e-01
     vertex -7.278544e-02 -8.247593e-02  1.650000e-01
   endloop
 endfacet
 facet normal  0.000000e+00  0.000000e+00 -1.000000e+00
   outer loop
     vertex  7.874535e-02  7.680605e-02  1.650000e-01
     vertex -6.858388e-02 -8.600146e-02  1.650000e-01
     vertex -7.070664e-02 -8.426489e-02  1.650000e-01
   endloop
 endfacet
 facet normal  0.000000e+00  0.000000e+00 -1.000000e+00
   outer loop
     vertex  7.874535e-02  7.680605e-02  1.650000e-01
     vertex -6.641849e-02 -8.768458e-02  1.650000e-01
     vertex -6.858388e-02 -8.600146e-02  1.650000e-01
   endloop
 endfacet
 facet normal  0.000000e+00  0.000000e+00 -1.000000e+00
   outer loop
     vertex  7.874535e-02  7.680605e-02  1.650000e-01
     vertex -6.421180e-02 -8.931318e-02  1.650000e-01
     vertex -6.641849e-02 -8.768458e-02  1.650000e-01
   endloop
 endfacet
 facet normal  0.000000e+00  0.000000e+00 -1.000000e+00
   outer loop
     vertex  7.874535e-02  7.680605e-02  1.650000e-01
     vertex -6.196521e-02 -9.088627e-02  1.650000e-01
     vertex -6.421180e-02 -8.931318e-02  1.650000e-01
   endloop
 endfacet
 facet normal  0.000000e+00  0.000000e+00 -1.000000e+00
   outer loop
     vertex  7.874535e-02  7.680605e-02  1.650000e-01
     vertex -5.968009e-02 -9.240285e-02  1.650000e-01
     vertex -6.196521e-02 -9.088627e-02  1.650000e-01
   endloop
 endfacet
 facet normal  0.000000e+00  0.000000e+00 -1.000000e+00
   outer loop
     vertex  7.874535e-02  7.680605e-02  1.650000e-01
     vertex -5.735787e-02 -9.386200e-02  1.650000e-01
     vertex -5.968009e-02 -9.240285e-02  1.650000e-01
   endloop
 endfacet
 facet normal  0.000000e+00  0.000000e+00 -1.000000e+00
   outer loop
     vertex  7.874535e-02  7.680605e-02  1.650000e-01
     vertex -5.500000e-02 -9.526279e-02  1.650000e-01
     vertex -5.735787e-02 -9.386200e-02  1.650000e-01
   endloop
 endfacet
 facet normal  0.000000e+00  0.000000e+00 -1.000000e+00
   outer loop
     vertex  7.874535e-02  7.680605e-02  1.650000e-01
     vertex -5.260794e-02 -9.660437e-02  1.650000e-01
     vertex -5.500000e-02 -9.526279e-02  1.650000e-01
   endloop
 endfacet
 facet normal  0.000000e+00  0.000000e+00 -1.000000e+00
   outer loop
     vertex  7.874535e-02  7.680605e-02  1.650000e-01
     vertex -5.018317e-02 -9.788590e-02  1.650000e-01
     vertex -5.260794e-02 -9.660437e-02  1.650000e-01
   endloop
 endfacet
 facet normal  0.000000e+00  0.000000e+00 -1.000000e+00
   outer loop
     vertex  7.874535e-02  7.680605e-02  1.650000e-01
     vertex -4.772721e-02 -9.910658e-02  1.650000e-01
     vertex -5.018317e-02 -9.788590e-02  1.650000e-01
   endloop
 endfacet
 facet normal  0.000000e+00  0.000000e+00 -1.000000e+00
   outer loop
     vertex  7.874535e-02  7.680605e-02  1.650000e-01
     vertex -4.524158e-02 -1.002656e-01  1.650000e-01
     vertex -4.772721e-02 -9.910658e-02  1.650000e-01
   endloop
 endfacet
 facet normal  0.000000e+00  0.000000e+00 -1.000000e+00
   outer loop
     vertex  7.874535e-02  7.680605e-02  1.650000e-01
     vertex -4.272783e-02 -1.013624e-01  1.650000e-01
     vertex -4.524158e-02 -1.002656e-01  1.650000e-01
   endloop
 endfacet
 facet normal  0.000000e+00  0.000000e+00 -1.000000e+00
   outer loop
     vertex  7.874535e-02  7.680605e-02  1.650000e-01
     vertex -4.018751e-02 -1.023961e-01  1.650000e-01
     vertex -4.272783e-02 -1.013624e-01  1.650000e-01
   endloop
 endfacet
 facet normal  0.000000e+00  0.000000e+00 -1.000000e+00
   outer loop
     vertex  7.874535e-02  7.680605e-02  1.650000e-01
     vertex -3.762222e-02 -1.033662e-01  1.650000e-01
     vertex -4.018751e-02 -1.023961e-01  1.650000e-01
   endloop
 endfacet
 facet normal  0.000000e+00  0.000000e+00 -1.000000e+00
   outer loop
     vertex  7.874535e-02  7.680605e-02  1.650000e-01
     vertex -3.503353e-02 -1.042720e-01  1.650000e-01
     vertex -3.762222e-02 -1.033662e-01  1.650000e-01
   endloop
 endfacet
 facet normal  0.000000e+00  0.000000e+00 -1.000000e+00
   outer loop
     vertex  7.874535e-02  7.680605e-02  1.650000e-01
     vertex -3.242307e-02 -1.051130e-01  1.650000e-01
     vertex -3.503353e-02 -1.042720e-01  1.650000e-01
   endloop
 endfacet
 facet normal  0.000000e+00  0.000000e+00 -1.000000e+00
   outer loop
     vertex  7.874535e-02  7.680605e-02  1.650000e-01
     vertex -2.979245e-02 -1.058887e-01  1.650000e-01
     vertex -3.242307e-02 -1.051130e-01  1.650000e-01
   endloop
 endfacet
 facet normal  0.000000e+00  0.000000e+00 -1.000000e+00
   outer loop
     vertex  7.874535e-02  7.680605e-02  1.650000e-01
     vertex -2.714331e-02 -1.065985e-01  1.650000e-01
     vertex -2.979245e-02 -1.058887e-01  1.650000e-01
   endloop
 endfacet
 facet normal  0.000000e+00  0.000000e+00 -1.000000e+00
   outer loop
     vertex  7.874535e-02  7.680605e-02  1.650000e-01
     vertex -2.447730e-02 -1.072421e-01  1.650000e-01
     vertex -2.714331e-02 -1.065985e-01  1.650000e-01
   endloop
 endfacet
 facet normal  0.000000e+00  0.000000e+00 -1.000000e+00
   outer loop
     vertex  7.874535e-02  7.680605e-02  1.650000e-01
     vertex -2.179608e-02 -1.078190e-01  1.650000e-01
     vertex -2.447730e-02 -1.072421e-01  1.650000e-01
   endloop
 endfacet
 facet normal  0.000000e+00  0.000000e+00 -1.000000e+00
   outer loop
     vertex  7.874535e-02  7.680605e-02  1.650000e-01
     vertex -1.910130e-02 -1.083289e-01  1.650000e-01
     vertex -2.179608e-02 -1.078190e-01  1.650000e-01
   endloop
 endfacet
 facet normal  0.000000e+00  0.000000e+00 -1.000000e+00
   outer loop
     vertex  7.874535e-02  7.680605e-02  1.650000e-01
     vertex -1.639465e-02 -1.087714e-01  1.650000e-01
     vertex -1.910130e-02 -1.083289e-01  1.650000e-01
   endloop
 endfacet
 facet normal  0.000000e+00  0.000000e+00 -1.000000e+00
   outer loop
     vertex  7.874535e-02  7.680605e-02  1.650000e-01
     vertex -1.367781e-02 -1.091463e-01  1.650000e-01
     vertex -1.639465e-02 -1.087714e-01  1.650000e-01
   endloop
 endfacet
 facet normal  0.000000e+00  0.000000e+00 -1.000000e+00
   outer loop
     vertex  7.874535e-02  7.680605e-02  1.650000e-01
     vertex -1.095246e-02 -1.094534e-01  1.650000e-01
     vertex -1.367781e-02 -1.091463e-01  1.650000e-01
   endloop
 endfacet
 facet normal  0.000000e+00  0.000000e+00 -1.000000e+00
   outer loop
     vertex  7.874535e-02  7.680605e-02  1.650000e-01
     vertex -8.220310e-03 -1.096924e-01  1.650000e-01
     vertex -1.095246e-02 -1.094534e-01  1.650000e-01
   endloop
 endfacet
 facet normal  0.000000e+00  0.000000e+00 -1.000000e+00
   outer loop
     vertex  7.874535e-02  7.680605e-02  1.650000e-01
     vertex -5.483047e-03 -1.098633e-01  1.650000e-01
     vertex -8.220310e-03 -1.096924e-01  1.650000e-01
   endloop
 endfacet
 facet normal  0.000000e+00  0.000000e+00 -1.000000e+00
   outer loop
     vertex  7.874535e-02  7.680605e-02  1.650000e-01
     vertex -2.742376e-03 -1.099658e-01  1.650000e-01
     vertex -5.483047e-03 -1.098633e-01  1.650000e-01
   endloop
 endfacet
 facet normal  0.000000e+00  0.000000e+00 -1.000000e+00
   outer loop
     vertex  7.874535e-02  7.680605e-02  1.650000e-01
     vertex  1.542987e-15 -1.100000e-01  1.650000e-01
     vertex -2.742376e-03 -1.099658e-01  1.650000e-01
   endloop
 endfacet
 facet normal  0.000000e+00  0.000000e+00 -1.000000e+00
   outer loop
     vertex  7.874535e-02  7.680605e-02  1.650000e-01
     vertex  2.742376e-03 -1.099658e-01  1.650000e-01
     vertex  1.542987e-15 -1.100000e-01  1.650000e-01
   endloop
 endfacet
 facet normal  0.000000e+00  0.000000e+00 -1.000000e+00
   outer loop
     vertex  7.874535e-02  7.680605e-02  1.650000e-01
     vertex  5.483047e-03 -1.098633e-01  1.650000e-01
     vertex  2.742376e-03 -1.099658e-01  1.650000e-01
   endloop
 endfacet
 facet normal  0.000000e+00  0.000000e+00 -1.000000e+00
   outer loop
     vertex  7.874535e-02  7.680605e-02  1.650000e-01
     vertex  8.220310e-03 -1.096924e-01  1.650000e-01
     vertex  5.483047e-03 -1.098633e-01  1.650000e-01
   endloop
 endfacet
 facet normal  0.000000e+00  0.000000e+00 -1.000000e+00
   outer loop
     vertex  7.874535e-02  7.680605e-02  1.650000e-01
     vertex  1.095246e-02 -1.094534e-01  1.650000e-01
     vertex  8.220310e-03 -1.096924e-01  1.650000e-01
   endloop
 endfacet
 facet normal  0.000000e+00  0.000000e+00 -1.000000e+00
   outer loop
     vertex  7.874535e-02  7.680605e-02  1.650000e-01
     vertex  1.367781e-02 -1.091463e-01  1.650000e-01
     vertex  1.095246e-02 -1.094534e-01  1.650000e-01
   endloop
 endfacet
 facet normal  0.000000e+00  0.000000e+00 -1.000000e+00
   outer loop
     vertex  7.874535e-02  7.680605e-02  1.650000e-01
     vertex  1.639465e-02 -1.087714e-01  1.650000e-01
     vertex  1.367781e-02 -1.091463e-01  1.650000e-01
   endloop
 endfacet
 facet normal  0.000000e+00  0.000000e+00 -1.000000e+00
   outer loop
     vertex  7.874535e-02  7.680605e-02  1.650000e-01
     vertex  1.910130e-02 -1.083289e-01  1.650000e-01
     vertex  1.639465e-02 -1.087714e-01  1.650000e-01
   endloop
 endfacet
 facet normal  0.000000e+00  0.000000e+00 -1.000000e+00
   outer loop
     vertex  7.874535e-02  7.680605e-02  1.650000e-01
     vertex  2.179608e-02 -1.078190e-01  1.650000e-01
     vertex  1.910130e-02 -1.083289e-01  1.650000e-01
   endloop
 endfacet
 facet normal  0.000000e+00  0.000000e+00 -1.000000e+00
   outer loop
     vertex  7.874535e-02  7.680605e-02  1.650000e-01
     vertex  2.447730e-02 -1.072421e-01  1.650000e-01
     vertex  2.179608e-02 -1.078190e-01  1.650000e-01
   endloop
 endfacet
 facet normal  0.000000e+00  0.000000e+00 -1.000000e+00
   outer loop
     vertex  7.874535e-02  7.680605e-02  1.650000e-01
     vertex  3.242307e-02 -1.051130e-01  1.650000e-01
     vertex  2.979245e-02 -1.058887e-01  1.650000e-01
   endloop
 endfacet
 facet normal  0.000000e+00  0.000000e+00 -1.000000e+00
   outer loop
     vertex  7.874535e-02  7.680605e-02  1.650000e-01
     vertex  4.018751e-02 -1.023961e-01  1.650000e-01
     vertex  3.762222e-02 -1.033662e-01  1.650000e-01
   endloop
 endfacet
 facet normal  0.000000e+00  0.000000e+00 -1.000000e+00
   outer loop
     vertex  7.874535e-02  7.680605e-02  1.650000e-01
     vertex  4.272783e-02 -1.013624e-01  1.650000e-01
     vertex  4.018751e-02 -1.023961e-01  1.650000e-01
   endloop
 endfacet
 facet normal  0.000000e+00  0.000000e+00 -1.000000e+00
   outer loop
     vertex  7.874535e-02  7.680605e-02  1.650000e-01
     vertex  4.524158e-02 -1.002656e-01  1.650000e-01
     vertex  4.272783e-02 -1.013624e-01  1.650000e-01
   endloop
 endfacet
 facet normal  0.000000e+00  0.000000e+00 -1.000000e+00
   outer loop
     vertex  7.874535e-02  7.680605e-02  1.650000e-01
     vertex  4.772721e-02 -9.910658e-02  1.650000e-01
     vertex  4.524158e-02 -1.002656e-01  1.650000e-01
   endloop
 endfacet
 facet normal  0.000000e+00  0.000000e+00 -1.000000e+00
   outer loop
     vertex  7.874535e-02  7.680605e-02  1.650000e-01
     vertex  5.018317e-02 -9.788590e-02  1.650000e-01
     vertex  4.772721e-02 -9.910658e-02  1.650000e-01
   endloop
 endfacet
 facet normal  0.000000e+00  0.000000e+00 -1.000000e+00
   outer loop
     vertex  7.874535e-02  7.680605e-02  1.650000e-01
     vertex  5.260794e-02 -9.660437e-02  1.650000e-01
     vertex  5.018317e-02 -9.788590e-02  1.650000e-01
   endloop
 endfacet
 facet normal  0.000000e+00  0.000000e+00 -1.000000e+00
   outer loop
     vertex  7.874535e-02  7.680605e-02  1.650000e-01
     vertex  5.500000e-02 -9.526279e-02  1.650000e-01
     vertex  5.260794e-02 -9.660437e-02  1.650000e-01
   endloop
 endfacet
 facet normal  0.000000e+00  0.000000e+00 -1.000000e+00
   outer loop
     vertex  7.874535e-02  7.680605e-02  1.650000e-01
     vertex  5.735787e-02 -9.386200e-02  1.650000e-01
     vertex  5.500000e-02 -9.526279e-02  1.650000e-01
   endloop
 endfacet
 facet normal  0.000000e+00  0.000000e+00 -1.000000e+00
   outer loop
     vertex  7.874535e-02  7.680605e-02  1.650000e-01
     vertex  6.641849e-02 -8.768458e-02  1.650000e-01
     vertex  6.421180e-02 -8.931318e-02  1.650000e-01
   endloop
 endfacet
 facet normal  0.000000e+00  0.000000e+00 -1.000000e+00
   outer loop
     vertex  7.874535e-02  7.680605e-02  1.650000e-01
     vertex  6.858388e-02 -8.600146e-02  1.650000e-01
     vertex  6.641849e-02 -8.768458e-02  1.650000e-01
   endloop
 endfacet
 facet normal  0.000000e+00  0.000000e+00 -1.000000e+00
   outer loop
     vertex  7.874535e-02  7.680605e-02  1.650000e-01
     vertex  7.070664e-02 -8.426489e-02  1.650000e-01
     vertex  6.858388e-02 -8.600146e-02  1.650000e-01
   endloop
 endfacet
 facet normal  0.000000e+00  0.000000e+00 -1.000000e+00
   outer loop
     vertex  7.874535e-02  7.680605e-02  1.650000e-01
     vertex  8.426489e-02 -7.070664e-02  1.650000e-01
     vertex  8.247593e-02 -7.278544e-02  1.650000e-01
   endloop
 endfacet
 facet normal  0.000000e+00  0.000000e+00 -1.000000e+00
   outer loop
     vertex  7.874535e-02  7.680605e-02  1.650000e-01
     vertex  8.931318e-02 -6.421180e-02  1.650000e-01
     vertex  8.768458e-02 -6.641849e-02  1.650000e-01
   endloop
 endfacet
 facet normal  0.000000e+00  0.000000e+00 -1.000000e+00
   outer loop
     vertex  7.874535e-02  7.680605e-02  1.650000e-01
     vertex  1.033662e-01 -3.762222e-02  1.650000e-01
     vertex  1.023961e-01 -4.018751e-02  1.650000e-01
   endloop
 endfacet
 facet normal  0.000000e+00  0.000000e+00 -1.000000e+00
   outer loop
     vertex  7.874535e-02  7.680605e-02  1.650000e-01
     vertex  1.083289e-01 -1.910130e-02  1.650000e-01
     vertex  1.078190e-01 -2.179608e-02  1.650000e-01
   endloop
 endfacet
 facet normal  0.000000e+00  0.000000e+00 -1.000000e+00
   outer loop
     vertex  7.874535e-02  7.680605e-02  1.650000e-01
     vertex  1.087714e-01 -1.639465e-02  1.650000e-01
     vertex  1.083289e-01 -1.910130e-02  1.650000e-01
   endloop
 endfacet
 facet normal  0.000000e+00  0.000000e+00 -1.000000e+00
   outer loop
     vertex  7.874535e-02  7.680605e-02  1.650000e-01
     vertex  1.098633e-01 -5.483047e-03  1.650000e-01
     vertex  1.096924e-01 -8.220310e-03  1.650000e-01
   endloop
 endfacet
 facet normal  0.000000e+00  0.000000e+00 -1.000000e+00
   outer loop
     vertex  7.874535e-02  7.680605e-02  1.650000e-01
     vertex  1.096924e-01 -8.220310e-03  1.650000e-01
     vertex  1.087714e-01 -1.639465e-02  1.650000e-01
   endloop
 endfacet
 facet normal  0.000000e+00  0.000000e+00 -1.000000e+00
   outer loop
     vertex  7.874535e-02  7.680605e-02  1.650000e-01
     vertex  5.500000e-02  9.526279e-02  1.650000e-01
     vertex  5.968009e-02  9.240285e-02  1.650000e-01
   endloop
 endfacet
 facet normal  0.000000e+00  0.000000e+00 -1.000000e+00
   outer loop
     vertex  7.874535e-02  7.680605e-02  1.650000e-01
     vertex  3.762222e-02 -1.033662e-01  1.650000e-01
     vertex  3.242307e-02 -1.051130e-01  1.650000e-01
   endloop
 endfacet
 facet normal  0.000000e+00  0.000000e+00 -1.000000e+00
   outer loop
     vertex  7.874535e-02  7.680605e-02  1.650000e-01
     vertex  8.768458e-02 -6.641849e-02  1.650000e-01
     vertex  8.426489e-02 -7.070664e-02  1.650000e-01
   endloop
 endfacet
 facet normal  0.000000e+00  0.000000e+00 -1.000000e+00
   outer loop
     vertex  7.874535e-02  7.680605e-02  1.650000e-01
     vertex  1.002656e-01  4.524158e-02  1.650000e-01
     vertex  1.023961e-01  4.018751e-02  1.650000e-01
   endloop
 endfacet
 facet normal  0.000000e+00  0.000000e+00 -1.000000e+00
   outer loop
     vertex  7.874535e-02  7.680605e-02  1.650000e-01
     vertex  1.023961e-01 -4.018751e-02  1.650000e-01
     vertex  9.910658e-02 -4.772721e-02  1.650000e-01
   endloop
 endfacet
 facet normal  0.000000e+00  0.000000e+00 -1.000000e+00
   outer loop
     vertex  7.874535e-02  7.680605e-02  1.650000e-01
     vertex  8.600146e-02  6.858388e-02  1.650000e-01
     vertex  8.931318e-02  6.421180e-02  1.650000e-01
   endloop
 endfacet
 facet normal  0.000000e+00  0.000000e+00 -1.000000e+00
   outer loop
     vertex  7.874535e-02  7.680605e-02  1.650000e-01
     vertex -1.042720e-01  3.503353e-02  1.650000e-01
     vertex -1.023961e-01  4.018751e-02  1.650000e-01
   endloop
 endfacet
 facet normal  0.000000e+00  0.000000e+00 -1.000000e+00
   outer loop
     vertex  7.874535e-02  7.680605e-02  1.650000e-01
     vertex  8.247593e-02  7.278544e-02  1.650000e-01
     vertex  8.600146e-02  6.858388e-02  1.650000e-01
   endloop
 endfacet
 facet normal  0.000000e+00  0.000000e+00 -1.000000e+00
   outer loop
     vertex  7.874535e-02  7.680605e-02  1.650000e-01
     vertex -8.768458e-02  6.641849e-02  1.650000e-01
     vertex -8.426489e-02  7.070664e-02  1.650000e-01
   endloop
 endfacet
 facet normal  0.000000e+00  0.000000e+00 -1.000000e+00
   outer loop
     vertex  7.874535e-02  7.680605e-02  1.650000e-01
     vertex  1.091463e-01  1.367781e-02  1.650000e-01
     vertex  1.096924e-01  8.220310e-03  1.650000e-01
   endloop
 endfacet
 facet normal  0.000000e+00  0.000000e+00 -1.000000e+00
   outer loop
     vertex  7.874535e-02  7.680605e-02  1.650000e-01
     vertex  2.979245e-02 -1.058887e-01  1.650000e-01
     vertex  2.447730e-02 -1.072421e-01  1.650000e-01
   endloop
 endfacet
 facet normal  0.000000e+00  0.000000e+00 -1.000000e+00
   outer loop
     vertex  7.874535e-02  7.680605e-02  1.650000e-01
     vertex  1.078190e-01 -2.179608e-02  1.650000e-01
     vertex  1.065985e-01 -2.714331e-02  1.650000e-01
   endloop
 endfacet
 facet normal  0.000000e+00  0.000000e+00 -1.000000e+00
   outer loop
     vertex  7.874535e-02  7.680605e-02  1.650000e-01
     vertex  5.968009e-02  9.240285e-02  1.650000e-01
     vertex  6.421180e-02  8.931318e-02  1.650000e-01
   endloop
 endfacet
 facet normal  0.000000e+00  0.000000e+00 -1.000000e+00
   outer loop
     vertex  7.874535e-02  7.680605e-02  1.650000e-01
     vertex  6.421180e-02 -8.931318e-02  1.650000e-01
     vertex  5.735787e-02 -9.386200e-02  1.650000e-01
   endloop
 endfacet
 facet normal  0.000000e+00  0.000000e+00 -1.000000e+00
   outer loop
     vertex  7.874535e-02  7.680605e-02  1.650000e-01
     vertex  7.481900e-02 -8.063571e-02  1.650000e-01
     vertex  7.070664e-02 -8.426489e-02  1.650000e-01
   endloop
 endfacet
 facet normal  0.000000e+00  0.000000e+00 -1.000000e+00
   outer loop
     vertex  7.874535e-02  7.680605e-02  1.650000e-01
     vertex  1.096924e-01  8.220310e-03  1.650000e-01
     vertex  1.100000e-01 -2.694223e-17  1.650000e-01
   endloop
 endfacet
 facet normal  0.000000e+00  0.000000e+00 -1.000000e+00
   outer loop
     vertex  7.874535e-02  7.680605e-02  1.650000e-01
     vertex -8.426489e-02  7.070664e-02  1.650000e-01
     vertex -7.874535e-02  7.680605e-02  1.650000e-01
   endloop
 endfacet
 facet normal  0.000000e+00  0.000000e+00 -1.000000e+00
   outer loop
     vertex  7.874535e-02  7.680605e-02  1.650000e-01
     vertex -2.714331e-02  1.065985e-01  1.650000e-01
     vertex -2.179608e-02  1.078190e-01  1.650000e-01
   endloop
 endfacet
 facet normal  0.000000e+00 -0.000000e+00 -1.000000e+00
   outer loop
     vertex  7.874535e-02  7.680605e-02  1.650000e-01
     vertex  8.247593e-02 -7.278544e-02  1.650000e-01
     vertex  7.481900e-02 -8.063571e-02  1.650000e-01
   endloop
 endfacet
 facet normal  0.000000e+00  0.000000e+00 -1.000000e+00
   outer loop
     vertex  7.874535e-02  7.680605e-02  1.650000e-01
     vertex  1.065985e-01 -2.714331e-02  1.650000e-01
     vertex  1.051130e-01 -3.242307e-02  1.650000e-01
   endloop
 endfacet
 facet normal  0.000000e+00  0.000000e+00 -1.000000e+00
   outer loop
     vertex  7.874535e-02  7.680605e-02  1.650000e-01
     vertex -6.641849e-02  8.768458e-02  1.650000e-01
     vertex -5.735787e-02  9.386200e-02  1.650000e-01
   endloop
 endfacet
 facet normal  0.000000e+00  0.000000e+00 -1.000000e+00
   outer loop
     vertex  7.874535e-02  7.680605e-02  1.650000e-01
     vertex  8.931318e-02  6.421180e-02  1.650000e-01
     vertex  9.240285e-02  5.968009e-02  1.650000e-01
   endloop
 endfacet
 facet normal  0.000000e+00  0.000000e+00 -1.000000e+00
   outer loop
     vertex  7.874535e-02  7.680605e-02  1.650000e-01
     vertex  9.910658e-02 -4.772721e-02  1.650000e-01
     vertex  8.931318e-02 -6.421180e-02  1.650000e-01
   endloop
 endfacet
 facet normal  0.000000e+00  0.000000e+00 -1.000000e+00
   outer loop
     vertex  7.874535e-02  7.680605e-02  1.650000e-01
     vertex  1.051130e-01 -3.242307e-02  1.650000e-01
     vertex  1.033662e-01 -3.762222e-02  1.650000e-01
   endloop
 endfacet
 facet normal  0.000000e+00  0.000000e+00 -1.000000e+00
   outer loop
     vertex  7.874535e-02  7.680605e-02  1.650000e-01
     vertex  1.100000e-01 -2.694223e-17  1.650000e-01
     vertex  1.098633e-01 -5.483047e-03  1.650000e-01
   endloop
 endfacet
 facet normal  0.000000e+00  0.000000e+00 -1.000000e+00
   outer loop
     vertex  7.874535e-02  7.680605e-02  1.650000e-01
     vertex  3.503353e-02  1.042720e-01  1.650000e-01
     vertex  4.272783e-02  1.013624e-01  1.650000e-01
   endloop
 endfacet
 facet normal  0.000000e+00  0.000000e+00 -1.000000e+00
   outer loop
     vertex  7.874535e-02  7.680605e-02  1.650000e-01
     vertex  1.051130e-01  3.242307e-02  1.650000e-01
     vertex  1.087714e-01  1.639465e-02  1.650000e-01
   endloop
 endfacet
 facet normal  0.000000e+00  0.000000e+00 -1.000000e+00
   outer loop
     vertex  7.874535e-02  7.680605e-02  1.650000e-01
     vertex  9.386200e-02  5.735787e-02  1.650000e-01
     vertex  9.910658e-02  4.772721e-02  1.650000e-01
   endloop
 endfacet
 facet normal  0.000000e+00  0.000000e+00 -1.000000e+00
   outer loop
     vertex  7.874535e-02  7.680605e-02  1.650000e-01
     vertex  1.023961e-01  4.018751e-02  1.650000e-01
     vertex  1.051130e-01  3.242307e-02  1.650000e-01
   endloop
 endfacet
 facet normal  0.000000e+00  0.000000e+00 -1.000000e+00
   outer loop
     vertex  7.874535e-02  7.680605e-02  1.650000e-01
     vertex  6.421180e-02  8.931318e-02  1.650000e-01
     vertex  7.070664e-02  8.426489e-02  1.650000e-01
   endloop
 endfacet
 facet normal  0.000000e+00  0.000000e+00 -1.000000e+00
   outer loop
     vertex  7.874535e-02  7.680605e-02  1.650000e-01
     vertex  4.272783e-02  1.013624e-01  1.650000e-01
     vertex  5.260794e-02  9.660437e-02  1.650000e-01
   endloop
 endfacet
endsolid
